GEO_id2,Civilian_EST_Tot_Pop,Civilian_MOE_Tot_Pop,Civilian_Stadard_Error,Veteran_EST,Veteran_MOE,Veteran_Standard_Error
6037104404,2114,179,108.81,0,0,0
6037117405,2484,224,136.17,0,0,0
6037195804,2158,249,151.37,0,0,0
6037208902,2117,229,139.21,0,0,0
6037221900,3327,292,177.51,0,0,0
6037224020,1958,228,138.6,0,0,0
6037226420,4010,372,226.14,0,0,0
6037226700,4686,578,351.37,0,0,0
6037228410,2472,258,156.84,0,0,0
6037228420,2201,266,161.7,0,0,0
6037229410,2249,250,151.98,0,0,0
6037242100,1478,154,93.62,0,0,0
6037265301,10223,565,343.47,0,0,0
6037265305,3888,468,284.5,0,0,0
6037302201,3151,229,139.21,0,0,0
6037320000,0,12,7.29,0,0,0
6037402404,1905,246,149.54,0,0,0
6037504102,7,11,6.69,0,0,0
6037532400,45,17,10.33,0,0,0
6037533402,2837,286,173.86,0,0,0
6037533501,2241,207,125.84,0,0,0
6037533806,2488,305,185.41,0,0,0
6037535400,2058,268,162.92,0,0,0
6037541500,4184,517,314.29,0,0,0
6037575500,35,24,14.59,0,0,0
6037601900,3483,314,190.88,0,0,0
6037910811,151,99,60.18,0,0,0
6037980001,0,12,7.29,0,0,0
6037980002,0,12,7.29,0,0,0
6037980003,0,12,7.29,0,0,0
6037980004,0,12,7.29,0,0,0
6037980005,0,12,7.29,0,0,0
6037980006,0,12,7.29,0,0,0
6037980007,0,12,7.29,0,0,0
6037980008,48,40,24.32,0,0,0
6037980009,5,7,4.26,0,0,0
6037980013,0,12,7.29,0,0,0
6037980014,0,12,7.29,0,0,0
6037980018,0,12,7.29,0,0,0
6037980019,133,42,25.53,0,0,0
6037980020,0,12,7.29,0,0,0
6037980021,8,9,5.47,0,0,0
6037980022,0,12,7.29,0,0,0
6037980023,0,12,7.29,0,0,0
6037980025,0,12,7.29,0,0,0
6037980028,0,12,7.29,0,0,0
6037980030,0,12,7.29,0,0,0
6037990100,0,12,7.29,0,0,0
6037990200,0,12,7.29,0,0,0
6037990300,0,12,7.29,0,0,0
6037265304,3099,385,234.04,1,44,1.82
6037224200,1915,217,131.91,3,39,3.64
6037208302,3407,280,170.21,4,34,3.64
6037226410,2522,210,127.66,4,39,3.64
6037232800,2646,252,153.19,4,40,3.64
6037275101,1078,100,60.79,4,46,3.64
6037533002,1871,172,104.56,4,69,3.64
6037533106,1211,130,79.03,4,69,4.24
6037533202,2032,181,110.03,4,69,4.24
6037533703,3131,282,171.43,4,69,4.24
6037980026,16,13,7.9,4,212,4.24
6037212305,2313,139,84.5,5,36,4.24
6037222700,4085,470,285.71,5,38,4.85
6037226001,1649,205,124.62,5,39,4.85
6037294120,1609,170,103.34,5,47,4.85
6037401901,3928,389,236.47,5,51,4.85
6037534403,2209,166,100.91,5,70,4.85
6037574601,2180,245,148.94,5,84,4.85
6037980024,185,71,43.16,5,206,4.85
6037120103,2207,259,157.45,6,17,5.45
6037204200,2370,243,147.72,6,33,5.45
6037408202,1570,172,104.56,6,56,5.45
6037433305,3869,362,220.06,6,58,5.45
6037533902,2720,187,113.68,6,70,6.06
6037534804,2896,237,144.07,6,70,6.06
6037540101,4872,306,186.02,6,72,6.06
6037551600,31,13,7.9,6,77,6.06
6037229100,3509,298,181.16,7,39,6.67
6037239330,2042,178,108.21,7,42,6.67
6037599100,234,103,62.61,7,87,6.67
6037930101,45,21,12.77,7,155,6.67
6037120107,2413,213,129.48,8,17,6.67
6037123205,1899,169,102.74,8,18,6.67
6037192420,3486,380,231,8,30,7.27
6037192620,2828,308,187.23,8,31,7.27
6037197700,4281,331,201.22,8,32,7.27
6037208801,2596,292,177.51,8,34,7.27
6037212204,2461,203,123.4,8,35,7.27
6037532604,1943,181,110.03,8,68,7.27
6037532800,2591,239,145.29,8,69,7.27
6037533502,1479,192,116.72,8,69,7.27
6037534406,3306,287,174.47,8,70,7.27
6037535607,3367,216,131.31,8,71,7.27
6037134521,2391,240,145.9,9,24,7.27
6037191720,2735,315,191.49,9,30,7.27
6037211320,2587,367,223.1,9,35,7.27
6037232120,3858,325,197.57,9,40,7.27
6037240700,4729,361,219.45,9,42,7.27
6037433304,4026,452,274.77,9,58,7.27
6037433306,2418,230,139.82,9,58,7.27
6037535702,3781,465,282.67,9,71,7.27
6037553702,3170,323,196.35,9,78,7.27
6037573300,2999,280,170.21,9,83,7.27
6037980010,105,41,24.92,9,175,7.27
6037127805,3056,275,167.17,10,21,7.27
6037205110,2641,214,130.09,10,33,7.27
6037206032,4118,373,226.75,10,33,7.27
6037432802,3915,423,257.14,10,58,7.27
6037530902,3087,365,221.88,10,67,7.27
6037531202,3177,329,200,10,67,7.27
6037208301,1548,186,113.07,11,34,7.27
6037209103,2566,182,110.64,11,34,7.27
6037209104,1794,148,89.97,11,34,7.27
6037213320,2022,214,130.09,11,36,7.27
6037228100,3430,438,266.26,11,39,7.27
6037239701,3099,343,208.51,11,42,7.27
6037532603,2211,153,93.01,11,68,7.27
6037533103,2182,212,128.88,11,69,7.27
6037535604,3079,184,111.85,11,71,7.27
6037930200,449,116,70.52,11,158,7.27
6037205120,2443,208,126.44,12,33,7.27
6037207400,1044,290,176.29,12,34,7.27
6037209820,2082,216,131.31,12,34,7.27
6037228900,1760,191,116.11,12,39,7.27
6037530204,2982,335,203.65,12,67,7.27
6037533805,2734,240,145.9,12,69,7.27
6037980033,12,19,11.55,12,268,7.27
6037109500,3543,412,250.46,13,12,7.27
6037195903,1969,147,89.36,13,32,7.27
6037199800,4129,334,203.04,13,32,7.27
6037221602,2103,183,111.25,13,38,7.27
6037227010,3359,392,238.3,13,39,7.27
6037269907,2639,200,121.58,13,45,7.27
6037531102,2408,221,134.35,13,67,7.27
6037542000,3544,407,247.42,13,73,7.27
6037104401,2678,290,176.29,14,10,7.27
6037203300,1251,184,111.85,14,33,7.88
6037224010,1957,198,120.36,14,38,7.88
6037404701,4239,367,223.1,14,53,7.88
6037533203,1397,146,88.75,14,69,7.88
6037535200,4383,448,272.34,14,71,7.88
6037542105,3301,320,194.53,14,73,7.88
6037104500,2317,312,189.67,15,10,7.88
6037191204,1815,158,96.05,15,30,7.88
6037211202,2039,195,118.54,15,35,7.88
6037237102,2256,204,124.01,15,41,7.88
6037241400,2519,274,166.57,15,42,7.88
6037531503,1864,202,122.8,15,67,7.88
6037533105,1770,244,148.33,15,69,8.48
6037534802,2285,256,155.62,15,70,8.48
6037920303,1334,133,80.85,15,146,8.48
6037104703,1499,204,124.01,16,11,8.48
6037104821,2509,196,119.15,16,12,8.48
6037123204,2401,196,119.15,16,18,8.48
6037185320,2357,230,139.82,16,28,8.48
6037189905,2118,193,117.33,16,29,8.48
6037192510,3020,271,164.74,16,31,8.48
6037221110,2855,373,226.75,16,38,8.48
6037228310,3182,246,149.54,16,39,8.48
6037240010,2524,295,179.33,16,42,8.48
6037434003,3441,361,219.45,16,59,9.09
6037530700,1757,151,91.79,16,67,9.09
6037533104,2868,364,221.28,16,69,9.09
6037534102,4363,303,184.19,16,70,9.09
6037542601,2002,187,113.68,16,74,9.09
6037910403,1228,127,77.2,16,121,9.09
6037117407,2458,194,117.93,17,15,9.09
6037191203,2150,173,105.17,17,30,9.09
6037213202,3081,241,146.5,17,36,9.09
6037239202,3676,419,254.71,17,42,9.09
6037265410,1169,128,77.81,17,44,9.09
6037402501,3950,323,196.35,17,52,9.09
6037533401,3902,261,158.66,17,69,9.09
6037534301,3162,262,159.27,17,70,9.7
6037535501,2653,204,124.01,17,71,9.7
6037543202,3349,397,241.34,17,74,9.7
6037104822,1957,237,144.07,18,12,9.7
6037117520,2797,248,150.76,18,16,9.7
6037191301,2115,191,116.11,18,30,9.7
6037212202,2810,237,144.07,18,35,9.7
6037214400,2654,204,124.01,18,36,9.7
6037224320,2412,245,148.94,18,39,9.7
6037224700,6392,457,277.81,18,39,9.7
6037231900,3717,405,246.2,18,40,9.7
6037239501,2698,223,135.56,18,42,9.7
6037294830,2558,182,110.64,18,47,9.7
6037434004,2078,241,146.5,18,59,9.7
6037541400,4911,603,366.57,18,73,9.7
6037575300,3286,326,198.18,18,84,9.7
6037183402,2544,271,164.74,19,28,9.7
6037191810,2975,379,230.4,19,30,10.3
6037203710,2528,232,141.03,19,33,10.3
6037237500,2005,210,127.66,19,41,10.3
6037241110,2311,252,153.19,19,42,10.3
6037533201,1999,165,100.3,19,69,10.3
6037533702,2670,205,124.62,19,69,10.3
6037534405,2713,201,122.19,19,70,10.3
6037540502,4301,408,248.02,19,72,10.3
6037542106,2425,251,152.58,19,73,10.3
6037553701,2901,213,129.48,19,78,10.3
6037119342,2221,143,86.93,20,16,10.3
6037134001,2895,299,181.76,20,24,10.3
6037186301,2350,234,142.25,20,28,10.3
6037204700,3894,436,265.05,20,33,10.3
6037241300,1855,225,136.78,20,42,10.3
6037433504,3427,424,257.75,20,59,10.3
6037533403,2187,177,107.6,20,69,10.3
6037186401,2616,225,136.78,21,28,10.3
6037191610,3292,334,203.04,21,30,10.3
6037201503,2346,177,107.6,21,33,10.3
6037211310,3419,390,237.08,21,35,10.3
6037232110,2154,211,128.27,21,40,10.91
6037239801,2166,259,157.45,21,42,10.91
6037531302,4864,544,330.7,21,67,10.91
6037533300,2241,194,117.93,21,69,10.91
6037534001,3595,295,179.33,21,70,10.91
6037535503,1764,163,99.09,21,71,10.91
6037535605,3327,327,198.78,21,71,10.91
6037134305,3161,267,162.31,22,24,10.91
6037204110,2418,301,182.98,22,33,10.91
6037204810,3815,388,235.87,22,33,10.91
6037208502,2843,224,136.17,22,34,10.91
6037211704,2489,177,107.6,22,35,10.91
6037213201,3442,295,179.33,22,36,10.91
6037240600,4140,438,266.26,22,42,10.91
6037462202,2352,337,204.86,22,60,10.91
6037481714,2302,204,124.01,22,62,10.91
6037534203,2398,180,109.42,22,70,10.91
6037104610,2613,225,136.78,23,11,11.52
6037121222,3769,342,207.9,23,17,11.52
6037197420,3020,281,170.82,23,32,11.52
6037208501,1810,196,119.15,23,34,11.52
6037224420,1940,210,127.66,23,39,11.52
6037533503,1527,131,79.64,23,69,11.52
6037540400,1652,177,107.6,23,72,11.52
6037540901,3488,347,210.94,23,72,11.52
6037553801,3145,310,188.45,23,78,11.52
6037106408,2440,214,130.09,24,12,11.52
6037120030,1833,198,120.36,24,17,11.52
6037195720,1892,192,116.72,24,31,11.52
6037210010,2862,305,185.41,24,34,11.52
6037224310,1419,141,85.71,24,39,12.12
6037228720,3126,291,176.9,24,39,12.12
6037231710,2751,306,186.02,24,40,12.12
6037242600,3028,348,211.55,24,43,12.12
6037530901,2695,227,137.99,24,67,12.12
6037531101,3507,345,209.73,24,67,12.12
6037535603,2565,190,115.5,24,71,12.12
6037573401,976,99,60.18,24,83,12.12
6037601501,2831,284,172.64,24,89,12.12
6037190802,2541,249,151.37,25,29,12.12
6037211922,2685,263,159.88,25,35,12.12
6037433503,2257,236,143.47,25,59,12.12
6037531604,2701,245,148.94,25,67,12.12
6037532700,2234,239,145.29,25,68,12.12
6037600912,4201,407,247.42,25,88,12.12
6037119340,2447,189,114.89,26,16,12.12
6037124103,1584,178,108.21,26,19,12.12
6037186404,2170,155,94.22,26,28,12.12
6037187200,2366,207,125.84,26,28,12.12
6037190100,4439,450,273.56,26,29,12.12
6037191620,2382,281,170.82,26,30,12.12
6037209403,2887,283,172.04,26,34,12.12
6037221820,2380,382,232.22,26,38,12.73
6037224410,2844,368,223.71,26,39,12.73
6037239320,2894,278,169,26,42,12.73
6037240200,3685,378,229.79,26,42,12.73
6037405002,2395,201,122.19,26,53,12.73
6037533701,2218,280,170.21,26,69,12.73
6037534302,2420,165,100.3,26,70,12.73
6037534404,2543,178,108.21,26,70,12.73
6037535102,3368,401,243.77,26,70,12.73
6037702501,3856,307,186.63,26,105,12.73
6037120104,1774,200,121.58,27,17,12.73
6037189904,2375,240,145.9,27,29,12.73
6037209200,3412,290,176.29,27,34,12.73
6037212102,1995,184,111.85,27,35,12.73
6037221710,2152,178,108.21,27,38,12.73
6037265303,4669,479,291.19,27,44,12.73
6037271200,2357,230,139.82,27,45,12.73
6037273600,1938,139,84.5,27,46,12.73
6037433302,1176,133,80.85,27,58,12.73
6037433403,3358,329,200,27,59,12.73
6037481713,2478,238,144.68,27,62,13.33
6037531602,3647,374,227.36,27,67,13.33
6037533107,2474,193,117.33,27,69,13.33
6037540201,1361,153,93.01,27,72,13.33
6037800331,576,95,57.75,27,108,13.33
6037123420,3298,305,185.41,28,19,13.33
6037199900,1991,166,100.91,28,32,13.33
6037204410,1433,169,102.74,28,33,13.33
6037211410,2275,331,201.22,28,35,13.33
6037211804,2769,274,166.57,28,35,13.33
6037212800,3158,236,143.47,28,36,13.33
6037226002,1563,145,88.15,28,39,13.33
6037239201,2646,291,176.9,28,41,13.33
6037433501,1364,232,141.03,28,59,13.33
6037533601,3241,297,180.55,28,69,13.33
6037534002,3228,294,178.72,28,70,13.33
6037553503,2088,161,97.87,28,78,13.33
6037920011,266,68,41.34,28,127,13.33
6037120020,3049,301,182.98,29,16,13.33
6037208402,2380,254,154.41,29,34,13.33
6037277400,1152,176,106.99,29,46,13.94
6037302004,3700,302,183.59,29,49,13.94
6037302202,4353,275,167.17,29,49,13.94
6037531701,4086,348,211.55,29,67,13.94
6037532500,2952,268,162.92,29,68,13.94
6037185203,2769,240,145.9,30,28,13.94
6037204920,1918,181,110.03,30,33,13.94
6037212303,2726,284,172.64,30,36,13.94
6037214800,2698,242,147.11,30,36,13.94
6037218600,2563,366,222.49,30,37,13.94
6037231210,2544,303,184.19,30,40,13.94
6037231220,3333,414,251.67,30,40,13.94
6037267501,5902,613,372.64,30,44,13.94
6037267502,2948,322,195.74,30,44,13.94
6037404803,1308,155,94.22,30,53,13.94
6037482503,3469,312,189.67,30,63,14.55
6037533001,2985,301,182.98,30,69,14.55
6037534202,3783,427,259.57,30,70,14.55
6037535502,3773,319,193.92,30,71,14.55
6037570203,2714,293,178.12,30,80,14.55
6037575202,3184,271,164.74,30,84,14.55
6037123203,2721,252,153.19,31,18,14.55
6037183520,2833,299,181.76,31,28,14.55
6037188202,2099,151,91.79,31,29,14.55
6037212304,1427,149,90.58,31,36,14.55
6037221220,2897,229,139.21,31,38,14.55
6037221810,2300,229,139.21,31,38,14.55
6037228220,2919,210,127.66,31,39,14.55
6037238320,2455,206,125.23,31,41,14.55
6037242200,4322,426,258.97,31,43,14.55
6037291120,1735,173,105.17,31,46,14.55
6037301502,5626,451,274.16,31,49,14.55
6037600602,1786,180,109.42,31,87,14.55
6037910101,1245,112,68.09,31,118,14.55
6037124105,2068,148,89.97,32,20,14.55
6037190401,2871,215,130.7,32,29,14.55
6037227020,2494,235,142.86,32,39,15.15
6037228320,2160,252,153.19,32,39,15.15
6037310501,3207,342,207.9,32,49,15.15
6037404302,1737,187,113.68,32,53,15.15
6037482303,4705,529,321.58,32,63,15.15
6037531603,2246,200,121.58,32,67,15.15
6037534900,4422,489,297.26,32,70,15.15
6037535001,3040,259,157.45,32,70,15.15
6037106648,3051,208,126.44,33,12,15.15
6037122200,2868,308,187.23,33,18,15.15
6037213402,3406,371,225.53,33,36,15.15
6037217001,2081,174,105.78,33,37,15.15
6037219010,2474,198,120.36,33,38,15.15
6037301501,1660,143,86.93,33,49,15.15
6037534700,3625,269,163.53,33,70,15.15
6037535002,2563,218,132.52,33,70,15.15
6037535803,3344,222,134.95,33,71,15.15
6037542104,2364,255,155.02,33,73,15.15
6037570403,3293,273,165.96,33,81,15.15
6037601802,2869,228,138.6,33,89,15.15
6037104701,2761,246,149.54,34,11,15.15
6037187102,2679,255,155.02,34,28,15.15
6037197600,2001,178,108.21,34,32,15.15
6037204910,2552,227,137.99,34,33,15.15
6037207103,1927,212,128.88,34,34,15.76
6037208904,2992,364,221.28,34,34,15.76
6037209300,3527,331,201.22,34,34,15.76
6037237710,2656,318,193.31,34,41,15.76
6037267700,2863,252,153.19,34,44,15.76
6037482304,2829,237,144.07,34,63,15.76
6037532102,3048,235,142.86,34,68,15.76
6037534201,3034,215,130.7,34,70,15.76
6037601801,2425,195,118.54,34,89,15.76
6037104403,2535,281,170.82,35,10,15.76
6037115103,3397,294,178.72,35,14,15.76
6037117510,2581,260,158.05,35,15,15.76
6037127603,1970,180,109.42,35,21,15.76
6037194402,3481,297,180.55,35,31,15.76
6037195600,2791,259,157.45,35,31,15.76
6037209520,1961,207,125.84,35,34,15.76
6037211701,2288,225,136.78,35,35,15.76
6037212420,2749,336,204.26,35,36,15.76
6037218300,4161,425,258.36,35,37,15.76
6037219902,2932,321,195.14,35,38,15.76
6037224600,2453,211,128.27,35,39,15.76
6037229420,3134,248,150.76,35,40,15.76
6037239310,2834,285,173.25,35,42,15.76
6037272202,3140,227,137.99,35,45,15.76
6037294810,2753,221,134.35,35,47,15.76
6037301802,3350,266,161.7,35,49,15.76
6037302503,3461,270,164.13,35,49,15.76
6037402706,3178,261,158.66,35,52,16.36
6037536104,2958,179,108.81,35,71,16.36
6037575801,1508,158,96.05,35,85,16.36
6037800330,788,69,41.95,35,108,16.36
6037980015,419,93,56.53,35,182,16.36
6037127806,2370,261,158.66,36,21,16.36
6037195803,2405,243,147.72,36,31,16.36
6037201200,1908,169,102.74,36,32,16.36
6037206010,2795,379,230.4,36,33,16.36
6037211121,1776,173,105.17,36,35,16.36
6037211802,3560,351,213.37,36,35,16.36
6037215101,2703,272,165.35,36,36,16.36
6037222600,4535,428,260.18,36,38,16.36
6037228210,2768,244,148.33,36,39,16.36
6037267600,2273,254,154.41,36,44,16.36
6037310701,2070,177,107.6,36,50,16.36
6037532001,2331,308,187.23,36,68,16.36
6037104620,2543,215,130.7,37,11,16.36
6037107010,2314,205,124.62,37,12,16.36
6037120106,3060,282,171.43,37,17,16.36
6037121020,2958,238,144.68,37,17,16.36
6037123902,2223,192,116.72,37,19,16.36
6037124102,3108,303,184.19,37,19,16.36
6037134520,4473,295,179.33,37,24,16.97
6037187101,2752,304,184.8,37,28,16.97
6037189800,3640,298,181.16,37,29,16.97
6037209510,2190,199,120.97,37,34,16.97
6037212203,2389,236,143.47,37,35,16.97
6037240401,3739,430,261.4,37,42,16.97
6037408501,2531,180,109.42,37,56,16.97
6037501804,1486,128,77.81,37,64,16.97
6037533602,3863,358,217.63,37,69,16.97
6037534501,3949,333,202.43,37,70,16.97
6037554103,1261,187,113.68,37,78,16.97
6037570404,2429,175,106.38,37,81,16.97
6037575402,2736,204,124.01,37,84,16.97
6037601700,3825,433,263.22,37,89,16.97
6037185310,2457,320,194.53,38,28,16.97
6037187300,2843,266,161.7,38,28,16.97
6037189102,2822,173,105.17,38,29,16.97
6037194401,2293,242,147.11,38,31,16.97
6037195902,1695,153,93.01,38,32,16.97
6037203600,3728,374,227.36,38,33,16.97
6037209810,2140,236,143.47,38,34,16.97
6037211420,2877,267,162.31,38,35,16.97
6037213310,3050,336,204.26,38,36,16.97
6037243000,4557,571,347.11,38,43,16.97
6037294620,3449,298,181.16,38,47,16.97
6037403407,1704,178,108.21,38,53,16.97
6037404600,1016,101,61.4,38,53,16.97
6037460401,663,60,36.47,38,59,16.97
6037531502,2393,223,135.56,38,67,16.97
6037533901,4253,224,136.17,38,69,16.97
6037535606,1398,213,129.48,38,71,17.58
6037910812,263,71,43.16,38,126,17.58
6037120010,2039,170,103.34,39,16,17.58
6037124204,2155,270,164.13,39,20,17.58
6037219800,2270,183,111.25,39,38,17.58
6037402801,3069,241,146.5,39,52,17.58
6037541606,1720,176,106.99,39,73,17.58
6037542402,2340,222,134.95,39,73,17.58
6037554801,2370,223,135.56,39,80,17.58
6037601600,2946,293,178.12,39,89,17.58
6037900102,528,118,71.73,39,109,17.58
6037122122,1890,204,124.01,40,18,17.58
6037209402,2906,279,169.6,40,34,17.58
6037402804,2829,186,113.07,40,52,17.58
6037462302,2852,263,159.88,40,60,17.58
6037601202,2916,282,171.43,40,88,17.58
6037119341,2352,170,103.34,41,16,17.58
6037183221,2510,259,157.45,41,27,17.58
6037194500,1670,135,82.07,41,31,17.58
6037203500,2214,200,121.58,41,33,17.58
6037209401,2949,313,190.27,41,34,17.58
6037214700,2290,200,121.58,41,36,17.58
6037214902,2601,256,155.62,41,36,17.58
6037239602,2516,223,135.56,41,42,17.58
6037273300,2652,238,144.68,41,45,17.58
6037433401,2255,255,155.02,41,59,17.58
6037433901,4127,441,268.09,41,59,17.58
6037531301,3686,318,193.31,41,67,17.58
6037542103,2765,255,155.02,41,73,17.58
6037188100,3524,303,184.19,42,28,17.58
6037195901,1894,152,92.4,42,32,17.58
6037221120,2432,231,140.43,42,38,17.58
6037222100,3182,343,208.51,42,38,18.18
6037267200,5399,547,332.52,42,44,18.18
6037294610,3111,246,149.54,42,47,18.18
6037294701,2192,189,114.89,42,47,18.18
6037302104,3347,292,177.51,42,49,18.18
6037433101,1881,207,125.84,42,58,18.18
6037530601,2280,221,134.35,42,67,18.18
6037541603,2266,217,131.91,42,73,18.18
6037554203,2946,290,176.29,42,79,18.18
6037231800,3403,337,204.86,43,40,18.18
6037294520,2493,159,96.66,43,47,18.18
6037530802,2594,235,142.86,43,67,18.18
6037534101,1535,157,95.44,43,70,18.18
6037571600,1231,87,52.89,43,82,18.18
6037910714,2658,193,117.33,43,124,18.18
6037930301,798,196,119.15,43,161,18.18
6037117404,3630,315,191.49,44,15,18.18
6037122420,3240,275,167.17,44,18,18.18
6037123206,2135,132,80.24,44,18,18.18
6037123601,4204,286,173.86,44,19,18.18
6037124104,2084,170,103.34,44,20,18.18
6037128210,3619,282,171.43,44,22,18.18
6037128220,2465,280,170.21,44,22,18.18
6037191302,1887,177,107.6,44,30,18.79
6037191710,2239,202,122.8,44,30,18.79
6037203100,3105,260,158.05,44,33,18.79
6037214501,2330,158,96.05,44,36,18.79
6037219901,3374,286,173.86,44,38,18.79
6037271702,3434,269,163.53,44,45,18.79
6037301801,3996,298,181.16,44,49,18.79
6037481712,4820,414,251.67,44,62,18.79
6037127520,3170,289,175.68,45,21,18.79
6037192002,2402,264,160.49,45,30,18.79
6037195802,2259,204,124.01,45,31,18.79
6037208620,3455,277,168.39,45,34,18.79
6037211201,2362,272,165.35,45,35,18.79
6037221601,2299,249,151.37,45,38,18.79
6037237101,2710,239,145.29,45,41,18.79
6037237720,2160,295,179.33,45,41,18.79
6037240800,3232,328,199.39,45,42,18.79
6037296210,2272,339,206.08,45,47,18.79
6037402702,4067,332,201.82,45,52,18.79
6037405701,2874,310,188.45,45,54,18.79
6037204820,1639,203,123.4,46,33,18.79
6037211803,3066,314,190.88,46,35,18.79
6037221303,2218,183,111.25,46,38,18.79
6037229300,3662,295,179.33,46,39,19.39
6037239702,2864,279,169.6,46,42,19.39
6037402803,2167,167,101.52,46,52,19.39
6037500500,2266,245,148.94,46,64,19.39
6037502004,3094,227,137.99,46,65,19.39
6037535701,4396,373,226.75,46,71,19.39
6037620201,1376,119,72.34,46,93,19.39
6037203900,2266,247,150.15,47,33,19.39
6037212410,3704,309,187.84,47,36,19.39
6037240300,3393,447,271.73,47,42,19.39
6037541604,4199,364,221.28,47,73,19.39
6037920023,2110,171,103.95,47,130,19.39
6037108104,1482,171,103.95,48,12,19.39
6037134905,3636,302,183.59,48,25,19.39
6037228600,3245,357,217.02,48,39,19.39
6037277200,1988,201,122.19,48,46,19.39
6037404503,2206,214,130.09,48,53,19.39
6037408301,4404,436,265.05,48,56,19.39
6037430802,3514,418,254.1,48,57,19.39
6037433902,2520,241,146.5,48,59,19.39
6037461700,1304,85,51.67,48,60,19.39
6037540202,4689,354,215.2,48,72,19.39
6037541802,3925,388,235.87,48,73,19.39
6037920026,359,195,118.54,48,130,19.39
6037104201,3641,338,205.47,49,9,19.39
6037108101,1997,148,89.97,49,12,19.39
6037127103,2319,271,164.74,49,21,20
6037127604,2482,234,142.25,49,21,20
6037143902,2493,178,108.21,49,27,20
6037195500,4445,384,233.43,49,31,20
6037197500,3178,248,150.76,49,32,20
6037204300,3466,345,209.73,49,33,20
6037216401,3799,442,268.69,49,37,20
6037302505,3392,253,153.8,49,49,20
6037480903,2453,196,119.15,49,62,20
6037554101,2629,319,193.92,49,78,20
6037113235,1422,130,79.03,50,13,20
6037190202,3237,320,194.53,50,29,20
6037191110,3557,506,307.6,50,30,20
6037201401,3679,305,185.41,50,32,20
6037222500,3798,357,217.02,50,38,20
6037300702,4162,367,223.1,50,48,20
6037403200,643,436,265.05,50,52,20
6037404901,4517,347,210.94,50,53,20
6037405201,3718,344,209.12,50,54,20
6037430200,1004,115,69.91,50,57,20
6037501001,2650,311,189.06,50,64,20
6037540501,5354,385,234.04,50,72,20
6037552400,1870,183,111.25,50,77,20
6037670406,1541,111,67.48,50,99,20
6037123303,2502,199,120.97,51,18,20
6037127220,3690,235,142.86,51,21,20
6037199000,4166,473,287.54,51,32,20
6037208720,3409,317,192.71,51,34,20
6037212101,2725,288,175.08,51,35,20
6037228710,2590,241,146.5,51,39,20
6037243100,3864,390,237.08,51,43,20
6037302002,3201,292,177.51,51,49,20
6037402303,2866,256,155.62,51,51,20
6037404703,2374,197,119.76,51,53,20
6037433402,3413,428,260.18,51,59,20
6037481102,3149,276,167.78,51,62,20
6037481201,3004,233,141.64,51,62,20.61
6037502003,1996,154,93.62,51,65,20.61
6037535804,3909,348,211.55,51,71,20.61
6037543905,3302,254,154.41,51,75,20.61
6037602509,3154,260,158.05,51,91,20.61
6037602801,2786,249,151.37,51,91,20.61
6037115404,2368,161,97.87,52,15,20.61
6037121900,3090,248,150.76,52,17,20.61
6037127605,3069,365,221.88,52,21,20.61
6037208000,5977,537,326.44,52,34,20.61
6037212502,2449,250,151.98,52,36,20.61
6037228800,3481,328,199.39,52,39,20.61
6037239802,3699,310,188.45,52,42,20.61
6037264103,2456,195,118.54,52,43,20.61
6037269800,2694,175,106.38,52,45,20.61
6037269905,2258,198,120.36,52,45,20.61
6037294820,2429,197,119.76,52,47,20.61
6037301206,4401,311,189.06,52,49,20.61
6037301400,3144,325,197.57,52,49,20.61
6037302003,3355,254,154.41,52,49,20.61
6037535902,5262,438,266.26,52,71,20.61
6037600303,2874,307,186.63,52,87,20.61
6037120105,2111,173,105.17,53,17,20.61
6037121221,1936,184,111.85,53,17,20.61
6037123103,3091,255,155.02,53,18,20.61
6037128101,2942,255,155.02,53,21,20.61
6037139504,3539,231,140.43,53,26,20.61
6037191820,2634,342,207.9,53,30,20.61
6037192520,3653,273,165.96,53,31,20.61
6037199400,3560,411,249.85,53,32,20.61
6037237201,2786,372,226.14,53,41,20.61
6037241001,3176,452,274.77,53,42,20.61
6037265420,1503,113,68.69,53,44,20.61
6037267404,2881,343,208.51,53,44,20.61
6037461400,2637,262,159.27,53,60,20.61
6037481606,4101,310,188.45,53,62,20.61
6037502302,2298,201,122.19,53,65,20.61
6037531901,4588,446,271.12,53,67,20.61
6037576401,3645,435,264.44,53,85,20.61
6037601301,1487,148,89.97,53,88,21.21
6037183620,2320,182,110.64,54,28,21.21
6037190801,2373,479,291.19,54,29,21.21
6037208710,3828,245,148.94,54,34,21.21
6037214901,2886,308,187.23,54,36,21.21
6037221304,2847,364,221.28,54,38,21.21
6037242300,3210,496,301.52,54,43,21.21
6037267402,4591,305,185.41,54,44,21.21
6037267800,2174,202,122.8,54,44,21.21
6037292000,4612,368,223.71,54,47,21.21
6037408630,1947,189,114.89,54,56,21.21
6037431900,3504,294,178.72,54,58,21.21
6037481300,2828,212,128.88,54,62,21.21
6037482502,2672,227,137.99,54,63,21.21
6037536000,2668,167,101.52,54,71,21.21
6037603006,1521,147,89.36,54,91,21.21
6037119320,3512,330,200.61,55,16,21.21
6037124300,2858,328,199.39,55,20,21.21
6037128302,3562,293,178.12,55,22,21.21
6037128303,2621,290,176.29,55,22,21.21
6037204420,2216,213,129.48,55,33,21.21
6037204600,2951,324,196.96,55,33,21.21
6037207101,3289,247,150.15,55,34,21.21
6037234200,2001,140,85.11,55,40,21.21
6037402304,3013,254,154.41,55,51,21.21
6037535300,4177,342,207.9,55,71,21.82
6037543601,2878,240,145.9,55,75,21.82
6037554104,1764,159,96.66,55,78,21.82
6037920119,1367,65,39.51,55,145,21.82
6037123301,3605,331,201.22,56,18,21.82
6037199700,2476,202,122.8,56,32,21.82
6037241201,2290,235,142.86,56,42,21.82
6037297120,2529,337,204.86,56,48,21.82
6037432602,3730,480,291.79,56,58,21.82
6037482401,3073,296,179.94,56,63,21.82
6037531000,3732,371,225.53,56,67,21.82
6037531201,3973,379,230.4,56,67,21.82
6037532002,2513,200,121.58,56,68,21.82
6037540700,2400,259,157.45,56,72,21.82
6037572400,969,279,169.6,56,83,21.82
6037575102,2925,274,166.57,56,84,21.82
6037604001,3468,334,203.04,56,92,21.82
6037621002,823,113,68.69,56,94,21.82
6037122121,2127,174,105.78,57,18,21.82
6037123520,2011,177,107.6,57,19,21.82
6037186202,1674,159,96.66,57,28,21.82
6037199120,3216,285,173.25,57,32,21.82
6037201120,2816,212,128.88,57,32,21.82
6037213100,2372,211,128.27,57,36,21.82
6037222002,3456,442,268.69,57,38,21.82
6037231100,2637,489,297.26,57,40,21.82
6037301300,1536,102,62.01,57,49,21.82
6037310601,5182,350,212.77,57,50,21.82
6037406902,3006,266,161.7,57,55,21.82
6037408141,3962,457,277.81,57,56,21.82
6037480304,3719,255,155.02,57,61,21.82
6037540300,3789,344,209.12,57,72,21.82
6037542700,4174,385,234.04,57,74,21.82
6037551201,2764,211,128.27,57,76,21.82
6037554201,3183,253,153.8,57,78,21.82
6037189903,2107,177,107.6,58,29,21.82
6037207102,2207,186,113.07,58,34,22.42
6037211910,3650,341,207.29,58,35,22.42
6037221302,4180,417,253.5,58,38,22.42
6037294900,2459,193,117.33,58,47,22.42
6037404401,2878,209,127.05,58,53,22.42
6037433602,2310,188,114.29,58,59,22.42
6037481402,6159,518,314.89,58,62,22.42
6037531800,3914,407,247.42,58,67,22.42
6037550400,1094,98,59.57,58,76,22.42
6037123020,2697,229,139.21,59,18,22.42
6037190520,3257,204,124.01,59,29,22.42
6037201504,1771,189,114.89,59,33,22.42
6037231720,3680,342,207.9,59,40,22.42
6037239601,2383,294,178.72,59,42,22.42
6037293307,2052,176,106.99,59,47,22.42
6037555102,5121,384,233.43,59,80,22.42
6037920336,4485,390,237.08,59,154,22.42
6037125310,4336,412,250.46,60,20,22.42
6037125600,2104,190,115.5,60,20,22.42
6037188300,3101,317,192.71,60,29,22.42
6037191902,2144,236,143.47,60,30,22.42
6037192001,2172,207,125.84,60,30,23.03
6037204120,2142,227,137.99,60,33,23.03
6037212610,3477,352,213.98,60,36,23.03
6037222200,2780,282,171.43,60,38,23.03
6037240500,4268,423,257.14,60,42,23.03
6037296500,2940,430,261.4,60,47,23.03
6037302302,4464,353,214.59,60,49,23.03
6037403405,1355,84,51.06,60,53,23.03
6037500402,3382,398,241.95,60,64,23.03
6037535101,5444,423,257.14,60,70,23.03
6037600304,2270,170,103.34,60,87,23.03
6037101210,4612,413,251.06,61,6,23.03
6037115302,3150,233,141.64,61,14,23.03
6037117530,4683,375,227.96,61,16,23.03
6037121101,2307,213,129.48,61,17,23.03
6037127803,3246,306,186.02,61,21,23.03
6037189702,1832,183,111.25,61,29,23.03
6037215102,2920,318,193.31,61,36,23.03
6037229200,3346,399,242.55,61,39,23.03
6037269903,3298,304,184.8,61,45,23.03
6037273502,2663,178,108.21,61,46,23.03
6037276500,5154,303,184.19,61,46,23.03
6037302103,5007,349,212.16,61,49,23.03
6037432401,2906,296,179.94,61,58,23.03
6037481103,4057,333,202.43,61,62,23.03
6037532302,3520,248,150.76,61,68,23.03
6037532606,3365,292,177.51,61,68,23.03
6037541001,852,135,82.07,61,72,23.03
6037551102,3979,422,256.53,61,76,23.03
6037620904,2207,270,164.13,61,94,23.03
6037117102,2210,173,105.17,62,15,23.03
6037141304,2387,195,118.54,62,26,23.03
6037190901,3671,353,214.59,62,29,23.03
6037262301,2362,239,145.29,62,43,23.03
6037269700,3277,283,172.04,62,45,23.64
6037433307,2433,163,99.09,62,59,23.64
6037534502,3525,316,192.1,62,70,23.64
6037534803,3418,321,195.14,62,70,23.64
6037553300,2779,352,213.98,62,77,23.64
6037601502,2635,257,156.23,62,89,23.64
6037800410,3653,295,179.33,62,109,23.64
6037920012,872,89,54.1,62,127,23.64
6037119201,3024,255,155.02,63,16,23.64
6037124203,2322,185,112.46,63,20,23.64
6037139402,2020,157,95.44,63,26,23.64
6037208903,3406,466,283.28,63,34,23.64
6037218702,1656,156,94.83,63,37,23.64
6037404902,3214,228,138.6,63,53,23.64
6037404903,2054,177,107.6,63,53,23.64
6037407601,3168,294,178.72,63,55,23.64
6037463000,1810,161,97.87,63,60,23.64
6037481401,5424,356,216.41,63,62,23.64
6037482301,3726,322,195.74,63,63,23.64
6037502602,3494,296,179.94,63,65,23.64
6037530101,4201,345,209.73,63,66,23.64
6037530301,1535,157,95.44,63,67,23.64
6037533804,3401,252,153.19,63,69,23.64
6037551501,3502,303,184.19,63,77,23.64
6037573002,2781,297,180.55,63,83,23.64
6037575201,3208,257,156.23,63,84,23.64
6037576904,2676,277,168.39,63,86,24.24
6037104810,4302,507,308.21,64,11,24.24
6037139502,2534,285,173.25,64,26,24.24
6037190510,3776,279,169.6,64,29,24.24
6037212306,2383,224,136.17,64,36,24.24
6037239502,2538,252,153.19,64,42,24.24
6037265201,2452,359,218.24,64,44,24.24
6037302504,3440,238,144.68,64,49,24.24
6037404501,1838,183,111.25,64,53,24.24
6037432801,2206,219,133.13,64,58,24.24
6037433102,3685,404,245.59,64,58,24.24
6037480303,3089,238,144.68,64,61,24.24
6037554302,2990,287,174.47,64,79,24.24
6037574700,143,123,74.77,64,84,24.24
6037701202,2881,187,113.68,64,101,24.24
6037920033,536,218,132.52,64,133,24.24
6037183810,3291,261,158.66,65,28,24.24
6037214100,2958,197,119.76,65,36,24.24
6037216402,2552,240,145.9,65,37,24.24
6037242700,3809,377,229.18,65,43,24.24
6037271100,1998,179,108.81,65,45,24.24
6037408706,1528,234,142.25,65,57,24.24
6037503000,3795,402,244.38,65,65,24.24
6037553601,3390,358,217.63,65,78,24.24
6037125401,4126,323,196.35,66,20,24.24
6037143500,3848,246,149.54,66,27,24.24
6037194300,3019,512,311.25,66,31,24.24
6037212701,2089,188,114.29,66,36,24.24
6037213401,3925,336,204.26,66,36,24.24
6037237202,3394,365,221.88,66,41,24.24
6037262302,2254,242,147.11,66,43,24.24
6037294421,2169,178,108.21,66,47,24.24
6037408138,4068,473,287.54,66,56,24.24
6037531702,3515,312,189.67,66,67,24.24
6037573201,3407,321,195.14,66,83,24.24
6037603004,1267,136,82.67,66,91,24.85
6037113233,6011,564,342.86,67,13,24.85
6037117408,2255,198,120.36,67,15,24.85
6037122410,2571,282,171.43,67,18,24.85
6037127712,2387,211,128.27,67,21,24.85
6037212620,3472,259,157.45,67,36,24.85
6037218120,3882,381,231.61,67,37,24.85
6037269500,2764,204,124.01,67,45,24.85
6037269601,2666,247,150.15,67,45,24.85
6037408004,1831,179,108.81,67,55,24.85
6037463102,2999,392,238.3,67,60,24.85
6037532303,3593,238,144.68,67,68,24.85
6037535901,3923,302,183.59,67,71,24.85
6037106114,4349,340,206.69,68,12,24.85
6037183610,2626,280,170.21,68,28,24.85
6037195710,3505,490,297.87,68,31,24.85
6037232600,4441,423,257.14,68,40,24.85
6037269906,2573,189,114.89,68,45,24.85
6037301701,2543,189,114.89,68,49,24.85
6037403500,1529,144,87.54,68,53,24.85
6037481202,4769,455,276.6,68,62,24.85
6037530500,3209,394,239.51,68,67,24.85
6037532605,2828,356,216.41,68,68,24.85
6037543702,5485,401,243.77,68,75,24.85
6037551101,2799,232,141.03,68,76,24.85
6037571703,2520,300,182.37,68,82,25.45
6037602002,2200,194,117.93,68,90,25.45
6037104310,3779,413,251.06,69,9,25.45
6037117101,4065,317,192.71,69,15,25.45
6037269602,2537,252,153.19,69,45,25.45
6037272301,2739,268,162.92,69,45,25.45
6037406411,1695,135,82.07,69,54,25.45
6037500300,2619,177,107.6,69,64,25.45
6037530602,1180,141,85.71,69,67,25.45
6037531504,2980,315,191.49,69,67,25.45
6037541700,4686,350,212.77,69,73,25.45
6037555212,3196,328,199.39,69,80,25.45
6037576302,3067,354,215.2,69,85,25.45
6037124902,2320,214,130.09,70,20,25.45
6037191410,3711,360,218.84,70,30,25.45
6037201602,2351,261,158.66,70,33,25.45
6037203720,2941,373,226.75,70,33,25.45
6037208802,2743,272,165.35,70,34,25.45
6037432201,3747,323,196.35,70,58,25.45
6037433200,4774,411,249.85,70,58,25.45
6037502902,2999,216,131.31,70,65,25.45
6037194101,3029,291,176.9,71,31,25.45
6037203200,3540,292,177.51,71,33,25.45
6037206050,1750,141,85.71,71,33,25.45
6037207900,4518,445,270.52,71,34,25.45
6037216200,4981,523,317.93,71,36,25.45
6037221210,2465,190,115.5,71,38,25.45
6037234901,1853,213,129.48,71,40,25.45
6037402406,3675,349,212.16,71,52,25.45
6037408703,5429,337,204.86,71,56,25.45
6037433601,4254,341,207.29,71,59,25.45
6037500800,4063,443,269.3,71,64,25.45
6037553504,4162,375,227.96,71,78,26.06
6037602003,3201,302,183.59,71,90,26.06
6037602508,5267,409,248.63,71,91,26.06
6037920110,2526,217,131.91,71,142,26.06
6037104203,3695,364,221.28,72,9,26.06
6037121210,2448,198,120.36,72,17,26.06
6037127920,3314,240,145.9,72,21,26.06
6037134903,4863,374,227.36,72,25,26.06
6037141202,2317,191,116.11,72,26,26.06
6037183300,2746,225,136.78,72,27,26.06
6037405102,3339,370,224.92,72,54,26.06
6037407502,3157,256,155.62,72,55,26.06
6037430721,2792,257,156.23,72,57,26.06
6037533803,4396,293,178.12,72,69,26.06
6037550202,4479,265,161.09,72,75,26.06
6037104105,4358,285,173.25,73,8,26.06
6037127910,3911,399,242.55,73,21,26.06
6037228500,3408,385,234.04,73,39,26.06
6037407501,3347,313,190.27,73,55,26.06
6037432700,3940,485,294.83,73,58,26.06
6037480202,1948,126,76.6,73,61,26.06
6037555211,4217,293,178.12,73,80,26.06
6037573202,4636,338,205.47,73,83,26.06
6037575901,2563,243,147.72,73,85,26.06
6037104320,4796,536,325.84,74,10,26.06
6037106604,3369,305,185.41,74,12,26.06
6037123010,2910,207,125.84,74,18,26.06
6037127711,2676,260,158.05,74,21,26.67
6037183820,2753,303,184.19,74,28,26.67
6037189201,3282,214,130.09,74,29,26.67
6037189202,2048,213,129.48,74,29,26.67
6037240402,2649,354,215.2,74,42,26.67
6037294301,2041,140,85.11,74,47,26.67
6037462001,2900,283,172.04,74,60,26.67
6037554513,2107,132,80.24,74,79,26.67
6037572301,3128,192,116.72,74,83,26.67
6037575101,3439,262,159.27,74,84,26.67
6037576402,3596,337,204.86,74,85,26.67
6037576903,2730,319,193.92,74,86,26.67
6037651401,2015,136,82.67,74,98,26.67
6037920322,2114,168,102.13,74,149,26.67
6037920337,5294,411,249.85,74,154,26.67
6037123602,2831,245,148.94,75,19,26.67
6037183401,1883,162,98.48,75,28,26.67
6037199202,2262,200,121.58,75,32,26.67
6037211122,2769,258,156.84,75,35,26.67
6037218701,1841,228,138.6,75,37,26.67
6037222001,2310,162,98.48,75,38,26.67
6037301205,1784,132,80.24,75,49,26.67
6037302506,2888,239,145.29,75,49,26.67
6037462002,3134,314,190.88,75,60,27.27
6037502802,2435,204,124.01,75,65,27.27
6037553400,2607,223,135.56,75,77,27.27
6037555001,4235,339,206.08,75,80,27.27
6037573003,1467,174,105.78,75,83,27.27
6037701501,4333,423,257.14,75,102,27.27
6037910502,2705,352,213.98,75,122,27.27
6037190201,2288,275,167.17,76,29,27.27
6037201110,1780,147,89.36,76,32,27.27
6037214600,2226,211,128.27,76,36,27.27
6037296220,3121,337,204.86,76,47,27.27
6037400604,2406,289,175.68,76,51,27.27
6037404202,3283,281,170.82,76,53,27.27
6037405203,2973,233,141.64,76,54,27.27
6037407400,1650,128,77.81,76,55,27.27
6037408140,2836,284,172.64,76,56,27.27
6037480902,3167,278,169,76,62,27.27
6037481603,2898,269,163.53,76,62,27.27
6037482521,4709,437,265.65,76,63,27.27
6037554002,4217,350,212.77,76,78,27.27
6037106649,1946,152,92.4,77,12,27.27
6037134522,2686,285,173.25,77,24,27.27
6037135111,2562,198,120.36,77,25,27.27
6037137504,1639,262,159.27,77,25,27.27
6037195201,2810,237,144.07,77,31,27.27
6037291220,2835,212,128.88,77,47,27.27
6037402705,2594,184,111.85,77,52,27.27
6037408006,2772,285,173.25,77,55,27.27
6037431300,2207,178,108.21,77,57,27.27
6037481001,3602,270,164.13,77,62,27.27
6037533603,4859,318,193.31,77,69,27.27
6037572100,809,108,65.65,77,83,27.27
6037573902,1592,85,51.67,77,83,27.27
6037910205,974,153,93.01,77,119,27.27
6037134904,3636,414,251.67,78,25,27.27
6037183510,2134,211,128.27,78,28,27.27
6037197300,3498,292,177.51,78,32,27.27
6037201301,2926,312,189.67,78,32,27.27
6037209102,4300,327,198.78,78,34,27.88
6037214000,2642,185,112.46,78,36,27.88
6037270300,2014,146,88.75,78,45,27.88
6037481605,2417,284,172.64,78,62,27.88
6037544002,2617,176,106.99,78,75,27.88
6037609900,1744,205,124.62,78,93,27.88
6037123410,3386,312,189.67,79,19,27.88
6037134002,3229,373,226.75,79,24,27.88
6037190902,3275,333,202.43,79,29,27.88
6037192610,3507,353,214.59,79,31,27.88
6037214503,2825,239,145.29,79,36,27.88
6037271801,3132,259,157.45,79,45,27.88
6037294510,3263,335,203.65,79,47,27.88
6037461901,4099,437,265.65,79,60,27.88
6037482201,3269,296,179.94,79,63,27.88
6037530203,2272,260,158.05,79,67,27.88
6037540600,3112,342,207.9,79,72,27.88
6037106603,2503,126,76.6,80,12,27.88
6037121600,2091,267,162.31,80,17,27.88
6037127104,2744,285,173.25,80,21,27.88
6037134720,3696,328,199.39,80,24,27.88
6037190700,2811,390,237.08,80,29,27.88
6037301203,3896,237,144.07,80,49,27.88
6037404702,4137,481,292.4,80,53,27.88
6037405202,3965,335,203.65,80,54,27.88
6037500600,4339,365,221.88,80,64,27.88
6037530801,3679,307,186.63,80,67,27.88
6037920107,2900,166,100.91,80,141,27.88
6037143700,3438,317,192.71,81,27,27.88
6037189300,2532,247,150.15,81,29,27.88
6037191000,3722,428,260.18,81,29,27.88
6037216100,2081,149,90.58,81,36,27.88
6037232700,4553,413,251.06,81,40,27.88
6037271802,4809,400,243.16,81,45,28.48
6037293306,2048,159,96.66,81,47,28.48
6037402903,3117,209,127.05,81,52,28.48
6037542900,2312,263,159.88,81,74,28.48
6037553902,3985,293,178.12,81,78,28.48
6037574602,1062,59,35.87,81,84,28.48
6037113212,2796,159,96.66,82,13,28.48
6037123700,3459,456,277.2,82,19,28.48
6037131010,4863,325,197.57,82,22,28.48
6037188201,3053,254,154.41,82,29,28.48
6037195300,3007,272,165.35,82,31,28.48
6037207501,2121,294,178.72,82,34,28.48
6037264102,2526,234,142.25,82,43,28.48
6037403324,5864,357,217.02,82,52,28.48
6037403404,2221,191,116.11,82,52,28.48
6037530400,2825,265,161.09,82,67,28.48
6037572202,2844,227,137.99,82,83,28.48
6037139303,3628,274,166.57,83,26,28.48
6037199201,3001,277,168.39,83,32,28.48
6037296901,3037,349,212.16,83,47,28.48
6037403305,1704,116,70.52,83,52,28.48
6037408139,3026,206,125.23,83,56,28.48
6037482202,4208,293,178.12,83,63,28.48
6037550201,2141,163,99.09,83,75,28.48
6037701701,2796,285,173.25,83,103,28.48
6037702400,3804,319,193.92,83,105,28.48
6037800506,2458,301,182.98,83,109,28.48
6037127804,3355,214,130.09,84,21,28.48
6037128102,3770,374,227.36,84,22,28.48
6037199110,1993,147,89.36,84,32,28.48
6037208401,3451,331,201.22,84,34,28.48
6037237600,2810,229,139.21,84,41,28.48
6037275500,4516,365,221.88,84,46,28.48
6037501700,2648,246,149.54,84,64,28.48
6037542602,4288,414,251.67,84,74,28.48
6037543701,2378,157,95.44,84,75,28.48
6037554600,3481,324,196.96,84,79,29.09
6037600703,1632,189,114.89,84,87,29.09
6037700902,5971,378,229.79,84,101,29.09
6037910505,2153,222,134.95,84,122,29.09
6037101220,2633,238,144.68,85,6,29.09
6037132502,3014,253,153.8,85,23,29.09
6037218210,2809,343,208.51,85,37,29.09
6037219020,3486,305,185.41,85,38,29.09
6037238310,3671,347,210.94,85,41,29.09
6037273200,2741,297,180.55,85,45,29.09
6037291130,2787,239,145.29,85,46,29.09
6037407602,2926,226,137.39,85,55,29.09
6037408722,3853,356,216.41,85,57,29.09
6037463300,1654,104,63.22,85,61,29.09
6037502500,3071,216,131.31,85,65,29.09
6037541605,3890,381,231.61,85,73,29.09
6037700700,2566,343,208.51,85,100,29.09
6037920332,2060,197,119.76,85,152,29.09
6037269904,3420,359,218.24,86,45,29.09
6037273402,2684,320,194.53,86,45,29.09
6037402902,5189,374,227.36,86,52,29.09
6037434001,3143,276,167.78,86,59,29.09
6037481604,3154,188,114.29,86,62,29.09
6037552301,3423,322,195.74,86,77,29.09
6037553602,3595,267,162.31,86,78,29.7
6037554105,3134,292,177.51,86,78,29.7
6037602900,3193,219,133.13,86,91,29.7
6037702002,5648,463,281.46,86,104,29.7
6037800327,4537,324,196.96,86,108,29.7
6037195202,2737,198,120.36,87,31,29.7
6037212501,1730,133,80.85,87,36,29.7
6037234902,2896,345,209.73,87,40,29.7
6037541300,4088,338,205.47,87,73,29.7
6037602106,4363,358,217.63,87,90,29.7
6037604002,3974,326,198.18,87,92,29.7
6037910709,1345,149,90.58,87,124,29.7
6037117201,3340,298,181.16,88,15,29.7
6037134421,2980,231,140.43,88,24,29.7
6037183220,3158,338,205.47,88,27,29.7
6037183701,3111,285,173.25,88,28,29.7
6037191500,4758,389,236.47,88,30,29.7
6037199300,2972,344,209.12,88,32,29.7
6037208610,3855,365,221.88,88,34,29.7
6037211703,3918,327,198.78,88,35,29.7
6037221401,2629,284,172.64,88,38,29.7
6037272201,2266,163,99.09,88,45,29.7
6037275200,3339,250,151.98,88,46,29.7
6037402403,4186,282,171.43,88,51,29.7
6037480804,4092,298,181.16,88,62,29.7
6037543305,2727,357,217.02,88,74,29.7
6037106405,3312,533,324.01,89,12,29.7
6037127400,4803,315,191.49,89,21,29.7
6037143901,3235,261,158.66,89,27,29.7
6037181600,3974,261,158.66,89,27,29.7
6037186302,4287,368,223.71,89,28,29.7
6037192700,3280,486,295.44,89,31,29.7
6037201601,1781,200,121.58,89,33,29.7
6037265202,3135,461,280.24,89,44,29.7
6037294200,3708,339,206.08,89,47,29.7
6037407302,2775,170,103.34,89,55,30.3
6037121801,2290,300,182.37,90,17,30.3
6037123104,3602,334,203.04,90,18,30.3
6037134710,4278,356,216.41,90,24,30.3
6037143603,2078,178,108.21,90,27,30.3
6037201700,5056,598,363.53,90,33,30.3
6037231500,3722,426,258.97,90,40,30.3
6037269100,3189,304,184.8,90,45,30.3
6037408723,2465,130,79.03,90,57,30.3
6037541100,2408,248,150.76,90,73,30.3
6037551700,4507,315,191.49,90,77,30.3
6037572302,2590,215,130.7,90,83,30.3
6037577504,1194,137,83.28,90,87,30.3
6037599000,2510,230,139.82,90,87,30.3
6037600100,4984,367,223.1,90,87,30.3
6037700102,3777,309,187.84,90,100,30.3
6037980031,1090,137,83.28,90,230,30.3
6037119310,3146,278,169,91,16,30.3
6037120108,3544,310,188.45,91,17,30.3
6037141201,3732,228,138.6,91,26,30.3
6037216300,4118,397,241.34,91,37,30.3
6037218500,2164,197,119.76,91,37,30.3
6037267403,3081,278,169,91,44,30.3
6037407002,2798,209,127.05,91,55,30.3
6037461902,1592,171,103.95,91,60,30.3
6037481500,3809,312,189.67,91,62,30.3
6037501803,2985,276,167.78,91,64,30.3
6037503104,1825,158,96.05,91,65,30.3
6037532900,4643,370,224.92,91,69,30.3
6037554404,3064,298,181.16,91,79,30.3
6037577604,1249,124,75.38,91,87,30.3
6037701602,3350,243,147.72,91,103,30.3
6037113237,3298,287,174.47,92,13,30.91
6037115401,4715,290,176.29,92,14,30.91
6037119001,3189,210,127.66,92,16,30.91
6037137301,1813,133,80.85,92,25,30.91
6037186403,2281,205,124.62,92,28,30.91
6037197200,3061,264,160.49,92,32,30.91
6037402703,3562,317,192.71,92,52,30.91
6037408211,4899,519,315.5,92,56,30.91
6037481711,3764,352,213.98,92,62,30.91
6037600201,2976,341,207.29,92,87,30.91
6037670202,2027,124,75.38,92,99,30.91
6037700901,2924,339,206.08,92,101,30.91
6037910605,3120,410,249.24,92,123,30.91
6037124600,2734,184,111.85,93,20,30.91
6037127606,2640,270,164.13,93,21,30.91
6037207502,2796,184,111.85,93,34,30.91
6037212702,3126,279,169.6,93,36,30.91
6037220100,2136,256,155.62,93,38,30.91
6037265510,4048,423,257.14,93,44,30.91
6037293202,4189,393,238.91,93,47,30.91
6037402402,5028,486,295.44,93,51,30.91
6037402502,4803,416,252.89,93,52,30.91
6037430723,3389,284,172.64,93,57,30.91
6037920036,2418,218,132.52,93,134,30.91
6037106403,2759,315,191.49,94,12,30.91
6037119202,3433,338,205.47,94,16,30.91
6037128601,3421,255,155.02,94,22,30.91
6037139703,2254,150,91.19,94,26,30.91
6037141102,2533,207,125.84,94,26,30.91
6037201302,3565,236,143.47,94,32,30.91
6037201501,4460,399,242.55,94,33,30.91
6037232200,2406,256,155.62,94,40,30.91
6037270200,2989,425,258.36,94,45,30.91
6037300501,2411,177,107.6,94,48,30.91
6037300902,1707,96,58.36,94,48,30.91
6037310202,4184,273,165.96,94,49,30.91
6037405101,4325,420,255.32,94,53,31.52
6037406101,2646,273,165.96,94,54,31.52
6037407701,3630,333,202.43,94,55,31.52
6037432901,3517,345,209.73,94,58,31.52
6037432902,2743,223,135.56,94,58,31.52
6037530302,5448,370,224.92,94,67,31.52
6037543201,2708,218,132.52,94,74,31.52
6037571704,3027,254,154.41,94,82,31.52
6037192300,2127,172,104.56,95,30,31.52
6037217200,3209,259,157.45,95,37,31.52
6037262802,2436,248,150.76,95,43,31.52
6037273700,2410,171,103.95,95,46,31.52
6037273800,2632,196,119.15,95,46,31.52
6037301000,3964,245,148.94,95,48,31.52
6037400602,3263,274,166.57,95,50,31.52
6037430724,3784,324,196.96,95,57,31.52
6037552100,4809,254,154.41,95,77,31.52
6037555104,3118,287,174.47,95,80,31.52
6037702502,3428,259,157.45,95,105,31.52
6037800204,3771,256,155.62,95,107,31.52
6037920328,1662,112,68.09,95,149,31.52
6037125200,2913,302,183.59,96,20,31.52
6037212900,3517,312,189.67,96,36,31.52
6037231300,4160,400,243.16,96,40,31.52
6037271901,2787,323,196.35,96,45,31.52
6037301602,3524,250,151.98,96,49,31.52
6037311000,2940,198,120.36,96,50,31.52
6037405001,4708,342,207.9,96,53,31.52
6037408505,2087,137,83.28,96,56,31.52
6037432101,3303,241,146.5,96,58,31.52
6037482101,3870,271,164.74,96,63,31.52
6037552602,3420,248,150.76,96,77,31.52
6037554405,2316,279,169.6,96,79,31.52
6037910712,2014,254,154.41,96,124,31.52
6037101110,3574,376,228.57,97,3,32.12
6037123901,3166,252,153.19,97,19,32.12
6037128602,2893,336,204.26,97,22,32.12
6037135202,3461,301,182.98,97,25,32.12
6037218800,2363,209,127.05,97,37,32.12
6037262100,2477,333,202.43,97,43,32.12
6037273100,2101,218,132.52,97,45,32.12
6037432402,5401,486,295.44,97,58,32.12
6037540102,5103,407,247.42,97,72,32.12
6037541801,3907,323,196.35,97,73,32.12
6037555002,2438,250,151.98,97,80,32.12
6037601002,3776,448,272.34,97,88,32.12
6037601402,4020,395,240.12,97,89,32.12
6037602403,4105,344,209.12,97,90,32.12
6037910810,2136,162,98.48,97,126,32.12
6037920314,2275,121,73.56,97,149,32.12
6037113231,1803,87,52.89,98,13,32.12
6037261101,2947,236,143.47,98,43,32.12
6037269300,2830,139,84.5,98,45,32.12
6037278001,2093,210,127.66,98,46,32.12
6037297602,3248,277,168.39,98,48,32.12
6037320300,5179,372,226.14,98,50,32.12
6037406402,1729,121,73.56,98,54,32.12
6037554511,2989,260,158.05,98,79,32.12
6037602004,2901,244,148.33,98,90,32.12
6037602404,4639,323,196.35,98,91,32.12
6037603704,4616,418,254.1,98,92,32.12
6037701702,3060,288,175.08,98,103,32.12
6037113211,3098,170,103.34,99,13,32.12
6037189902,5088,281,170.82,99,29,32.12
6037214502,4520,377,229.18,99,36,32.12
6037216900,4363,334,203.04,99,37,32.12
6037270100,3832,359,218.24,99,45,32.12
6037271300,3681,327,198.78,99,45,32.12
6037408133,4442,356,216.41,99,55,32.12
6037462100,4514,325,197.57,99,60,32.12
6037603200,2737,223,135.56,99,92,32.12
6037920041,2034,198,120.36,99,136,32.12
6037124400,3556,224,136.17,100,20,32.73
6037125502,3049,290,176.29,100,20,32.73
6037137104,2262,188,114.29,100,25,32.73
6037294302,3172,331,201.22,100,47,32.73
6037481800,2386,124,75.38,100,62,32.73
6037503105,3133,326,198.18,100,65,32.73
6037550000,1673,425,258.36,100,75,32.73
6037572800,798,243,147.72,100,83,32.73
6037575001,3085,242,147.11,100,84,32.73
6037602504,3515,275,167.17,100,91,32.73
6037106641,1875,92,55.93,101,12,32.73
6037135201,2139,181,110.03,101,25,32.73
6037217002,4215,274,166.57,101,37,32.73
6037237401,2900,264,160.49,101,41,32.73
6037271600,3889,296,179.94,101,45,32.73
6037408629,2235,187,113.68,101,56,32.73
6037501802,2771,214,130.09,101,64,32.73
6037542502,3422,441,268.09,101,73,32.73
6037800328,2345,265,161.09,101,108,32.73
6037109800,4294,361,219.45,102,12,32.73
6037119400,4243,289,175.68,102,16,32.73
6037128400,3245,260,158.05,102,22,32.73
6037131300,4064,290,176.29,102,22,32.73
6037134306,3101,288,175.08,102,24,32.73
6037192410,3345,300,182.37,102,30,32.73
6037207710,3810,348,211.55,102,34,32.73
6037219500,1438,165,100.3,102,38,33.33
6037219700,3389,345,209.73,102,38,33.33
6037301702,4718,357,217.02,102,49,33.33
6037302102,5249,298,181.16,102,49,33.33
6037500403,3168,330,200.61,102,64,33.33
6037542501,3284,328,199.39,102,73,33.33
6037602802,3718,396,240.73,102,91,33.33
6037900201,822,97,58.97,102,110,33.33
6037910809,1798,111,67.48,102,126,33.33
6037131100,2598,191,116.11,103,22,33.33
6037132501,3604,283,172.04,103,23,33.33
6037134901,2290,200,121.58,103,25,33.33
6037190402,2309,193,117.33,103,29,33.33
6037241002,2484,251,152.58,103,42,33.33
6037267100,5690,469,285.11,103,44,33.33
6037278102,2905,237,144.07,103,46,33.33
6037403406,2359,201,122.19,103,53,33.33
6037408704,2600,252,153.19,103,57,33.33
6037603500,2364,174,105.78,103,92,33.33
6037702201,3563,274,166.57,103,104,33.33
6037920040,2522,254,154.41,103,136,33.33
6037102103,1594,122,74.16,104,6,33.33
6037104704,3159,273,165.96,104,11,33.33
6037120400,5477,442,268.69,104,17,33.33
6037131701,3753,297,180.55,104,23,33.33
6037141303,2913,228,138.6,104,26,33.33
6037262601,2679,240,145.9,104,43,33.33
6037262704,2838,198,120.36,104,43,33.33
6037277100,2506,210,127.66,104,46,33.33
6037310703,3995,300,182.37,104,50,33.94
6037480101,3162,228,138.6,104,61,33.94
6037532200,4864,456,277.2,104,68,33.94
6037570303,2843,291,176.9,104,80,33.94
6037201402,4216,414,251.67,105,33,33.94
6037211120,4939,481,292.4,105,35,33.94
6037218220,3469,315,191.49,105,37,33.94
6037241120,3539,402,244.38,105,42,33.94
6037294410,3344,237,144.07,105,47,33.94
6037401303,1853,139,84.5,105,51,33.94
6037404801,6120,449,272.95,105,53,33.94
6037430902,3785,363,220.67,105,57,33.94
6037462700,4384,449,272.95,105,60,33.94
6037103102,3775,332,201.82,106,7,33.94
6037123510,3813,315,191.49,106,19,33.94
6037143200,3696,380,231,106,27,33.94
6037191120,3649,315,191.49,106,30,33.94
6037191201,3899,510,310.03,106,30,33.94
6037191901,2873,295,179.33,106,30,33.94
6037203800,3348,356,216.41,106,33,33.94
6037432202,3545,302,183.59,106,58,33.94
6037480102,3801,246,149.54,106,61,33.94
6037501501,2042,128,77.81,106,64,33.94
6037542401,3624,416,252.89,106,73,33.94
6037570601,4296,323,196.35,106,81,33.94
6037576700,3580,291,176.9,106,86,33.94
6037702700,2793,186,113.07,106,105,34.55
6037800504,2113,243,147.72,106,109,34.55
6037109100,2290,207,125.84,107,12,34.55
6037139200,4566,379,230.4,107,26,34.55
6037211500,3349,294,178.72,107,35,34.55
6037234800,2808,241,146.5,107,40,34.55
6037311400,1892,126,76.6,107,50,34.55
6037430102,3782,322,195.74,107,57,34.55
6037574202,1821,174,105.78,107,84,34.55
6037620901,2151,113,68.69,107,94,34.55
6037109603,3540,399,242.55,108,12,34.55
6037183101,2893,278,169,108,27,34.55
6037206200,3396,302,183.59,108,33,34.55
6037430901,3490,257,156.23,108,57,34.55
6037431200,4808,380,231,108,57,34.55
6037501504,2723,212,128.88,108,64,34.55
6037536102,2580,222,134.95,108,71,34.55
6037575803,2320,254,154.41,108,85,34.55
6037900806,3271,341,207.29,108,114,34.55
6037910404,2833,304,184.8,108,122,34.55
6037920037,4934,378,229.79,108,135,34.55
6037134304,2321,163,99.09,109,24,34.55
6037143604,3105,282,171.43,109,27,34.55
6037194200,3026,406,246.81,109,31,34.55
6037221402,2289,234,142.25,109,38,34.55
6037480011,4068,322,195.74,109,61,34.55
6037570304,3437,355,215.81,109,80,34.55
6037910606,2255,170,103.34,109,123,34.55
6037104108,3870,322,195.74,110,8,34.55
6037106407,2164,226,137.39,110,12,34.55
6037128702,4869,372,226.14,110,22,34.55
6037141600,3395,205,124.62,110,26,34.55
6037186203,2392,226,137.39,110,28,34.55
6037216700,3082,260,158.05,110,37,35.15
6037237402,2391,205,124.62,110,41,35.15
6037403303,2194,148,89.97,110,52,35.15
6037462600,1813,95,57.75,110,60,35.15
6037550601,4042,311,189.06,110,76,35.15
6037576503,3674,289,175.68,110,86,35.15
6037650102,1887,150,91.19,110,96,35.15
6037800329,5096,453,275.38,110,108,35.15
6037189101,2215,209,127.05,111,29,35.15
6037218110,2672,257,156.23,111,37,35.15
6037400603,3823,293,178.12,111,51,35.15
6037481902,2671,235,142.86,111,62,35.15
6037601211,2182,185,112.46,111,88,35.15
6037106510,3787,304,184.8,112,12,35.15
6037127102,4479,580,352.58,112,20,35.15
6037240900,3995,456,277.2,112,42,35.15
6037271902,3468,309,187.84,112,45,35.15
6037134424,2275,118,71.73,113,24,35.15
6037211000,3771,313,190.27,113,35,35.15
6037297201,2996,363,220.67,113,48,35.15
6037408800,3191,326,198.18,113,57,35.15
6037481101,3699,343,208.51,113,62,35.15
6037530006,3188,327,198.78,113,66,35.15
6037542800,2306,218,132.52,113,74,35.15
6037602104,4014,300,182.37,113,90,35.15
6037702802,2061,229,139.21,113,105,35.15
6037109400,2904,454,275.99,114,12,35.15
6037119700,3968,324,196.96,114,16,35.15
6037121102,1952,254,154.41,114,17,35.15
6037127300,3751,349,212.16,114,21,35.76
6037185204,1625,113,68.69,114,28,35.76
6037189701,3182,310,188.45,114,29,35.76
6037432000,6306,465,282.67,114,58,35.76
6037621004,3725,381,231.61,114,94,35.76
6037670500,1364,117,71.12,114,99,35.76
6037800406,2337,193,117.33,114,108,35.76
6037920339,5215,304,184.8,114,155,35.76
6037120300,4408,361,219.45,115,17,35.76
6037234501,2063,239,145.29,115,40,35.76
6037302301,3580,251,152.58,115,49,35.76
6037310602,2177,151,91.79,115,50,35.76
6037408623,2522,142,86.32,115,56,35.76
6037480400,4483,375,227.96,115,61,35.76
6037102105,1580,191,116.11,116,7,35.76
6037106646,2839,204,124.01,116,12,35.76
6037125402,3703,243,147.72,116,20,35.76
6037189500,3786,354,215.2,116,29,35.76
6037296401,2700,227,137.99,116,47,35.76
6037433802,2808,275,167.17,116,59,35.76
6037480803,3131,282,171.43,116,62,35.76
6037480901,4242,290,176.29,116,62,35.76
6037550700,5199,542,329.48,116,76,35.76
6037576901,4276,306,186.02,116,86,35.76
6037131020,4742,419,254.71,117,22,35.76
6037132900,3063,220,133.74,117,23,35.76
6037186201,2801,283,172.04,117,28,35.76
6037206031,3363,335,203.65,117,33,35.76
6037301204,4568,447,271.73,117,49,35.76
6037320201,3061,286,173.86,117,50,35.76
6037400501,1720,91,55.32,117,50,35.76
6037463101,2014,210,127.66,117,60,36.36
6037570301,5274,447,271.73,117,80,36.36
6037107020,4241,399,242.55,118,12,36.36
6037139802,3294,343,208.51,118,26,36.36
6037183103,3462,322,195.74,118,27,36.36
6037406200,4515,338,205.47,118,54,36.36
6037408137,3140,301,182.98,118,55,36.36
6037536103,4317,375,227.96,118,71,36.36
6037700502,4213,408,248.02,118,100,36.36
6037920018,1730,113,68.69,118,129,36.36
6037197410,3766,298,181.16,119,32,36.36
6037291110,2767,305,185.41,119,46,36.36
6037403322,3058,165,100.3,119,52,36.36
6037404402,3664,372,226.14,119,53,36.36
6037574901,2855,173,105.17,119,84,36.36
6037603005,4208,315,191.49,119,91,36.36
6037651221,2620,171,103.95,119,97,36.36
6037910402,2360,213,129.48,119,120,36.36
6037113102,2625,149,90.58,120,12,36.36
6037117202,2141,183,111.25,120,15,36.36
6037117301,3328,225,136.78,120,15,36.36
6037124903,3233,262,159.27,120,20,36.36
6037181400,3723,279,169.6,120,27,36.36
6037267902,2792,238,144.68,120,45,36.36
6037310201,4439,297,180.55,120,49,36.36
6037403325,4093,211,128.27,120,52,36.97
6037408003,3743,437,265.65,120,55,36.97
6037431800,4804,408,248.02,120,58,36.97
6037461502,5464,488,296.66,120,60,36.97
6037554516,3236,299,181.76,120,79,36.97
6037115403,2910,301,182.98,121,15,36.97
6037122120,3452,415,252.28,121,18,36.97
6037139600,4101,372,226.14,121,26,36.97
6037530004,3061,300,182.37,121,66,36.97
6037530102,4266,366,222.49,121,66,36.97
6037575802,3790,286,173.86,121,85,36.97
6037106642,2574,237,144.07,122,12,36.97
6037216800,2507,207,125.84,122,37,36.97
6037262303,2362,235,142.86,122,43,36.97
6037310400,2595,229,139.21,122,49,36.97
6037311300,3134,226,137.39,122,50,36.97
6037406702,4693,369,224.32,122,54,36.97
6037540000,5165,379,230.4,122,71,36.97
6037550902,4426,331,201.22,122,76,36.97
6037552002,2789,252,153.19,122,77,36.97
6037554900,5901,415,252.28,122,80,36.97
6037900506,3240,311,189.06,122,111,36.97
6037900804,2415,267,162.31,122,114,36.97
6037181300,3364,263,159.88,123,27,36.97
6037183104,1848,152,92.4,123,27,36.97
6037183702,2322,266,161.7,123,28,36.97
6037265601,2832,272,165.35,123,44,36.97
6037408627,2828,160,97.26,123,56,36.97
6037480704,3539,241,146.5,123,61,36.97
6037551502,3210,358,217.63,123,77,37.58
6037650701,1950,113,68.69,123,96,37.58
6037101300,3782,402,244.38,124,6,37.58
6037134201,3556,425,258.36,124,24,37.58
6037134800,5122,341,207.29,124,24,37.58
6037480302,3888,271,164.74,124,61,37.58
6037501503,3929,303,184.19,124,64,37.58
6037502402,3019,152,92.4,124,65,37.58
6037554403,4004,412,250.46,124,79,37.58
6037910504,3167,303,184.19,124,122,37.58
6037104204,2765,241,146.5,125,9,37.58
6037109700,3591,396,240.73,125,12,37.58
6037124500,2300,253,153.8,125,20,37.58
6037139503,4932,412,250.46,125,26,37.58
6037141101,4016,330,200.61,125,26,37.58
6037236204,2200,251,152.58,125,41,37.58
6037242000,2857,279,169.6,125,42,37.58
6037504001,5181,326,198.18,125,66,37.58
6037551300,4136,405,246.2,125,77,37.58
6037553000,3792,338,205.47,125,77,37.58
6037621102,2304,156,94.83,125,95,37.58
6037109300,2595,143,86.93,126,12,37.58
6037134303,5046,419,254.71,126,24,37.58
6037234502,2329,327,198.78,126,40,37.58
6037406300,4449,317,192.71,126,54,37.58
6037574201,2323,137,83.28,126,84,37.58
6037901007,1616,149,90.58,126,115,37.58
6037901210,1383,149,90.58,126,117,38.18
6037119002,5895,482,293.01,127,16,38.18
6037237900,3277,309,187.84,127,41,38.18
6037267300,4415,450,273.56,127,44,38.18
6037407900,5270,464,282.07,127,55,38.18
6037408005,3792,294,178.72,127,55,38.18
6037462400,3231,220,133.74,127,60,38.18
6037574800,2423,175,106.38,127,84,38.18
6037920043,4296,199,120.97,127,137,38.18
6037115104,4083,371,225.53,128,14,38.18
6037124700,4571,375,227.96,128,20,38.18
6037132001,2519,177,107.6,128,23,38.18
6037134104,3437,276,167.78,128,24,38.18
6037139301,3792,353,214.59,128,26,38.18
6037189600,3327,323,196.35,128,29,38.18
6037265602,2517,316,192.1,128,44,38.18
6037273902,3640,289,175.68,128,46,38.18
6037311100,3171,198,120.36,128,50,38.18
6037406701,2451,139,84.5,128,54,38.18
6037482102,2505,203,123.4,128,63,38.18
6037570402,2654,204,124.01,128,81,38.79
6037800202,4424,312,189.67,128,107,38.79
6037185202,3360,355,215.81,129,28,38.79
6037195400,4129,411,249.85,129,31,38.79
6037403901,2700,204,124.01,129,53,38.79
6037404802,3411,488,296.66,129,53,38.79
6037407802,2909,200,121.58,129,55,38.79
6037408724,3761,311,189.06,129,57,38.79
6037433801,4548,469,285.11,129,59,38.79
6037482701,3608,288,175.08,129,63,38.79
6037502901,4441,307,186.63,129,65,38.79
6037554514,3863,265,161.09,129,79,38.79
6037602105,3432,297,180.55,129,90,38.79
6037231400,4148,584,355.02,130,40,38.79
6037262400,2206,194,117.93,130,43,38.79
6037408212,4447,444,269.91,130,56,38.79
6037480703,2779,186,113.07,130,61,38.79
6037503103,3903,298,181.16,130,65,38.79
6037503301,2415,177,107.6,130,65,38.79
6037620521,2937,202,122.8,130,94,38.79
6037128801,2887,219,133.13,131,22,38.79
6037135113,2473,221,134.35,131,25,38.79
6037218900,4664,438,266.26,131,38,38.79
6037430400,3689,280,170.21,131,57,38.79
6037463602,5140,624,379.33,131,61,38.79
6037552200,4148,316,192.1,131,77,39.39
6037603703,2157,166,100.91,131,92,39.39
6037650003,2491,215,130.7,131,96,39.39
6037701801,5296,312,189.67,131,103,39.39
6037264301,4785,327,198.78,132,43,39.39
6037461501,3254,283,172.04,132,60,39.39
6037503202,3876,375,227.96,132,65,39.39
6037702202,3158,178,108.21,132,105,39.39
6037102104,3252,350,212.77,133,7,39.39
6037113234,3558,302,183.59,133,13,39.39
6037134302,3027,249,151.37,133,24,39.39
6037240020,3808,366,222.49,133,42,39.39
6037272100,3675,281,170.82,133,45,39.39
6037407101,3518,289,175.68,133,55,39.39
6037531902,3312,325,197.57,133,67,39.39
6037920200,5422,312,189.67,133,145,39.39
6037132002,2570,258,156.84,134,23,39.39
6037186100,4142,240,145.9,134,28,39.39
6037234600,3750,329,200,134,40,39.39
6037293302,4237,444,269.91,134,47,39.39
6037301100,5619,372,226.14,134,48,39.39
6037403320,4048,258,156.84,134,52,39.39
6037480012,3909,435,264.44,134,61,39.39
6037602505,2965,184,111.85,134,91,39.39
6037106111,3668,350,212.77,135,12,39.39
6037106520,4300,340,206.69,135,12,39.39
6037119800,5041,299,181.76,135,16,39.39
6037141500,2244,187,113.68,135,26,39.39
6037189400,3057,278,169,135,29,39.39
6037194102,2949,201,122.19,135,31,39.39
6037262200,3714,302,183.59,135,43,40
6037311801,2359,245,148.94,135,50,40
6037432300,3498,279,169.6,135,58,40
6037700501,3780,350,212.77,135,100,40
6037901209,1186,175,106.38,135,117,40
6037123304,3354,267,162.31,136,18,40
6037234700,2929,395,240.12,136,40,40
6037400205,2318,171,103.95,136,50,40
6037402904,2753,195,118.54,136,52,40
6037540800,4521,479,291.19,136,72,40
6037551402,3474,205,124.62,136,77,40
6037552900,5329,565,343.47,136,77,40
6037553802,4606,338,205.47,136,78,40
6037570002,2288,151,91.79,136,80,40
6037603301,3208,264,160.49,136,92,40
6037108102,2861,187,113.68,137,12,40
6037269000,4428,432,262.61,137,45,40
6037407801,4257,371,225.53,137,55,40
6037463601,5162,395,240.12,137,61,40
6037502005,3570,288,175.08,137,65,40.61
6037543903,2966,214,130.09,137,75,40.61
6037553901,4780,333,202.43,137,78,40.61
6037702803,2551,230,139.82,137,105,40.61
6037920326,5148,303,184.19,137,149,40.61
6037408401,3376,283,172.04,138,56,40.61
6037482402,6006,518,314.89,138,63,40.61
6037503602,3550,185,112.46,138,66,40.61
6037554700,3577,324,196.96,138,80,40.61
6037575401,3626,440,267.48,138,84,40.61
6037600702,3834,936,569,138,87,40.61
6037121010,3541,480,291.79,139,17,40.61
6037127210,4333,341,207.29,139,21,40.61
6037141700,2504,193,117.33,139,26,40.61
6037183222,2882,321,195.14,139,27,40.61
6037221500,2962,282,171.43,139,38,40.61
6037241202,3613,394,239.51,139,42,40.61
6037293301,2540,297,180.55,139,47,40.61
6037402301,4084,366,222.49,139,51,40.61
6037406000,3912,260,158.05,139,54,40.61
6037460600,3503,204,124.01,139,59,40.61
6037552601,4103,293,178.12,139,77,40.61
6037910001,4464,465,282.67,139,117,40.61
6037920032,2381,150,91.19,139,132,40.61
6037294110,3060,315,191.49,140,47,40.61
6037405900,3022,225,136.78,140,54,40.61
6037482702,2147,145,88.15,140,63,40.61
6037530202,3521,330,200.61,140,66,40.61
6037554519,2966,179,108.81,140,79,40.61
6037572500,2565,286,173.86,140,83,40.61
6037600501,2043,177,107.6,140,87,40.61
6037650004,3333,291,176.9,140,96,41.21
6037701601,3842,257,156.23,140,103,41.21
6037113101,2987,301,182.98,141,12,41.21
6037231600,5085,378,229.79,141,40,41.21
6037297110,3629,419,254.71,141,48,41.21
6037461300,5763,357,217.02,141,60,41.21
6037462800,2319,147,89.36,141,60,41.21
6037532101,4596,385,234.04,141,68,41.21
6037573004,3202,291,176.9,141,83,41.21
6037621204,2868,272,165.35,141,95,41.21
6037701000,4416,322,195.74,141,101,41.21
6037135203,5850,333,202.43,142,25,41.21
6037139001,4248,259,157.45,142,25,41.21
6037265520,4206,367,223.1,142,44,41.21
6037300502,4689,583,354.41,142,48,41.82
6037404201,2746,330,200.61,142,53,41.82
6037408134,2327,209,127.05,142,55,41.82
6037408135,2986,212,128.88,142,55,41.82
6037502301,4662,401,243.77,142,65,41.82
6037554204,3140,331,201.22,142,79,41.82
6037600502,1778,189,114.89,142,87,41.82
6037601001,1858,195,118.54,142,88,41.82
6037620002,2632,197,119.76,142,93,41.82
6037106113,2865,253,153.8,143,12,41.82
6037460700,3710,282,171.43,143,59,41.82
6037482800,3594,249,151.37,143,63,41.82
6037700802,3300,259,157.45,143,100,41.82
6037910601,4660,473,287.54,143,122,41.82
6037128910,3572,252,153.19,144,22,41.82
6037220000,4316,387,235.26,144,38,41.82
6037261200,3409,223,135.56,144,43,41.82
6037406800,3856,263,159.88,144,55,41.82
6037461600,4893,377,229.18,144,60,41.82
6037603801,3751,425,258.36,144,92,41.82
6037700801,4414,388,235.87,144,100,41.82
6037119900,3929,311,189.06,145,16,41.82
6037274100,3698,386,234.65,145,46,41.82
6037301900,6725,527,320.36,145,49,41.82
6037401102,2472,291,176.9,145,51,41.82
6037432102,4554,355,215.81,145,58,41.82
6037481901,5103,275,167.17,145,62,41.82
6037543000,3333,325,197.57,145,74,42.42
6037570702,1870,151,91.79,145,81,42.42
6037701302,4386,271,164.74,145,102,42.42
6037920044,2038,132,80.24,145,138,42.42
6037920104,2320,117,71.12,145,141,42.42
6037139801,2666,249,151.37,146,26,42.42
6037218400,3428,319,193.92,146,37,42.42
6037543801,4201,361,219.45,146,75,42.42
6037552001,3207,240,145.9,146,77,42.42
6037700101,5007,472,286.93,146,99,42.42
6037701502,3438,300,182.37,146,102,42.42
6037910501,3105,286,173.86,146,122,42.42
6037181500,3143,218,132.52,147,27,42.42
6037275102,3043,336,204.26,147,46,42.42
6037401101,3933,236,143.47,147,51,42.42
6037403402,2963,177,107.6,147,52,42.42
6037408624,2684,204,124.01,147,56,42.42
6037430600,3628,266,161.7,147,57,42.42
6037543802,5215,416,252.89,147,75,42.42
6037577400,2688,241,146.5,147,87,42.42
6037232300,3915,1088,661.4,148,40,42.42
6037272302,3513,325,197.57,148,45,42.42
6037400403,3325,261,158.66,148,50,42.42
6037431502,3318,332,201.82,148,58,42.42
6037554517,3554,278,169,148,79,42.42
6037576301,3148,265,161.09,148,85,43.03
6037910206,2448,199,120.97,148,119,43.03
6037910602,2775,320,194.53,148,123,43.03
6037121802,2750,404,245.59,149,17,43.03
6037402405,2175,159,96.66,149,51,43.03
6037403318,4978,245,148.94,149,52,43.03
6037232500,3407,494,300.3,150,40,43.03
6037403312,3984,221,134.35,150,52,43.03
6037431600,3455,269,163.53,150,58,43.03
6037481002,5026,426,258.97,150,62,43.03
6037501002,3920,269,163.53,150,64,43.03
6037620303,3058,208,126.44,150,93,43.03
6037650401,3569,255,155.02,150,96,43.03
6037670001,2868,248,150.76,150,98,43.03
6037297202,3261,317,192.71,151,48,43.03
6037311802,3120,292,177.51,151,50,43.03
6037320202,4206,382,232.22,151,50,43.03
6037265700,4387,424,257.75,152,44,43.03
6037540203,4096,361,219.45,152,72,43.03
6037602507,3258,243,147.72,152,91,43.03
6037650501,2386,175,106.38,152,96,43.03
6037109200,2354,197,119.76,153,12,43.03
6037128802,4009,267,162.31,153,22,43.03
6037293201,5468,475,288.75,153,47,43.64
6037464100,5607,366,222.49,153,61,43.64
6037552302,3205,294,178.72,153,77,43.64
6037554301,2746,286,173.86,153,79,43.64
6037601100,4855,610,370.82,153,88,43.64
6037124201,2574,267,162.31,154,20,43.64
6037131800,4803,399,242.55,154,23,43.64
6037137000,3962,213,129.48,154,25,43.64
6037431002,2559,177,107.6,154,57,43.64
6037106643,3873,293,178.12,155,12,43.64
6037131600,3968,534,324.62,155,22,43.64
6037191420,3010,323,196.35,155,30,43.64
6037276400,3479,269,163.53,155,46,43.64
6037407102,4409,315,191.49,155,55,43.64
6037433700,3180,238,144.68,155,59,43.64
6037480002,2786,199,120.97,155,61,43.64
6037504101,4110,269,163.53,155,66,44.24
6037550602,3583,270,164.13,155,76,44.24
6037602301,4943,347,210.94,155,90,44.24
6037900607,2557,422,256.53,155,113,44.24
6037920039,1448,90,54.71,155,135,44.24
6037113421,5172,354,215.2,156,14,44.24
6037460900,5606,420,255.32,156,59,44.24
6037503302,5168,483,293.62,156,65,44.24
6037621326,2652,195,118.54,156,95,44.24
6037132300,5704,514,312.46,157,23,44.24
6037402102,3626,327,198.78,157,51,44.24
6037544001,3635,310,188.45,157,75,44.24
6037101400,3348,211,128.27,158,6,44.24
6037134101,4510,446,271.12,158,24,44.24
6037143300,5793,358,217.63,158,27,44.24
6037211921,1911,174,105.78,158,35,44.24
6037480201,3044,241,146.5,158,61,44.24
6037501400,3185,276,167.78,158,64,44.24
6037543400,3098,229,139.21,158,74,44.24
6037551401,3528,234,142.25,158,77,44.24
6037910201,2941,269,163.53,158,118,44.24
6037125320,5008,535,325.23,159,20,44.85
6037275603,2321,171,103.95,159,46,44.85
6037408628,4562,371,225.53,159,56,44.85
6037430701,4289,315,191.49,159,57,44.85
6037431100,5496,582,353.8,159,57,44.85
6037503201,3268,283,172.04,159,65,44.85
6037543703,2695,206,125.23,159,75,44.85
6037111100,2413,154,93.62,160,12,44.85
6037113321,5088,393,238.91,160,13,44.85
6037113401,4865,389,236.47,160,14,44.85
6037131200,2653,244,148.33,160,22,44.85
6037402001,2347,191,116.11,160,51,44.85
6037460502,3251,222,134.95,160,59,44.85
6037532304,3205,428,260.18,160,68,44.85
6037920109,4215,249,151.37,160,142,44.85
6037137401,3318,265,161.09,161,25,44.85
6037235201,2317,204,124.01,161,40,45.45
6037235202,3606,277,168.39,161,40,45.45
6037408136,3062,202,122.8,161,55,45.45
6037575002,3938,258,156.84,161,84,45.45
6037920030,4306,280,170.21,161,131,45.45
6037108201,4309,253,153.8,162,12,45.45
6037111201,2713,274,166.57,162,12,45.45
6037132101,3736,394,239.51,162,23,45.45
6037195100,4116,316,192.1,162,31,45.45
6037235100,3979,268,162.92,162,40,45.45
6037238000,4842,641,389.67,162,41,45.45
6037403000,5660,414,251.67,162,52,45.45
6037137501,3614,387,235.26,163,25,45.45
6037463200,2790,198,120.36,163,61,45.45
6037603001,5688,469,285.11,163,91,45.45
6037603400,3367,322,195.74,163,92,45.45
6037920106,2547,209,127.05,163,141,45.45
6037541002,2450,304,184.8,164,72,45.45
6037576403,3465,341,207.29,164,85,45.45
6037602402,4678,442,268.69,164,90,45.45
6037670403,2099,121,73.56,164,99,46.06
6037106645,2848,285,173.25,165,12,46.06
6037232400,5341,394,239.51,165,40,46.06
6037400800,6279,308,187.23,165,51,46.06
6037402002,3173,309,187.84,165,51,46.06
6037503901,2305,182,110.64,165,66,46.06
6037553502,3186,322,195.74,165,77,46.06
6037571400,3599,257,156.23,165,82,46.06
6037600302,2305,214,130.09,165,87,46.06
6037106010,2480,214,130.09,166,12,46.06
6037236203,2560,249,151.37,166,41,46.06
6037267901,2104,244,148.33,166,44,46.06
6037408625,3119,309,187.84,166,56,46.06
6037430801,5216,388,235.87,166,57,46.67
6037462900,3043,203,123.4,166,60,46.67
6037480600,6104,330,200.61,166,61,46.67
6037543604,4455,313,190.27,166,75,46.67
6037571300,3379,261,158.66,166,82,46.67
6037117303,2916,186,113.07,167,15,46.67
6037236202,4374,389,236.47,167,41,46.67
6037404504,3529,262,159.27,167,53,46.67
6037405800,4375,382,232.22,167,54,46.67
6037461100,3979,349,212.16,167,59,46.67
6037502801,5003,313,190.27,167,65,46.67
6037920118,4473,253,153.8,167,144,46.67
6037113303,3389,234,142.25,168,13,46.67
6037131400,4900,306,186.02,168,22,46.67
6037134103,3582,275,167.17,168,24,46.67
6037302401,5308,357,217.02,168,49,46.67
6037406412,1974,219,133.13,168,54,46.67
6037430101,4194,315,191.49,168,57,46.67
6037431501,3662,246,149.54,168,58,46.67
6037500900,4503,325,197.57,168,64,46.67
6037108103,2676,307,186.63,169,12,46.67
6037108202,5336,289,175.68,169,12,46.67
6037139702,4505,281,170.82,169,26,46.67
6037207301,4738,320,194.53,169,34,46.67
6037264302,5012,333,202.43,169,43,46.67
6037310702,6216,490,297.87,169,50,46.67
6037404100,5190,451,274.16,169,53,46.67
6037502401,3977,305,185.41,169,65,47.27
6037576802,3095,228,138.6,169,86,47.27
6037900606,2441,490,297.87,169,113,47.27
6037402101,3906,354,215.2,170,51,47.27
6037550901,2995,298,181.16,170,76,47.27
6037551202,5704,396,240.73,170,76,47.27
6037600202,4709,420,255.32,170,87,47.27
6037602700,2907,214,130.09,170,91,47.27
6037800203,4202,282,171.43,170,107,47.27
6037910807,4924,241,146.5,170,125,47.27
6037920331,3026,185,112.46,170,151,47.27
6037570100,2493,359,218.24,171,80,47.27
6037600801,2691,274,166.57,171,88,47.27
6037600911,2722,231,140.43,171,88,47.27
6037900704,2082,233,141.64,171,113,47.27
6037920038,3216,358,217.63,171,135,47.27
6037113301,1969,151,91.79,172,13,47.27
6037264000,2500,269,163.53,172,43,47.88
6037403408,5503,358,217.63,172,53,47.88
6037462301,3579,351,213.37,172,60,47.88
6037701902,4345,380,231,172,104,47.88
6037920114,4705,318,193.31,172,143,47.88
6037403401,4309,319,193.92,173,52,47.88
6037404000,3783,317,192.71,173,53,47.88
6037482001,2388,173,105.17,173,63,47.88
6037600902,4811,362,220.06,173,88,47.88
6037271400,2935,256,155.62,174,45,47.88
6037271500,2546,149,90.58,174,45,47.88
6037274202,3897,418,254.1,174,46,47.88
6037320100,5661,301,182.98,174,50,47.88
6037501900,3168,268,162.92,174,64,47.88
6037570502,4486,385,234.04,174,81,47.88
6037703001,4936,322,195.74,174,106,47.88
6037131900,3613,250,151.98,175,23,47.88
6037291300,2260,119,72.34,175,47,47.88
6037460000,3804,262,159.27,175,59,47.88
6037541200,4764,382,232.22,175,73,47.88
6037141400,3912,245,148.94,176,26,48.48
6037503106,2720,379,230.4,176,65,48.48
6037135114,4188,418,254.1,177,25,48.48
6037400302,2389,185,112.46,177,50,48.48
6037570602,4643,435,264.44,177,81,48.48
6037910808,2627,221,134.35,177,126,48.48
6037103101,2115,155,94.22,178,7,48.48
6037111205,3140,250,151.98,178,12,48.48
6037122000,5058,509,309.42,178,17,48.48
6037131702,2965,280,170.21,178,23,48.48
6037207302,4432,336,204.26,178,34,48.48
6037219300,2985,250,151.98,178,38,48.48
6037403403,3934,325,197.57,178,52,48.48
6037552800,4348,313,190.27,178,77,48.48
6037276601,3530,411,249.85,179,46,48.48
6037408302,3355,295,179.33,179,56,48.48
6037530003,2789,200,121.58,179,66,48.48
6037600802,2149,236,143.47,179,88,48.48
6037910706,4080,336,204.26,179,123,48.48
6037133100,4677,397,241.34,180,23,48.48
6037301601,5783,432,262.61,180,49,48.48
6037570204,3135,265,161.09,180,80,48.48
6037574902,4530,419,254.71,180,84,49.09
6037700300,6047,506,307.6,180,100,49.09
6037920016,3439,258,156.84,180,129,49.09
6037190301,5475,582,353.8,181,29,49.09
6037403323,4338,232,141.03,181,52,49.09
6037405302,4626,323,196.35,181,54,49.09
6037463700,2423,230,139.82,181,61,49.09
6037910713,3944,346,210.33,181,124,49.09
6037111204,5101,247,150.15,182,12,49.09
6037138000,3791,283,172.04,182,25,49.09
6037293304,3456,346,210.33,182,47,49.09
6037462500,5383,397,241.34,182,60,49.09
6037572600,4134,310,188.45,182,83,49.09
6037600400,3335,410,249.24,182,87,49.09
6037603802,2983,307,186.63,182,92,49.09
6037102107,3250,341,207.29,183,7,49.7
6037185100,5266,625,379.94,183,28,49.7
6037234000,4182,325,197.57,183,40,49.7
6037401201,2467,180,109.42,183,51,49.7
6037401603,2323,157,95.44,183,51,49.7
6037401703,3451,240,145.9,183,51,49.7
6037550100,5794,434,263.83,183,75,49.7
6037577300,5034,381,231.61,183,87,49.7
6037125100,5231,383,232.83,184,20,49.7
6037139401,2315,164,99.7,184,26,49.7
6037431700,4804,483,293.62,184,58,49.7
6037570603,3200,230,139.82,184,81,49.7
6037901003,4600,274,166.57,184,115,49.7
6037291210,4132,450,273.56,185,46,49.7
6037300301,4787,286,173.86,185,48,50.3
6037403902,4004,380,231,185,53,50.3
6037430501,3245,222,134.95,185,57,50.3
6037571502,3536,302,183.59,185,82,50.3
6037620101,4048,244,148.33,185,93,50.3
6037650605,2350,214,130.09,185,96,50.3
6037651402,4880,313,190.27,185,98,50.3
6037701802,3846,399,242.55,185,104,50.3
6037401704,4861,420,255.32,186,51,50.3
6037535802,4968,400,243.16,186,71,50.3
6037109604,2254,161,97.87,187,12,50.3
6037111206,3802,342,207.9,187,12,50.3
6037237300,3948,368,223.71,187,41,50.3
6037460501,4264,225,136.78,187,59,50.3
6037572900,4045,270,164.13,187,83,50.3
6037701201,2939,278,169,187,101,50.3
6037702801,4151,315,191.49,187,105,50.3
6037405500,5188,266,161.7,188,54,50.3
6037500404,3891,315,191.49,188,64,50.3
6037536200,5359,379,230.4,188,71,50.3
6037650901,4849,487,296.05,188,97,50.3
6037460800,2419,216,131.31,189,59,50.3
6037480802,2763,277,168.39,189,61,50.3
6037550800,5947,466,283.28,189,76,50.3
6037573403,2853,275,167.17,189,83,50.3
6037601303,3696,244,148.33,189,88,50.3
6037296402,2471,209,127.05,190,47,50.3
6037530005,3654,284,172.64,190,66,50.3
6037910707,3191,287,174.47,190,124,50.91
6037128500,3655,224,136.17,191,22,50.91
6037403317,3739,253,153.8,191,52,50.91
6037482522,4058,377,229.18,191,63,50.91
6037403702,3006,283,172.04,192,53,50.91
6037430003,3828,216,131.31,192,57,50.91
6037431001,5750,563,342.25,192,57,50.91
6037603102,2988,249,151.37,192,92,50.91
6037296600,3761,312,189.67,193,47,50.91
6037620601,4331,401,243.77,193,94,50.91
6037670416,3354,233,141.64,193,99,50.91
6037406602,4538,411,249.85,194,54,50.91
6037542200,5263,325,197.57,194,73,50.91
6037602302,2664,232,141.03,194,90,50.91
6037900602,3924,311,189.06,194,112,50.91
6037552700,5348,366,222.49,195,77,50.91
6037554406,3844,300,182.37,195,79,50.91
6037554802,5119,370,224.92,195,80,50.91
6037139302,4163,389,236.47,196,26,50.91
6037143800,4538,352,213.98,196,27,50.91
6037297300,1416,149,90.58,196,48,50.91
6037463500,5450,384,233.43,196,61,51.52
6037543502,3325,315,191.49,196,75,51.52
6037920029,2694,359,218.24,196,131,51.52
6037311600,6020,406,246.81,197,50,51.52
6037432601,5662,415,252.28,197,58,51.52
6037603702,3978,420,255.32,197,92,51.52
6037702300,5670,385,234.04,197,105,51.52
6037113322,3594,252,153.19,198,14,51.52
6037571503,3035,353,214.59,198,82,51.52
6037621201,4924,367,223.1,198,95,51.52
6037621400,3589,257,156.23,198,95,51.52
6037103300,2861,278,169,199,8,51.52
6037133000,3468,296,179.94,199,23,52.12
6037141302,5234,547,332.52,199,26,52.12
6037310800,4139,247,150.15,199,50,52.12
6037404301,4089,336,204.26,199,53,52.12
6037602506,2886,207,125.84,199,91,52.12
6037113232,3391,276,167.78,200,13,52.12
6037137302,3681,224,136.17,200,25,52.12
6037143602,3798,324,196.96,200,27,52.12
6037234300,3512,318,193.31,200,40,52.12
6037237800,2984,365,221.88,200,41,52.12
6037401001,2463,142,86.32,200,51,52.12
6037405301,2640,240,145.9,200,54,52.12
6037482002,5343,365,221.88,200,63,52.12
6037670407,4520,361,219.45,200,99,52.12
6037113213,4075,278,169,201,13,52.73
6037115202,4289,425,258.36,201,14,52.73
6037117302,4126,259,157.45,201,15,52.73
6037401311,4622,275,167.17,201,51,52.73
6037406601,4590,385,234.04,201,54,52.73
6037406901,3577,263,159.88,201,55,52.73
6037503402,3158,232,141.03,201,65,52.73
6037570003,3385,285,173.25,201,80,52.73
6037575103,4059,202,122.8,201,84,52.73
6037620001,3277,203,123.4,201,93,52.73
6037300200,4332,244,148.33,202,48,52.73
6037501200,3767,303,184.19,202,64,52.73
6037503801,3051,244,148.33,203,66,52.73
6037554515,3204,192,116.72,203,79,52.73
6037901008,2147,193,117.33,203,115,52.73
6037275302,4261,444,269.91,204,46,52.73
6037276604,4008,336,204.26,204,46,52.73
6037408303,3619,302,183.59,204,56,52.73
6037408626,3970,330,200.61,204,56,52.73
6037571102,3124,263,159.88,204,82,52.73
6037577000,5936,485,294.83,204,86,52.73
6037601212,5088,408,248.02,204,88,52.73
6037621301,5374,354,215.2,204,95,52.73
6037900300,3500,339,206.08,204,110,53.33
6037900505,2435,249,151.37,204,111,53.33
6037125501,2887,282,171.43,205,20,53.33
6037554001,2868,282,171.43,205,78,53.33
6037620102,2941,182,110.64,205,93,53.33
6037113422,5327,535,325.23,206,14,53.33
6037134423,2956,209,127.05,206,24,53.33
6037275311,5014,432,262.61,206,46,53.33
6037650604,4585,339,206.08,206,96,53.33
6037115201,6088,526,319.76,207,14,53.33
6037123800,4770,386,234.65,207,19,53.33
6037407301,3966,364,221.28,207,55,53.33
6037800101,4525,247,150.15,207,106,53.33
6037800324,5007,341,207.29,207,107,53.33
6037109601,4052,341,207.29,208,12,53.33
6037407001,5049,378,229.79,208,55,53.94
6037271701,4897,470,285.71,209,45,53.94
6037300800,6248,398,241.95,209,48,53.94
6037400402,3328,243,147.72,209,50,53.94
6037430301,3645,233,141.64,209,57,53.94
6037620702,5317,446,271.12,209,94,53.94
6037920334,5016,376,228.57,209,153,53.94
6037570902,2890,238,144.68,210,81,54.55
6037900508,2284,176,106.99,210,112,54.55
6037400900,3372,259,157.45,211,51,54.55
6037403321,5057,445,270.52,211,52,54.55
6037462201,3248,260,158.05,211,60,54.55
6037571701,4577,390,237.08,211,82,54.55
6037572001,4282,334,203.04,211,82,54.55
6037261102,3097,323,196.35,212,43,54.55
6037275400,3194,176,106.99,212,46,54.55
6037406102,4670,358,217.63,212,54,54.55
6037571101,3511,205,124.62,212,81,54.55
6037460302,3809,366,222.49,213,59,54.55
6037480702,3438,244,148.33,213,61,55.15
6037570202,4456,321,195.14,213,80,55.15
6037572700,4255,345,209.73,213,83,55.15
6037576200,4613,369,224.32,213,85,55.15
6037602103,5191,465,282.67,213,90,55.15
6037650603,3003,156,94.83,213,96,55.15
6037650800,5216,317,192.71,213,97,55.15
6037900608,2591,284,172.64,213,113,55.15
6037502700,5296,321,195.14,214,65,55.15
6037503701,4103,306,186.02,214,66,55.15
6037920338,4180,211,128.27,214,155,55.15
6037431400,3361,273,165.96,215,57,55.15
6037900507,4978,478,290.58,215,111,55.15
6037217100,5129,413,251.06,216,37,55.15
6037311200,2571,210,127.66,216,50,55.15
6037407200,5534,400,243.16,216,55,55.15
6037551900,4086,353,214.59,216,77,55.76
6037603101,3236,286,173.86,216,92,55.76
6037700400,5084,485,294.83,217,100,55.76
6037920115,3002,212,128.88,217,143,55.76
6037238100,3445,308,187.23,218,41,55.76
6037603600,3514,239,145.29,218,92,55.76
6037135102,3249,192,116.72,219,25,55.76
6037238200,3932,587,356.84,219,41,55.76
6037310300,2133,123,74.77,219,49,55.76
6037576801,3369,410,249.24,219,86,55.76
6037910715,4551,511,310.64,219,125,55.76
6037297500,4015,301,182.98,220,48,55.76
6037403319,3553,264,160.49,220,52,55.76
6037430002,5553,368,223.71,220,57,55.76
6037553100,4742,321,195.14,220,77,55.76
6037800408,6012,375,227.96,221,109,55.76
6037405400,4140,422,256.53,222,54,55.76
6037461000,5180,475,288.75,222,59,56.36
6037555103,3883,286,173.86,222,80,56.36
6037910711,5802,462,280.85,222,124,56.36
6037464200,4479,321,195.14,223,61,56.36
6037401002,2929,219,133.13,224,51,56.36
6037621001,3622,242,147.11,224,94,56.36
6037430803,4357,324,196.96,225,57,56.36
6037137103,4266,317,192.71,226,25,56.36
6037403304,4316,251,152.58,226,52,56.36
6037464000,4864,320,194.53,226,61,56.36
6037401203,4277,248,150.76,227,51,56.36
6037555202,2626,147,89.36,227,80,56.97
6037134422,3867,234,142.25,228,24,56.97
6037408631,4265,305,185.41,228,56,56.97
6037576501,2275,267,162.31,228,86,56.97
6037900703,3164,254,154.41,228,113,56.97
6037106112,4153,418,254.1,229,12,56.97
6037405600,4453,287,174.47,229,54,56.97
6037670002,3102,217,131.91,229,98,56.97
6037700600,3861,369,224.32,229,100,56.97
6037401902,4856,378,229.79,230,51,56.97
6037408504,3884,233,141.64,230,56,56.97
6037501300,5353,398,241.95,230,64,56.97
6037501600,6315,334,203.04,230,64,57.58
6037143400,5397,373,226.75,231,27,57.58
6037620305,4702,432,262.61,231,93,57.58
6037543503,4789,328,199.39,232,75,57.58
6037236400,3717,275,167.17,233,41,57.58
6037296902,3034,275,167.17,233,47,57.58
6037408705,4534,327,198.78,233,57,57.58
6037620501,4577,330,200.61,233,93,57.58
6037670201,3003,236,143.47,233,98,58.18
6037262501,2777,168,102.13,234,43,58.18
6037403721,3790,274,166.57,234,53,58.18
6037503601,3374,280,170.21,234,66,58.18
6037101122,2738,244,148.33,235,6,58.18
6037500202,3795,223,135.56,235,64,58.18
6037574100,4019,190,115.5,235,83,58.18
6037920042,5682,376,228.57,235,136,58.18
6037104103,2973,300,182.37,236,8,58.18
6037277000,4454,237,144.07,236,46,58.18
6037504002,4004,256,155.62,236,66,58.18
6037551800,6245,738,448.63,236,77,58.18
6037571504,3837,284,172.64,236,82,58.18
6037920112,3403,223,135.56,236,143,58.18
6037115301,3632,213,129.48,237,14,58.18
6037603302,3249,294,178.72,237,92,58.79
6037670405,2277,168,102.13,237,99,58.79
6037920028,4768,271,164.74,237,131,58.79
6037296300,3960,234,142.25,238,47,58.79
6037602200,5839,564,342.86,238,90,58.79
6037920034,2635,281,170.82,238,133,58.79
6037297400,3031,181,110.03,239,48,58.79
6037403801,4907,266,161.7,239,53,58.79
6037132102,4387,342,207.9,240,23,58.79
6037265100,2221,167,101.52,240,43,58.79
6037403802,4748,397,241.34,240,53,58.79
6037502100,4180,287,174.47,240,65,58.79
6037570800,4128,322,195.74,240,81,59.39
6037920015,4206,200,121.58,240,128,59.39
6037132700,3828,235,142.86,242,23,59.39
6037402200,5463,461,280.24,243,51,59.39
6037115101,4219,276,167.78,244,14,59.39
6037103400,5673,550,334.35,245,8,59.39
6037111301,5566,454,275.99,245,12,59.39
6037236000,4038,323,196.35,245,40,59.39
6037550500,6088,568,345.29,245,76,60
6037551000,5757,372,226.14,245,76,60
6037576502,3637,336,204.26,245,86,60
6037670413,3666,243,147.72,245,99,60
6037920045,3543,199,120.97,245,138,60
6037480500,3940,277,168.39,246,61,60
6037574000,4204,202,122.8,246,83,60
6037900701,3240,324,196.96,246,113,60
6037482600,5680,439,266.87,247,63,60
6037554521,5132,308,187.23,247,79,60
6037600704,2362,312,189.67,247,87,60
6037543501,5608,388,235.87,248,74,60
6037920329,4239,354,215.2,249,150,60
6037407702,5246,342,207.9,250,55,60
6037543306,6173,481,292.4,250,74,60
6037554512,4943,296,179.94,250,79,60
6037276603,4751,341,207.29,251,46,60.61
6037702600,4805,237,144.07,251,105,60.61
6037910603,4818,337,204.86,251,123,60.61
6037920313,4154,222,134.95,251,147,60.61
6037651102,3217,175,106.38,252,97,60.61
6037300600,7395,432,262.61,253,48,60.61
6037603900,5646,430,261.4,253,92,60.61
6037621324,3166,381,231.61,253,95,60.61
6037920035,5602,402,244.38,253,133,60.61
6037137502,3561,302,183.59,254,25,60.61
6037262706,2798,152,92.4,254,43,61.21
6037503802,3951,202,122.8,254,66,61.21
6037620301,3361,192,116.72,254,93,61.21
6037670411,3317,203,123.4,254,99,61.21
6037800325,2759,191,116.11,254,108,61.21
6037111202,4126,383,232.83,255,12,61.21
6037403316,5541,391,237.69,255,52,61.82
6037461200,3920,251,152.58,256,60,61.82
6037701304,5357,442,268.69,256,102,61.82
6037900605,5096,449,272.95,256,112,61.82
6037400207,3584,208,126.44,257,50,61.82
6037401500,4835,280,170.21,257,51,62.42
6037570001,3957,290,176.29,257,80,62.42
6037570501,5352,438,266.26,257,81,62.42
6037577200,5097,341,207.29,257,86,62.42
6037920108,3371,173,105.17,257,142,62.42
6037500100,3194,301,182.98,258,63,63.03
6037670326,2733,222,134.95,260,99,63.03
6037111302,4463,295,179.33,261,12,63.03
6037124000,4080,253,153.8,261,19,63.03
6037275602,7836,622,378.12,261,46,63.03
6037554522,4201,222,134.95,261,79,63.64
6037601302,5514,409,248.63,261,88,63.64
6037604100,5550,402,244.38,261,92,63.64
6037800332,4861,368,223.71,261,108,63.64
6037910716,4173,255,155.02,261,125,63.64
6037403703,3980,291,176.9,262,53,63.64
6037503502,3276,239,145.29,262,65,63.64
6037577100,5869,364,221.28,263,86,63.64
6037920116,3683,192,116.72,263,144,63.64
6037577501,3071,187,113.68,264,87,63.64
6037401304,4863,358,217.63,265,51,63.64
6037573800,3377,235,142.86,266,83,64.24
6037650502,3524,213,129.48,266,96,64.24
6037405702,3942,309,187.84,267,54,64.24
6037700200,6932,569,345.9,267,100,64.24
6037670328,3811,230,139.82,268,99,64.24
6037800102,5248,442,268.69,269,107,64.85
6037620522,3805,266,161.7,271,94,64.85
6037910209,3471,325,197.57,271,119,64.85
6037106406,4320,332,201.82,272,12,64.85
6037460301,3399,245,148.94,272,59,64.85
6037300400,4688,353,214.59,273,48,65.45
6037571800,2542,200,121.58,273,82,65.45
6037600601,2142,165,100.3,274,87,65.45
6037702102,5341,411,249.85,274,104,65.45
6037430302,4408,315,191.49,275,57,65.45
6037503501,4760,362,220.06,275,65,65.45
6037910002,5372,546,331.91,275,118,65.45
6037403722,3912,238,144.68,277,53,65.45
6037670100,5709,411,249.85,277,98,65.45
6037463800,3053,204,124.01,278,61,66.06
6037670324,3820,299,181.76,278,99,66.06
6037800326,4100,267,162.31,279,108,66.06
6037503702,4144,271,164.74,280,66,66.06
6037576601,4338,419,254.71,280,86,66.06
6037104124,3528,380,231,281,8,66.67
6037463400,4899,341,207.29,281,61,66.67
6037576001,4909,432,262.61,281,85,66.67
6037550300,6030,533,324.01,282,75,66.67
6037920312,4117,232,141.03,284,146,66.67
6037503902,3498,238,144.68,285,66,66.67
6037573402,5256,304,184.8,285,83,67.27
6037910813,3199,311,189.06,285,126,67.27
6037920020,5247,425,258.36,287,129,67.27
6037620602,4240,305,185.41,288,94,67.88
6037650902,4798,353,214.59,288,97,67.88
6037650101,4659,397,241.34,290,96,67.88
6037103200,5169,611,371.43,291,8,68.48
6037295103,4231,293,178.12,291,47,68.48
6037650200,4820,237,144.07,291,96,68.48
6037910805,3992,436,265.05,291,125,68.48
6037651101,4155,236,143.47,294,97,68.48
6037402600,5681,619,376.29,295,52,68.48
6037920017,3668,287,174.47,295,129,68.48
6037181000,5132,348,211.55,296,27,68.48
6037310900,5193,401,243.77,298,50,68.48
6037401701,3594,194,117.93,298,51,69.09
6037502200,5138,408,248.02,299,65,69.09
6037400304,5867,407,247.42,300,50,69.09
6037540902,3846,366,222.49,300,72,69.09
6037570901,4502,237,144.07,300,81,69.7
6037503401,5094,324,196.96,301,65,69.7
6037401202,3810,260,158.05,302,51,69.7
6037900805,3742,411,249.85,302,114,69.7
6037554518,4346,279,169.6,303,79,69.7
6037650702,3892,212,128.88,303,97,70.3
6037300100,4407,455,276.6,304,48,70.3
6037650300,5559,434,263.83,304,96,70.3
6037408402,4988,421,255.93,306,56,70.3
6037543100,5261,425,258.36,306,74,70.91
6037574300,4533,245,148.94,306,84,70.91
6037621104,5689,376,228.57,307,95,70.91
6037920013,4042,252,153.19,307,127,70.91
6037300901,5227,455,276.6,308,48,70.91
6037651222,4839,338,205.47,308,97,71.52
6037400404,3589,196,119.15,310,50,71.52
6037432500,6964,598,363.53,310,58,71.52
6037920111,2299,138,83.89,310,143,71.52
6037236100,4641,343,208.51,311,41,72.12
6037400204,4706,285,173.25,311,50,72.12
6037651201,3911,229,139.21,311,97,72.12
6037574400,3947,222,134.95,312,84,72.12
6037920102,3984,283,172.04,312,140,72.12
6037139701,4472,414,251.67,313,26,72.73
6037620400,3979,222,134.95,313,93,72.73
6037106020,4735,415,252.28,314,12,72.73
6037460100,5065,383,232.83,315,59,72.73
6037900705,3078,300,182.37,316,113,72.73
6037276100,5084,449,272.95,317,46,73.33
6037401602,4369,238,144.68,318,51,73.94
6037901011,3982,227,137.99,319,116,73.94
6037206020,8083,245,148.94,320,33,73.94
6037500700,4992,308,187.23,320,64,73.94
6037650001,4671,390,237.08,321,96,73.94
6037143100,3840,372,226.14,322,26,73.94
6037430502,5625,295,179.33,322,57,74.55
6037572201,4885,236,143.47,322,83,74.55
6037651304,3958,314,190.88,322,98,74.55
6037573700,3797,192,116.72,325,83,74.55
6037577602,2756,166,100.91,325,87,74.55
6037920330,4146,270,164.13,325,150,74.55
6037463900,2846,260,158.05,327,61,75.15
6037670003,4580,329,200,328,98,75.15
6037651001,4697,316,192.1,329,97,75.15
6037400206,4099,183,111.25,330,50,75.15
6037502601,5664,309,187.84,333,65,75.15
6037651002,4025,289,175.68,333,97,75.15
6037910208,4575,332,201.82,333,119,75.76
6037310100,4731,223,135.56,334,49,75.76
6037620800,5930,378,229.79,337,94,75.76
6037500201,5376,318,193.31,343,64,75.76
6037900900,3156,226,137.39,343,114,75.76
6037900609,3568,365,221.88,344,113,76.36
6037570701,5294,487,296.05,345,81,76.36
6037297000,4236,359,218.24,346,48,76.36
6037137201,4722,458,278.42,347,25,76.36
6037573100,5680,451,274.16,347,83,76.36
6037701402,5693,603,366.57,347,102,76.36
6037406500,5051,317,192.71,349,54,76.97
6037910301,3037,203,123.4,350,120,76.97
6037901010,4169,359,218.24,351,116,76.97
6037311500,4490,324,196.96,352,50,77.58
6037650602,6079,483,293.62,354,96,78.18
6037670702,4460,286,173.86,355,99,78.18
6037571900,4356,281,170.82,359,82,78.18
6037900104,4180,356,216.41,359,110,78.18
6037238400,4142,502,305.17,361,41,78.79
6037297601,1838,152,92.4,361,48,78.79
6037575902,4548,418,254.1,362,85,79.39
6037900501,4805,467,283.89,362,110,79.39
6037900504,4708,311,189.06,362,110,79.39
6037901101,3969,293,178.12,362,116,80
6037651302,4792,293,178.12,363,97,80
6037900803,6390,609,370.21,367,113,80.61
6037503703,6634,366,222.49,368,66,80.61
6037900103,4119,358,217.63,368,110,80.61
6037910804,2604,176,106.99,368,125,81.21
6037576602,4029,341,207.29,370,86,81.82
6037111400,6621,458,278.42,372,12,81.82
6037460200,4658,466,283.28,377,59,81.82
6037911001,3413,343,208.51,378,126,82.42
6037543321,4643,324,196.96,383,74,82.42
6037300701,4863,249,151.37,384,48,82.42
6037408503,5340,344,209.12,385,56,83.03
6037702901,9080,805,489.36,385,105,83.64
6037901213,2983,223,135.56,388,117,83.64
6037553200,5960,337,204.86,389,77,84.85
6037577603,6624,391,237.69,391,87,85.45
6037543603,3727,297,180.55,393,75,85.45
6037403600,5250,383,232.83,403,53,85.45
6037910705,8225,658,400,405,123,86.06
6037262604,4637,298,181.16,407,43,86.06
6037276000,4547,317,192.71,408,46,86.06
6037401601,4397,274,166.57,409,51,86.67
6037901009,4317,325,197.57,412,115,86.67
6037571000,4574,244,148.33,416,81,86.67
6037543602,6584,486,295.44,417,75,86.67
6037137402,3980,326,198.18,419,25,87.27
6037910207,4511,311,189.06,424,119,87.27
6037901102,4306,363,220.67,426,116,87.88
6037401312,4542,344,209.12,429,51,87.88
6037703200,4655,360,218.84,429,106,88.48
6037910302,4180,391,237.69,429,120,88.48
6037910202,4189,302,183.59,438,118,89.09
6037571200,6457,332,201.82,442,82,90.3
6037574500,5107,315,191.49,444,84,90.3
6037670701,5596,418,254.1,446,99,90.3
6037910401,5182,388,235.87,449,120,90.3
6037311700,4893,310,188.45,452,50,90.91
6037620701,5306,289,175.68,454,94,90.91
6037910210,5275,390,237.08,468,120,91.52
6037543304,4887,417,253.5,474,74,92.12
6037703002,5710,403,244.98,494,106,92.73
6037703100,4642,429,260.79,501,106,93.33
6037572002,4122,336,204.26,506,83,93.33
6037602600,6933,440,267.48,509,91,93.94
6037573601,4677,374,227.36,521,83,93.94
6037701100,1005,389,236.47,523,101,93.94
6037920031,5241,399,242.55,527,132,95.76
6037206300,5372,686,417.02,565,34,97.58
6037543322,5792,390,237.08,576,74,106.06
6037670602,5769,310,188.45,577,99,110.3
6037401800,6557,355,215.81,626,51,124.85
6037601401,4286,581,353.19,780,88,128.48
6037901004,8859,612,372.04,855,115,139.39
6037901205,8202,564,342.86,861,117,162.42
