geoid2,vet_est,civ_est
6037320000,1,1
6037980001,1,1
6037980002,1,1
6037980003,1,1
6037980004,1,1
6037980005,1,1
6037980006,1,1
6037980007,1,1
6037980013,1,1
6037980014,1,1
6037980018,1,1
6037980020,1,1
6037980022,1,1
6037980023,1,1
6037980025,1,1
6037980028,1,1
6037980030,1,1
6037990100,1,1
6037990200,1,1
6037990300,1,1
6037980009,1,5
6037504102,1,7
6037980021,1,8
6037980033,12,12
6037980026,4,16
6037551600,6,31
6037575500,1,35
6037532400,1,45
6037930101,7,45
6037980008,1,48
6037980010,9,105
6037980019,1,133
6037574700,64,143
6037910811,1,151
6037980024,5,185
6037599100,7,234
6037910812,38,263
6037920011,28,266
6037920026,48,359
6037980015,35,419
6037930200,11,449
6037900102,39,528
6037920033,64,536
6037800331,27,576
6037403200,50,643
6037460401,38,663
6037800330,35,788
6037930301,43,798
6037572800,100,798
6037572100,77,809
6037900201,102,822
6037621002,56,823
6037541001,61,852
6037920012,62,872
6037572400,56,969
6037910205,77,974
6037573401,24,976
6037430200,50,1004
6037701100,523,1005
6037404600,38,1016
6037207400,12,1044
6037574602,81,1062
6037275101,4,1078
6037980031,90,1090
6037550400,58,1094
6037277400,29,1152
6037265410,17,1169
6037433302,27,1176
6037530602,69,1180
6037901209,135,1186
6037577504,90,1194
6037533106,4,1211
6037910403,16,1228
6037571600,43,1231
6037910101,31,1245
6037577604,91,1249
6037203300,14,1251
6037554103,37,1261
6037603004,66,1267
6037461700,48,1304
6037404803,30,1308
6037920303,15,1334
6037910709,87,1345
6037403405,60,1355
6037540201,27,1361
6037433501,28,1364
6037670500,114,1364
6037920119,55,1367
6037620201,46,1376
6037901210,126,1383
6037533203,14,1397
6037535606,38,1398
6037297300,196,1416
6037224310,24,1419
6037113235,50,1422
6037212304,31,1427
6037204410,28,1433
6037219500,102,1438
6037920039,155,1448
6037573003,75,1467
6037242100,1,1478
6037533502,8,1479
6037108104,48,1482
6037501804,37,1486
6037601301,53,1487
6037104703,16,1499
6037265420,53,1503
6037575801,35,1508
6037603006,54,1521
6037533503,23,1527
6037408706,65,1528
6037403500,68,1529
6037534101,43,1535
6037530301,63,1535
6037301300,57,1536
6037670406,50,1541
6037208301,11,1548
6037226002,28,1563
6037408202,6,1570
6037102105,116,1580
6037124103,26,1584
6037573902,77,1592
6037461902,91,1592
6037102103,104,1594
6037294120,5,1609
6037901007,126,1616
6037185204,114,1625
6037600703,84,1632
6037204820,46,1639
6037137504,77,1639
6037226001,5,1649
6037407400,76,1650
6037540400,23,1652
6037463300,85,1654
6037218702,63,1656
6037301501,33,1660
6037920328,95,1662
6037194500,41,1670
6037550000,100,1673
6037186202,57,1674
6037195902,38,1695
6037406411,69,1695
6037403407,38,1704
6037403305,83,1704
6037300902,94,1707
6037541606,39,1720
6037400501,117,1720
6037406402,98,1729
6037212501,87,1730
6037920018,118,1730
6037291120,31,1735
6037404302,32,1737
6037609900,78,1744
6037206050,71,1750
6037530700,16,1757
6037228900,12,1760
6037535503,21,1764
6037554104,55,1764
6037533105,15,1770
6037201504,59,1771
6037120104,27,1774
6037211121,36,1776
6037600502,142,1778
6037201110,76,1780
6037201601,89,1781
6037301205,75,1784
6037600602,31,1786
6037209104,11,1794
6037910809,102,1798
6037113231,98,1803
6037208501,23,1810
6037463000,63,1810
6037137301,92,1813
6037462600,110,1813
6037191204,15,1815
6037574202,107,1821
6037503104,91,1825
6037408004,67,1831
6037189702,61,1832
6037120030,24,1833
6037404501,64,1838
6037297601,361,1838
6037218701,75,1841
6037183104,123,1848
6037234901,71,1853
6037401303,105,1853
6037241300,20,1855
6037601001,142,1858
6037531503,15,1864
6037552400,50,1870
6037570702,145,1870
6037533002,4,1871
6037106641,101,1875
6037433101,42,1881
6037183401,75,1883
6037191302,44,1887
6037650102,110,1887
6037122122,40,1890
6037195720,24,1892
6037311400,107,1892
6037195901,42,1894
6037123205,8,1899
6037402404,1,1905
6037201200,36,1908
6037211921,158,1911
6037224200,3,1915
6037204920,30,1918
6037207103,34,1927
6037121221,53,1936
6037273600,27,1938
6037224420,23,1940
6037532604,8,1943
6037106649,77,1946
6037408630,54,1947
6037480202,73,1948
6037650701,123,1950
6037121102,114,1952
6037224010,14,1957
6037104822,18,1957
6037224020,1,1958
6037209520,35,1961
6037195903,13,1969
6037113301,172,1969
6037127603,35,1970
6037406412,168,1974
6037277200,48,1988
6037199900,28,1991
6037199110,84,1993
6037212102,27,1995
6037502003,51,1996
6037108101,49,1997
6037271100,65,1998
6037533201,19,1999
6037197600,34,2001
6037234200,55,2001
6037542601,16,2002
6037237500,19,2005
6037123520,57,2011
6037270300,78,2014
6037910712,96,2014
6037463101,117,2014
6037651401,74,2015
6037139402,63,2020
6037213320,11,2022
6037670202,92,2027
6037533202,4,2032
6037920041,99,2034
6037920044,145,2038
6037211202,15,2039
6037120010,39,2039
6037294301,74,2041
6037239330,7,2042
6037501501,106,2042
6037600501,140,2043
6037189202,74,2048
6037293306,81,2048
6037293307,59,2052
6037404903,63,2054
6037535400,1,2058
6037920332,85,2060
6037702802,113,2061
6037234501,115,2063
6037124105,32,2068
6037310701,36,2070
6037434004,18,2078
6037143603,90,2078
6037217001,33,2081
6037216100,81,2081
6037209820,12,2082
6037900704,171,2082
6037124104,44,2084
6037408505,96,2087
6037553503,28,2088
6037212701,66,2089
6037121600,80,2091
6037278001,98,2093
6037188202,31,2099
6037670403,164,2099
6037273100,97,2101
6037221602,13,2103
6037125600,60,2104
6037267901,166,2104
6037189903,58,2107
6037554513,74,2107
6037920023,47,2110
6037120105,53,2111
6037800504,106,2113
6037104404,1,2114
6037920322,74,2114
6037191301,18,2115
6037103101,178,2115
6037208902,1,2117
6037189905,16,2118
6037207501,82,2121
6037122121,57,2127
6037192300,95,2127
6037310300,219,2133
6037183510,78,2134
6037123206,44,2135
6037220100,93,2136
6037910810,97,2136
6037135201,101,2139
6037209810,38,2140
6037550201,83,2141
6037117202,120,2141
6037204120,60,2142
6037600601,274,2142
6037191902,60,2144
6037482702,140,2147
6037901008,203,2147
6037600802,179,2149
6037191203,17,2150
6037620901,107,2151
6037221710,27,2152
6037910505,84,2153
6037232110,21,2154
6037124204,39,2155
6037603703,131,2157
6037195804,1,2158
6037228320,32,2160
6037237720,45,2160
6037218500,91,2164
6037106407,110,2164
6037239801,21,2166
6037402803,46,2167
6037294421,66,2169
6037186404,26,2170
6037192001,60,2172
6037267800,54,2174
6037402405,149,2175
6037310602,115,2177
6037574601,5,2180
6037533103,11,2182
6037601211,111,2182
6037533403,20,2187
6037209510,37,2190
6037294701,42,2192
6037403303,110,2194
6037602002,68,2200
6037236204,125,2200
6037228420,1,2201
6037404503,48,2206
6037432801,64,2206
6037262400,130,2206
6037120103,6,2207
6037207102,58,2207
6037620904,61,2207
6037431300,77,2207
6037534403,5,2209
6037117102,62,2210
6037532603,11,2211
6037203500,41,2214
6037189101,111,2215
6037204420,55,2216
6037533701,26,2218
6037221303,46,2218
6037119342,20,2221
6037403404,82,2221
6037265100,240,2221
6037123902,37,2223
6037214600,76,2226
6037532700,25,2234
6037408629,101,2235
6037191710,44,2239
6037533501,1,2241
6037533300,21,2241
6037141500,135,2244
6037531603,32,2246
6037229410,1,2249
6037262302,66,2254
6037139703,94,2254
6037109604,187,2254
6037433401,41,2255
6037117408,67,2255
6037910606,109,2255
6037237102,15,2256
6037433503,25,2257
6037269905,52,2258
6037195802,45,2259
6037291300,175,2260
6037199202,75,2262
6037137104,100,2262
6037541603,42,2266
6037500500,46,2266
6037203900,47,2266
6037272201,88,2266
6037219800,39,2270
6037600304,60,2270
6037296210,45,2272
6037530203,79,2272
6037267600,36,2273
6037211410,28,2275
6037920314,97,2275
6037134424,113,2275
6037576501,228,2275
6037670405,237,2277
6037530601,42,2280
6037186403,92,2281
6037900508,210,2284
6037534802,15,2285
6037211701,35,2288
6037190201,76,2288
6037570002,136,2288
6037221402,109,2289
6037214700,41,2290
6037241201,56,2290
6037121801,90,2290
6037134901,103,2290
6037109100,107,2290
6037194401,38,2293
6037502302,53,2298
6037221601,45,2299
6037920111,310,2299
6037221810,31,2300
6037124500,125,2300
6037481714,22,2302
6037621102,125,2304
6037503901,165,2305
6037600302,165,2305
6037542800,113,2306
6037121101,61,2307
6037190402,103,2309
6037433602,58,2310
6037222001,75,2310
6037241110,19,2311
6037542900,81,2312
6037212305,5,2313
6037107010,37,2314
6037139401,184,2315
6037554405,96,2316
6037104500,15,2317
6037141202,72,2317
6037235201,161,2317
6037400205,136,2318
6037127103,49,2319
6037462800,141,2319
6037183620,54,2320
6037124902,70,2320
6037575803,108,2320
6037920104,145,2320
6037134304,109,2321
6037275603,159,2321
6037124203,63,2322
6037183702,123,2322
6037574201,126,2323
6037401603,183,2323
6037408134,142,2327
6037234502,126,2329
6037214501,44,2330
6037532001,36,2331
6037800406,114,2337
6037542402,39,2340
6037800328,101,2345
6037201503,21,2346
6037402001,160,2347
6037186301,20,2350
6037650605,185,2350
6037201602,70,2351
6037462202,22,2352
6037119341,41,2352
6037109200,153,2354
6037185320,16,2357
6037271200,27,2357
6037403406,103,2359
6037311801,135,2359
6037910402,119,2360
6037211201,45,2362
6037262301,62,2362
6037262303,122,2362
6037600704,247,2362
6037218800,97,2363
6037542104,33,2364
6037603500,103,2364
6037187200,26,2366
6037115404,52,2368
6037204200,6,2370
6037127806,36,2370
6037554801,39,2370
6037213100,57,2372
6037190801,54,2373
6037404703,51,2374
6037189904,27,2375
6037543701,84,2378
6037221820,26,2380
6037208402,29,2380
6037920032,139,2381
6037191620,26,2382
6037239601,59,2383
6037212306,64,2383
6037481800,100,2386
6037650501,152,2386
6037141304,62,2387
6037127712,67,2387
6037482001,173,2388
6037212203,37,2389
6037400302,177,2389
6037134521,9,2391
6037237402,110,2391
6037186203,110,2392
6037531502,38,2393
6037405002,26,2395
6037534203,22,2398
6037540700,56,2400
6037123204,16,2401
6037192002,45,2402
6037195803,36,2405
6037400604,76,2406
6037232200,94,2406
6037531102,13,2408
6037541100,90,2408
6037273700,95,2410
6037300501,94,2411
6037224320,18,2412
6037120107,8,2413
6037111100,160,2413
6037900804,122,2415
6037503301,130,2415
6037481605,78,2417
6037433306,9,2418
6037204110,22,2418
6037920036,93,2418
6037460800,189,2419
6037534302,26,2420
6037574800,127,2423
6037463700,181,2423
6037542106,19,2425
6037601801,34,2425
6037570404,37,2429
6037294820,52,2429
6037221120,42,2432
6037433307,62,2433
6037502802,75,2435
6037900505,204,2435
6037262802,95,2436
6037555002,97,2438
6037106408,24,2440
6037900606,169,2441
6037205120,12,2443
6037119340,26,2447
6037121210,72,2448
6037910206,148,2448
6037212502,52,2449
6037541002,164,2450
6037406701,128,2451
6037265201,64,2452
6037224600,35,2453
6037480903,49,2453
6037238320,31,2455
6037264103,52,2456
6037185310,38,2457
6037117407,17,2458
6037800506,83,2458
6037294900,58,2459
6037212204,8,2461
6037401001,200,2463
6037128220,44,2465
6037221210,71,2465
6037408723,90,2465
6037401201,183,2467
6037296402,190,2471
6037228410,1,2472
6037401102,145,2472
6037135113,131,2473
6037533107,27,2474
6037219010,33,2474
6037199700,56,2476
6037262100,97,2477
6037481713,27,2478
6037106010,166,2480
6037127604,49,2482
6037117405,1,2484
6037241002,103,2484
6037533806,1,2488
6037211704,22,2489
6037650003,131,2491
6037294520,43,2493
6037143902,49,2493
6037570100,171,2493
6037227020,32,2494
6037264000,172,2500
6037123303,51,2502
6037106603,80,2503
6037141700,139,2504
6037482102,128,2505
6037277100,104,2506
6037216800,122,2507
6037104821,16,2509
6037183221,41,2510
6037599000,90,2510
6037532002,56,2513
6037239602,41,2516
6037265602,128,2517
6037241400,15,2519
6037132001,128,2519
6037433902,48,2520
6037571703,68,2520
6037226410,4,2522
6037920040,103,2522
6037408623,115,2522
6037240010,16,2524
6037920110,71,2526
6037264102,82,2526
6037203710,19,2528
6037297120,56,2529
6037408501,37,2531
6037189300,81,2532
6037141102,94,2533
6037139502,64,2534
6037104403,35,2535
6037269602,69,2537
6037239502,64,2538
6037293301,139,2540
6037190802,25,2541
6037571800,273,2542
6037534404,26,2543
6037104620,37,2543
6037301701,68,2543
6037183402,19,2544
6037231210,30,2544
6037271500,174,2546
6037920106,163,2547
6037702803,137,2551
6037204910,34,2552
6037216402,65,2552
6037900607,155,2557
6037294830,18,2558
6037431002,154,2559
6037236203,166,2560
6037135111,77,2562
6037218600,30,2563
6037535002,33,2563
6037575901,73,2563
6037535603,24,2565
6037572500,140,2565
6037209103,11,2566
6037700700,85,2566
6037132002,134,2570
6037122410,67,2571
6037311200,216,2571
6037269906,68,2573
6037106642,122,2574
6037124201,154,2574
6037536102,108,2580
6037117510,35,2581
6037211320,9,2587
6037228710,51,2590
6037572302,90,2590
6037532800,8,2591
6037900608,213,2591
6037530802,43,2594
6037402705,77,2594
6037310400,122,2595
6037109300,126,2595
6037208801,8,2596
6037131100,103,2598
6037408704,103,2600
6037214902,41,2601
6037910804,368,2604
6037553400,75,2607
6037104610,23,2613
6037186401,21,2616
6037544002,78,2617
6037500300,69,2619
6037651221,119,2620
6037128303,55,2621
6037113102,120,2625
6037183610,68,2626
6037555202,227,2626
6037910808,177,2627
6037554101,49,2629
6037221401,88,2629
6037273800,95,2632
6037620002,142,2632
6037101220,85,2633
6037191820,53,2634
6037601502,62,2635
6037920034,238,2635
6037461400,53,2637
6037231100,57,2637
6037269907,13,2639
6037127606,93,2640
6037405301,200,2640
6037205110,10,2641
6037214000,78,2642
6037232800,4,2646
6037239201,28,2646
6037406101,94,2646
6037501700,84,2648
6037240402,74,2649
6037501001,50,2650
6037273300,41,2652
6037621326,156,2652
6037535501,17,2653
6037131200,160,2653
6037214400,18,2654
6037570402,128,2654
6037237710,34,2656
6037910714,43,2658
6037273502,61,2663
6037602302,194,2664
6037269601,67,2666
6037139801,146,2666
6037536000,54,2668
6037533702,19,2670
6037481902,111,2671
6037482502,54,2672
6037218110,111,2672
6037576904,63,2676
6037127711,74,2676
6037108103,169,2676
6037104401,14,2678
6037187102,34,2679
6037262601,104,2679
6037273402,86,2684
6037408624,147,2684
6037211922,25,2685
6037134522,77,2686
6037577400,147,2688
6037600801,171,2691
6037269800,52,2694
6037920029,196,2694
6037530901,24,2695
6037543703,159,2695
6037123020,59,2697
6037239501,18,2698
6037214800,30,2698
6037296401,116,2700
6037403901,129,2700
6037531604,25,2701
6037215101,36,2703
6037910502,75,2705
6037543201,94,2708
6037237101,45,2710
6037534405,19,2713
6037111201,162,2713
6037570203,30,2714
6037533902,6,2720
6037503106,176,2720
6037123203,31,2721
6037600911,171,2722
6037501504,108,2723
6037212101,51,2725
6037212303,30,2726
6037543305,88,2727
6037576903,74,2730
6037670326,260,2733
6037533805,12,2734
6037124600,93,2734
6037191720,9,2735
6037575402,37,2736
6037195202,87,2737
6037603200,99,2737
6037101122,235,2738
6037272301,69,2739
6037273200,85,2741
6037208802,70,2743
6037432902,94,2743
6037127104,80,2744
6037183300,72,2746
6037404201,142,2746
6037554301,153,2746
6037212420,35,2749
6037121802,149,2750
6037231710,24,2751
6037187101,37,2752
6037294810,35,2753
6037183820,74,2753
6037402904,136,2753
6037577602,325,2756
6037106403,94,2759
6037800325,254,2759
6037104701,34,2761
6037480802,189,2763
6037551201,57,2764
6037269500,67,2764
6037542103,41,2765
6037104204,125,2765
6037291110,119,2767
6037228210,36,2768
6037211804,28,2769
6037185203,30,2769
6037211122,75,2769
6037501802,101,2771
6037408006,77,2772
6037407302,89,2775
6037910602,148,2775
6037262501,234,2777
6037553300,62,2779
6037480703,130,2779
6037222200,60,2780
6037573002,63,2781
6037602801,51,2786
6037237201,53,2786
6037480002,155,2786
6037291130,85,2787
6037271901,96,2787
6037552002,122,2789
6037530003,179,2789
6037463200,163,2790
6037195600,35,2791
6037430721,72,2792
6037267902,120,2792
6037702700,106,2793
6037206010,36,2795
6037113212,82,2796
6037701701,83,2796
6037207502,93,2796
6037117520,18,2797
6037407002,91,2798
6037262706,254,2798
6037551101,68,2799
6037186201,117,2801
6037234800,107,2808
6037433802,116,2808
6037218210,85,2809
6037212202,18,2810
6037195201,77,2810
6037237600,84,2810
6037190700,80,2811
6037201120,57,2816
6037189102,38,2822
6037214503,79,2825
6037530400,82,2825
6037192620,8,2828
6037481300,54,2828
6037532605,68,2828
6037408627,123,2828
6037482304,34,2829
6037402804,40,2829
6037269300,98,2830
6037601501,24,2831
6037123602,75,2831
6037265601,123,2832
6037183520,31,2833
6037910404,108,2833
6037239310,35,2834
6037291220,77,2835
6037408140,76,2836
6037533402,1,2837
6037262704,104,2838
6037106646,116,2839
6037208502,22,2843
6037187300,38,2843
6037570303,104,2843
6037224410,26,2844
6037572202,82,2844
6037463900,327,2846
6037221304,54,2847
6037106645,165,2848
6037462302,40,2852
6037573403,189,2853
6037221110,16,2855
6037574901,119,2855
6037242000,125,2857
6037124300,55,2858
6037108102,137,2861
6037103300,199,2861
6037210010,24,2862
6037267700,34,2863
6037239702,46,2864
6037106113,143,2865
6037402303,51,2866
6037533104,16,2868
6037122200,33,2868
6037621204,141,2868
6037670001,150,2868
6037554001,205,2868
6037601802,33,2869
6037190401,32,2871
6037191901,106,2873
6037405701,45,2874
6037600303,52,2874
6037211420,38,2877
6037543601,55,2878
6037404401,58,2878
6037267404,53,2881
6037701202,64,2881
6037183222,139,2882
6037214901,54,2886
6037602506,199,2886
6037209403,26,2887
6037128801,131,2887
6037125501,205,2887
6037302506,75,2888
6037570902,210,2890
6037128602,97,2893
6037183101,108,2893
6037239320,26,2894
6037134001,20,2895
6037534804,6,2896
6037234902,87,2896
6037221220,31,2897
6037481603,76,2898
6037462001,74,2900
6037920107,80,2900
6037237401,101,2900
6037553701,19,2901
6037602004,98,2901
6037109400,114,2904
6037278102,103,2905
6037209402,40,2906
6037432401,61,2906
6037602700,170,2907
6037407802,129,2909
6037123010,74,2910
6037115403,121,2910
6037125200,96,2913
6037141303,104,2913
6037601202,40,2916
6037117303,167,2916
6037228220,31,2919
6037215102,61,2920
6037700901,92,2924
6037575102,56,2925
6037201301,78,2926
6037407602,85,2926
6037234700,136,2929
6037401002,224,2929
6037219902,35,2932
6037271400,174,2935
6037620521,130,2937
6037701201,187,2939
6037296500,60,2940
6037311000,96,2940
6037203720,70,2941
6037910201,158,2941
6037620102,205,2941
6037128101,53,2942
6037601600,39,2946
6037554203,42,2946
6037261101,98,2947
6037267502,30,2948
6037209401,41,2949
6037194102,135,2949
6037204600,55,2951
6037532500,29,2952
6037134423,206,2956
6037536104,35,2958
6037121020,37,2958
6037214100,65,2958
6037221500,139,2962
6037403402,147,2963
6037602505,134,2965
6037131702,178,2965
6037543903,137,2966
6037554519,140,2966
6037199300,88,2972
6037405203,76,2973
6037104103,236,2973
6037191810,19,2975
6037600201,92,2976
6037531504,69,2980
6037134421,88,2980
6037530204,12,2982
6037603802,182,2983
6037901213,388,2983
6037237800,200,2984
6037533001,30,2985
6037501803,91,2985
6037219300,178,2985
6037408135,142,2986
6037113101,141,2987
6037603102,192,2988
6037270200,94,2989
6037554511,98,2989
6037554302,64,2990
6037208904,34,2992
6037550901,170,2995
6037297201,113,2996
6037573300,9,2999
6037463102,67,2999
6037502902,70,2999
6037199201,83,3001
6037920115,217,3002
6037650603,213,3003
6037670201,233,3003
6037481201,51,3004
6037406902,57,3006
6037403702,192,3006
6037195300,82,3007
6037191420,155,3010
6037402304,55,3013
6037132502,85,3014
6037194300,66,3019
6037502402,124,3019
6037192510,16,3020
6037197420,23,3020
6037405900,140,3022
6037119201,63,3024
6037408139,83,3026
6037194200,109,3026
6037920331,170,3026
6037571704,94,3027
6037134302,133,3027
6037242600,24,3028
6037194101,71,3029
6037297400,239,3031
6037534201,34,3034
6037296902,233,3034
6037571503,198,3035
6037296901,83,3037
6037910301,350,3037
6037535001,32,3040
6037275102,147,3043
6037462900,166,3043
6037480201,158,3044
6037532102,34,3048
6037120020,29,3049
6037125502,100,3049
6037213310,38,3050
6037106648,33,3051
6037503801,203,3051
6037188201,82,3053
6037463800,278,3053
6037127805,10,3056
6037189400,135,3057
6037403322,119,3058
6037620303,150,3058
6037120106,37,3060
6037701702,98,3060
6037294110,140,3060
6037197200,92,3061
6037320201,117,3061
6037530004,121,3061
6037408136,161,3062
6037132900,117,3063
6037554404,91,3064
6037211803,46,3066
6037576302,69,3067
6037402801,39,3069
6037127605,52,3069
6037502500,85,3071
6037577501,264,3071
6037482401,56,3073
6037900705,316,3078
6037535604,11,3079
6037213202,17,3081
6037267403,91,3081
6037216700,110,3082
6037575001,100,3085
6037530902,10,3087
6037480303,64,3089
6037121900,52,3090
6037123103,53,3091
6037502004,46,3094
6037576802,169,3095
6037261102,212,3097
6037113211,99,3098
6037543400,158,3098
6037265304,1,3099
6037239701,11,3099
6037188300,60,3101
6037134306,102,3101
6037670002,229,3102
6037203100,44,3105
6037143604,109,3105
6037910501,146,3105
6037124102,37,3108
6037294610,42,3111
6037183701,88,3111
6037540600,79,3112
6037402903,81,3117
6037555104,95,3118
6037408625,166,3119
6037910605,92,3120
6037311802,151,3120
6037296220,76,3121
6037571102,204,3124
6037228720,24,3126
6037212702,93,3126
6037572301,74,3128
6037533703,4,3131
6037480803,116,3131
6037271801,79,3132
6037503105,100,3133
6037229420,35,3134
6037462002,75,3134
6037554105,86,3134
6037311300,122,3134
6037265202,89,3135
6037570204,180,3135
6037272202,35,3140
6037408137,118,3140
6037554204,142,3140
6037111205,178,3140
6037434001,86,3143
6037181500,147,3143
6037301400,52,3144
6037553801,23,3145
6037119310,91,3146
6037576301,148,3148
6037481102,51,3149
6037115302,61,3150
6037302201,1,3151
6037602509,51,3154
6037481604,86,3154
6037900900,343,3156
6037407502,72,3157
6037212800,28,3158
6037183220,88,3158
6037702202,132,3158
6037503402,201,3158
6037104704,104,3159
6037134305,22,3161
6037534301,17,3162
6037480101,104,3162
6037900703,228,3164
6037123901,97,3166
6037621324,253,3166
6037480902,76,3167
6037910504,124,3167
6037407601,63,3168
6037500403,102,3168
6037501900,174,3168
6037553702,9,3170
6037127520,45,3170
6037311100,128,3171
6037294302,100,3172
6037402002,165,3173
6037241001,53,3176
6037531202,10,3177
6037402706,35,3178
6037197500,49,3178
6037433700,155,3180
6037228310,16,3182
6037222100,42,3182
6037189701,114,3182
6037554201,57,3183
6037575202,30,3184
6037501400,158,3185
6037553502,165,3186
6037530006,113,3188
6037269100,90,3189
6037119001,92,3189
6037408800,113,3191
6037910707,190,3191
6037602900,86,3193
6037275400,212,3194
6037500100,258,3194
6037555212,69,3196
6037910813,285,3199
6037570603,184,3200
6037302002,51,3201
6037602003,71,3201
6037573004,141,3202
6037554515,203,3204
6037552302,153,3205
6037532304,160,3205
6037310501,32,3207
6037552001,146,3207
6037575201,63,3208
6037603301,136,3208
6037530500,68,3209
6037217200,95,3209
6037242300,54,3210
6037551502,123,3210
6037404902,63,3214
6037199120,57,3216
6037920038,171,3216
6037651102,252,3217
6037534002,28,3228
6037134002,79,3229
6037462400,127,3231
6037240800,45,3232
6037124903,120,3233
6037143901,89,3235
6037554516,120,3236
6037603101,216,3236
6037190202,50,3237
6037122420,44,3240
6037900506,122,3240
6037900701,246,3240
6037533601,28,3241
6037228600,48,3245
6037128400,102,3245
6037430501,185,3245
6037127803,61,3246
6037297602,98,3248
6037462201,211,3248
6037135102,219,3249
6037603302,237,3249
6037102107,183,3250
6037460502,160,3251
6037102104,133,3252
6037461501,132,3254
6037190520,59,3257
6037602507,152,3258
6037297202,151,3261
6037294510,79,3263
6037400602,95,3263
6037503201,159,3268
6037482201,79,3269
6037900806,108,3271
6037190902,79,3275
6037503502,262,3276
6037269700,62,3277
6037237900,127,3277
6037620001,201,3277
6037192700,89,3280
6037189201,74,3282
6037404202,76,3283
6037542501,102,3284
6037575300,18,3286
6037207101,55,3289
6037183810,65,3291
6037191610,21,3292
6037570403,33,3293
6037139802,118,3294
6037123420,28,3298
6037269903,61,3298
6037113237,92,3298
6037700802,143,3300
6037542105,14,3301
6037543905,51,3302
6037432101,96,3303
6037534406,8,3306
6037106405,89,3312
6037531902,133,3312
6037127920,72,3314
6037670411,254,3317
6037431502,148,3318
6037137401,161,3318
6037400403,148,3325
6037543502,196,3325
6037221900,1,3327
6037535605,21,3327
6037189600,128,3327
6037117301,120,3328
6037400402,209,3328
6037231220,30,3333
6037650004,140,3333
6037543000,145,3333
6037600400,182,3335
6037405102,72,3339
6037275200,88,3339
6037117201,88,3340
6037535803,33,3344
6037294410,105,3344
6037192410,102,3345
6037229200,61,3346
6037302104,42,3347
6037407501,73,3347
6037203800,106,3348
6037101400,158,3348
6037543202,17,3349
6037211500,107,3349
6037301802,35,3350
6037701602,91,3350
6037123304,136,3354
6037670416,193,3354
6037302003,52,3355
6037127804,84,3355
6037408302,179,3355
6037433403,27,3358
6037227010,13,3359
6037185202,129,3360
6037431400,215,3361
6037620301,254,3361
6037206031,117,3363
6037181300,123,3364
6037532606,61,3365
6037535607,8,3367
6037603400,163,3367
6037535102,26,3368
6037106604,74,3369
6037576801,219,3369
6037920108,257,3371
6037400900,211,3372
6037219901,44,3374
6037503601,234,3374
6037408401,138,3376
6037573800,266,3377
6037571300,166,3379
6037500402,60,3382
6037570003,201,3385
6037123410,79,3386
6037430723,93,3389
6037219700,102,3389
6037113303,168,3389
6037553601,65,3390
6037113232,200,3391
6037302505,49,3392
6037240300,47,3393
6037237202,66,3394
6037141600,110,3395
6037206200,108,3396
6037115103,35,3397
6037460301,272,3399
6037533804,63,3401
6037231800,43,3403
6037920112,236,3403
6037213402,33,3406
6037208903,63,3406
6037208302,4,3407
6037573201,66,3407
6037232500,150,3407
6037228500,73,3408
6037208720,51,3409
6037261200,144,3409
6037404802,129,3411
6037209200,27,3412
6037433402,51,3413
6037911001,378,3413
6037534803,62,3418
6037211310,21,3419
6037269904,86,3420
6037552602,96,3420
6037128601,94,3421
6037542502,101,3422
6037552301,86,3423
6037433504,20,3427
6037702502,95,3428
6037218400,146,3428
6037228100,11,3430
6037602105,129,3432
6037119202,94,3433
6037271702,44,3434
6037570304,109,3437
6037134104,128,3437
6037143700,81,3438
6037701502,146,3438
6037480702,213,3438
6037575101,74,3439
6037920016,180,3439
6037302504,64,3440
6037434003,16,3441
6037213201,22,3442
6037238100,218,3445
6037294620,38,3449
6037208401,84,3451
6037401703,183,3451
6037122120,121,3452
6037208620,45,3455
6037431600,150,3455
6037222002,57,3456
6037293304,182,3456
6037123700,82,3459
6037302503,35,3461
6037135202,97,3461
6037183103,118,3462
6037576403,164,3465
6037204300,49,3466
6037604001,56,3468
6037271902,112,3468
6037133000,199,3468
6037482503,30,3469
6037218220,105,3469
6037910209,271,3471
6037212620,67,3472
6037551402,136,3474
6037212610,60,3477
6037276400,155,3479
6037194402,35,3481
6037228800,52,3481
6037554600,84,3481
6037601900,1,3483
6037192420,8,3486
6037219020,85,3486
6037540901,23,3488
6037430901,108,3490
6037502602,63,3494
6037197300,78,3498
6037432300,135,3498
6037503902,285,3498
6037900300,204,3500
6037551501,63,3502
6037460600,139,3503
6037431900,54,3504
6037195710,68,3505
6037531101,24,3507
6037192610,79,3507
6037229100,7,3509
6037571101,212,3511
6037119320,55,3512
6037234300,200,3512
6037272302,148,3513
6037430802,48,3514
6037603600,218,3514
6037531702,66,3515
6037602504,100,3515
6037432901,94,3517
6037212900,96,3517
6037407101,133,3518
6037532302,61,3520
6037530202,140,3521
6037188100,42,3524
6037301602,96,3524
6037650502,266,3524
6037534502,62,3525
6037209300,34,3527
6037551401,158,3528
6037104124,281,3528
6037404504,167,3529
6037276601,179,3530
6037571502,185,3536
6037139504,53,3539
6037241120,105,3539
6037480704,123,3539
6037203200,71,3540
6037109603,108,3540
6037121010,139,3541
6037109500,13,3543
6037920045,245,3543
6037542000,13,3544
6037120108,91,3544
6037432202,106,3545
6037503602,138,3550
6037403319,220,3553
6037554517,148,3554
6037124400,100,3556
6037134201,124,3556
6037191110,50,3557
6037113234,133,3558
6037211802,36,3560
6037199400,53,3560
6037137502,254,3561
6037128302,55,3562
6037402703,92,3562
6037702201,103,3563
6037201302,94,3565
6037900609,344,3568
6037650401,150,3569
6037502005,137,3570
6037128910,144,3572
6037101110,97,3574
6037554700,138,3577
6037406901,201,3577
6037462301,172,3579
6037576700,106,3580
6037302301,115,3580
6037134103,168,3582
6037550602,155,3583
6037400207,257,3584
6037621400,198,3589
6037400404,310,3589
6037109700,125,3591
6037532303,67,3593
6037482800,143,3594
6037113322,198,3594
6037401701,298,3594
6037534001,21,3595
6037553602,86,3595
6037576402,74,3596
6037571400,165,3599
6037481001,77,3602
6037123104,90,3602
6037132501,103,3604
6037123301,56,3605
6037235202,161,3606
6037482701,129,3608
6037241202,139,3613
6037131900,175,3613
6037137501,163,3614
6037128210,44,3619
6037408303,204,3619
6037621001,224,3622
6037542401,106,3624
6037534700,33,3625
6037575401,138,3626
6037402102,157,3626
6037139303,83,3628
6037430600,147,3628
6037297110,141,3629
6037117404,44,3630
6037407701,94,3630
6037115301,237,3632
6037544001,157,3635
6037134905,48,3636
6037134904,78,3636
6037576502,245,3637
6037189800,37,3640
6037273902,128,3640
6037104201,49,3641
6037576401,53,3645
6037430301,209,3645
6037531602,27,3647
6037191120,106,3649
6037211910,58,3650
6037192520,53,3653
6037800410,62,3653
6037530005,190,3654
6037128500,191,3655
6037229300,46,3662
6037431501,168,3662
6037404402,119,3664
6037670413,245,3666
6037106111,135,3668
6037920017,295,3668
6037190901,62,3671
6037238310,85,3671
6037576503,110,3674
6037402406,71,3675
6037272100,133,3675
6037239202,17,3676
6037201401,50,3679
6037530801,80,3679
6037231720,59,3680
6037271300,99,3681
6037137302,200,3681
6037920116,263,3683
6037240200,26,3685
6037433102,64,3685
6037531301,41,3686
6037430400,131,3689
6037127220,51,3690
6037104203,72,3695
6037134720,80,3696
6037143200,106,3696
6037601303,189,3696
6037274100,145,3698
6037239802,52,3699
6037481101,113,3699
6037302004,29,3700
6037125402,116,3703
6037212410,47,3704
6037294200,89,3708
6037460700,143,3710
6037191410,70,3711
6037262200,135,3714
6037231900,18,3717
6037236400,233,3717
6037405201,50,3718
6037602802,102,3718
6037480304,57,3719
6037191000,81,3722
6037231500,90,3722
6037181400,120,3723
6037621004,114,3725
6037482301,63,3726
6037543603,393,3727
6037203600,38,3728
6037432602,56,3730
6037531000,56,3732
6037141201,91,3732
6037132101,162,3736
6037240401,37,3739
6037403317,191,3739
6037900805,302,3742
6037408003,120,3743
6037432201,70,3747
6037234600,134,3750
6037127300,114,3751
6037603801,144,3751
6037131701,104,3753
6037408724,129,3761
6037296600,193,3761
6037481711,92,3764
6037197410,119,3766
6037501200,202,3767
6037121222,23,3769
6037128102,84,3770
6037800204,95,3771
6037211000,113,3771
6037535502,30,3773
6037103102,106,3775
6037190510,64,3776
6037601002,97,3776
6037700102,90,3777
6037104310,69,3779
6037700501,135,3780
6037535702,9,3781
6037430102,107,3782
6037101300,124,3782
6037534202,30,3783
6037404000,173,3783
6037430724,95,3784
6037430902,105,3785
6037189500,116,3786
6037106510,112,3787
6037540300,57,3789
6037575802,121,3790
6037403721,234,3790
6037138000,182,3791
6037553000,125,3792
6037408005,127,3792
6037139301,128,3792
6037503000,65,3795
6037500202,235,3795
6037573700,325,3797
6037222500,50,3798
6037143602,200,3798
6037216401,49,3799
6037480102,106,3801
6037111206,187,3802
6037702400,83,3804
6037460000,175,3804
6037620522,271,3805
6037240020,133,3808
6037242700,65,3809
6037481500,91,3809
6037460302,213,3809
6037207710,102,3810
6037401202,302,3810
6037670328,268,3811
6037123510,106,3813
6037204810,22,3815
6037670324,278,3820
6037400603,111,3823
6037601700,37,3825
6037208710,54,3828
6037430003,192,3828
6037132700,242,3828
6037270100,99,3832
6037600702,138,3834
6037571504,236,3837
6037143100,322,3840
6037701601,140,3842
6037554406,195,3844
6037701802,185,3846
6037540902,300,3846
6037143500,66,3848
6037408722,85,3853
6037208610,88,3855
6037702501,26,3856
6037406800,144,3856
6037232120,9,3858
6037700600,229,3861
6037533602,37,3863
6037554514,129,3863
6037243100,51,3864
6037134422,228,3867
6037433305,6,3869
6037482101,96,3870
6037104108,110,3870
6037106643,155,3873
6037503202,132,3876
6037218120,67,3882
6037555103,222,3883
6037408504,230,3884
6037265305,1,3888
6037480302,124,3888
6037271600,101,3889
6037541605,85,3890
6037500404,188,3891
6037650702,303,3892
6037204700,20,3894
6037301203,80,3896
6037274202,174,3897
6037191201,106,3899
6037533401,17,3902
6037503103,130,3903
6037402101,170,3906
6037541801,97,3907
6037535804,51,3909
6037480012,134,3909
6037127910,73,3911
6037651201,311,3911
6037406000,139,3912
6037141400,176,3912
6037403722,277,3912
6037531800,58,3914
6037432802,10,3915
6037232300,148,3915
6037211703,88,3918
6037501002,150,3920
6037461200,256,3920
6037535901,67,3923
6037900602,194,3924
6037541802,48,3925
6037213401,66,3925
6037401901,5,3928
6037501503,124,3929
6037119900,145,3929
6037238200,219,3932
6037401101,147,3933
6037403403,178,3934
6037575002,161,3938
6037432700,73,3940
6037480500,246,3940
6037405702,267,3942
6037910713,181,3944
6037574400,312,3947
6037237300,187,3948
6037534501,37,3949
6037402501,17,3950
6037503802,254,3951
6037570001,257,3957
6037651304,322,3958
6037296300,238,3960
6037408141,57,3962
6037137000,154,3962
6037301000,95,3964
6037405202,80,3965
6037407301,207,3966
6037119700,114,3968
6037131600,155,3968
6037901101,362,3969
6037408626,204,3970
6037531201,56,3973
6037604002,87,3974
6037181600,89,3974
6037502401,169,3977
6037603702,197,3978
6037551102,61,3979
6037235100,162,3979
6037461100,167,3979
6037620400,313,3979
6037403703,262,3980
6037137402,419,3980
6037901011,319,3982
6037403312,150,3984
6037920102,312,3984
6037553902,81,3985
6037910805,291,3992
6037310703,104,3995
6037240900,112,3995
6037301801,44,3996
6037554403,124,4004
6037403902,185,4004
6037504002,236,4004
6037276604,204,4008
6037128802,153,4009
6037226420,1,4010
6037602104,113,4014
6037297500,220,4015
6037141101,125,4016
6037574100,235,4019
6037601402,97,4020
6037651002,333,4025
6037433304,9,4026
6037576602,370,4029
6037236000,245,4038
6037550601,110,4042
6037920013,307,4042
6037572900,187,4045
6037265510,93,4048
6037403320,134,4048
6037620101,185,4048
6037109601,208,4052
6037481103,61,4057
6037482522,191,4058
6037575103,201,4059
6037500800,71,4063
6037131300,102,4064
6037117101,69,4065
6037402702,45,4067
6037408138,66,4068
6037480011,109,4068
6037113213,201,4075
6037910706,179,4080
6037124000,261,4080
6037115104,128,4083
6037402301,139,4084
6037222700,5,4085
6037531701,29,4086
6037551900,216,4086
6037541300,87,4088
6037404301,199,4089
6037480804,88,4092
6037403325,120,4093
6037540203,152,4096
6037461901,79,4099
6037400206,330,4099
6037800326,279,4100
6037481606,53,4101
6037139600,121,4101
6037552601,139,4103
6037503701,214,4103
6037602403,97,4105
6037504101,155,4110
6037195100,162,4116
6037920312,284,4117
6037206032,10,4118
6037216300,91,4118
6037900103,368,4119
6037572002,506,4122
6037125401,66,4126
6037117302,201,4126
6037111202,255,4126
6037433901,41,4127
6037570800,240,4128
6037199800,13,4129
6037195400,129,4129
6037291210,185,4132
6037572600,182,4134
6037551300,125,4136
6037404702,80,4137
6037310800,199,4139
6037240600,22,4140
6037405400,222,4140
6037186100,134,4142
6037238400,361,4142
6037503702,280,4144
6037920330,325,4146
6037231400,130,4148
6037552200,131,4148
6037702801,187,4151
6037106112,229,4153
6037920313,251,4154
6037651101,294,4155
6037231300,96,4160
6037218300,35,4161
6037300702,50,4162
6037553504,71,4162
6037139302,196,4163
6037199000,51,4166
6037901010,351,4169
6037910716,261,4173
6037542700,57,4174
6037535300,55,4177
6037221302,58,4180
6037920338,214,4180
6037502100,240,4180
6037900104,359,4180
6037910302,429,4180
6037234000,183,4182
6037541500,1,4184
6037310202,94,4184
6037402403,88,4186
6037135114,177,4188
6037293202,93,4189
6037910202,438,4189
6037430101,168,4194
6037541604,47,4199
6037600912,25,4201
6037530101,63,4201
6037543801,146,4201
6037554522,261,4201
6037800203,170,4202
6037123601,44,4204
6037574000,246,4204
6037265520,142,4206
6037320202,151,4206
6037920015,240,4206
6037482202,83,4208
6037603005,119,4208
6037700502,118,4213
6037217002,101,4215
6037920109,160,4215
6037201402,105,4216
6037555211,73,4217
6037554002,76,4217
6037115101,244,4219
6037295103,291,4231
6037555001,75,4235
6037297000,346,4236
6037293302,134,4237
6037404701,14,4239
6037920329,249,4239
6037620602,288,4240
6037107020,118,4241
6037480901,116,4242
6037119400,102,4243
6037139001,142,4248
6037533901,38,4253
6037433601,71,4254
6037572700,213,4255
6037407801,137,4257
6037275302,204,4261
6037460501,187,4264
6037408631,228,4265
6037530102,121,4266
6037137103,226,4266
6037240500,60,4268
6037576901,116,4276
6037401203,227,4277
6037134710,90,4278
6037197700,8,4281
6037572001,211,4282
6037601401,780,4286
6037186302,89,4287
6037542602,84,4288
6037430701,159,4289
6037115202,201,4289
6037109800,102,4294
6037570601,106,4296
6037920043,127,4296
6037209102,78,4300
6037106520,135,4300
6037540502,19,4301
6037104810,64,4302
6037920030,161,4306
6037901102,426,4306
6037108201,162,4309
6037403401,173,4309
6037220000,144,4316
6037403304,226,4316
6037536103,118,4317
6037901009,412,4317
6037106406,272,4320
6037242200,31,4322
6037405101,94,4325
6037620601,193,4331
6037300200,202,4332
6037701501,75,4333
6037127210,139,4333
6037125310,60,4336
6037403323,181,4338
6037576601,280,4338
6037500600,80,4339
6037701902,172,4345
6037554518,303,4346
6037552800,178,4348
6037106114,68,4349
6037302202,29,4353
6037571900,359,4356
6037430803,225,4357
6037104105,73,4358
6037534102,16,4363
6037602106,87,4363
6037216900,99,4363
6037401602,318,4369
6037236202,167,4374
6037405800,167,4375
6037535200,14,4383
6037462700,105,4384
6037701302,145,4386
6037265700,152,4387
6037132102,240,4387
6037535701,46,4396
6037533803,72,4396
6037401601,409,4397
6037301206,52,4401
6037408301,48,4404
6037300100,304,4407
6037120300,115,4408
6037430302,275,4408
6037407102,155,4409
6037700801,144,4414
6037267300,127,4415
6037701000,141,4416
6037534900,32,4422
6037800202,128,4424
6037550902,122,4426
6037269000,137,4428
6037207302,178,4432
6037190100,26,4439
6037310201,120,4439
6037232600,68,4441
6037502901,129,4441
6037408133,99,4442
6037195500,49,4445
6037408212,130,4447
6037406300,126,4449
6037405600,229,4453
6037277000,236,4454
6037543604,166,4455
6037570202,213,4456
6037201501,94,4460
6037670702,355,4460
6037111302,261,4463
6037302302,60,4464
6037910001,139,4464
6037139701,313,4472
6037134520,37,4473
6037920118,167,4473
6037550202,72,4479
6037127102,112,4479
6037464200,223,4479
6037480400,115,4483
6037920336,59,4485
6037570502,174,4486
6037311500,352,4490
6037570901,300,4502
6037500900,168,4503
6037139702,169,4505
6037551700,90,4507
6037134101,158,4510
6037910207,424,4511
6037462100,99,4514
6037406200,118,4515
6037275500,84,4516
6037404901,50,4517
6037207900,71,4518
6037214502,99,4520
6037670407,200,4520
6037540800,136,4521
6037800101,207,4525
6037574902,180,4530
6037574300,306,4533
6037408705,233,4534
6037222600,36,4535
6037800327,86,4537
6037406602,194,4538
6037143800,196,4538
6037401312,429,4542
6037276000,408,4547
6037433801,129,4548
6037575902,362,4548
6037910715,219,4551
6037232700,81,4553
6037432102,145,4554
6037243000,38,4557
6037408628,159,4562
6037139200,107,4566
6037301204,117,4568
6037124700,128,4571
6037571000,416,4574
6037910208,333,4575
6037571701,211,4577
6037620501,233,4577
6037670003,328,4580
6037650604,206,4585
6037531901,53,4588
6037406601,201,4590
6037267402,54,4591
6037532101,141,4596
6037901003,184,4600
6037553802,136,4606
6037292000,54,4612
6037101210,61,4612
6037576200,213,4613
6037603704,98,4616
6037401311,201,4622
6037405302,181,4626
6037573202,73,4636
6037262604,407,4637
6037602404,98,4639
6037236100,311,4641
6037703100,501,4642
6037532900,91,4643
6037570602,177,4643
6037543321,383,4643
6037703200,429,4655
6037460200,377,4658
6037650101,290,4659
6037910601,143,4660
6037502301,142,4662
6037218900,131,4664
6037265303,27,4669
6037406102,212,4670
6037650001,321,4671
6037133100,180,4677
6037573601,521,4677
6037602402,164,4678
6037117530,61,4683
6037226700,1,4686
6037541700,69,4686
6037300400,273,4688
6037540202,48,4689
6037300502,142,4689
6037406702,122,4693
6037651001,329,4697
6037620305,231,4702
6037482303,32,4705
6037920114,172,4705
6037400204,311,4706
6037405001,96,4708
6037900504,362,4708
6037482521,76,4709
6037600202,170,4709
6037115401,92,4715
6037301702,102,4718
6037137201,347,4722
6037240700,9,4729
6037310100,334,4731
6037106020,314,4735
6037207301,169,4738
6037131020,117,4742
6037553100,220,4742
6037403802,240,4748
6037276603,251,4751
6037191500,88,4758
6037503501,275,4760
6037541200,175,4764
6037920028,237,4768
6037481202,68,4769
6037123800,207,4770
6037433200,70,4774
6037553901,137,4780
6037264301,132,4785
6037300301,185,4787
6037543503,232,4789
6037651302,363,4792
6037104320,74,4796
6037650902,288,4798
6037127400,89,4803
6037402502,93,4803
6037131800,154,4803
6037431800,120,4804
6037431700,184,4804
6037702600,251,4805
6037900501,362,4805
6037431200,108,4808
6037271802,81,4809
6037552100,95,4809
6037600902,173,4811
6037910603,251,4818
6037481712,44,4820
6037650200,291,4820
6037401500,257,4835
6037651222,308,4839
6037238000,162,4842
6037650901,188,4849
6037601100,153,4855
6037401902,230,4856
6037533603,77,4859
6037401704,186,4861
6037800332,261,4861
6037134903,72,4863
6037131010,82,4863
6037401304,265,4863
6037300701,384,4863
6037531302,21,4864
6037532200,104,4864
6037464000,226,4864
6037113401,160,4865
6037128702,110,4869
6037540101,6,4872
6037651402,185,4880
6037572201,322,4885
6037543304,474,4887
6037461600,144,4893
6037311700,452,4893
6037271701,209,4897
6037408211,92,4899
6037463400,281,4899
6037131400,168,4900
6037403801,239,4907
6037576001,281,4909
6037541400,18,4911
6037910807,170,4924
6037621201,198,4924
6037139503,125,4932
6037920037,108,4934
6037703001,174,4936
6037211120,105,4939
6037602301,155,4943
6037554512,250,4943
6037535802,186,4968
6037403318,149,4978
6037900507,215,4978
6037216200,71,4981
6037600100,90,4984
6037408402,306,4988
6037500700,320,4992
6037502801,167,5003
6037302103,61,5007
6037700101,146,5007
6037800324,207,5007
6037125320,159,5008
6037264302,169,5012
6037275311,206,5014
6037920334,209,5016
6037481002,150,5026
6037402402,93,5028
6037577300,183,5034
6037119800,135,5041
6037134303,126,5046
6037407001,208,5049
6037406500,349,5051
6037201700,90,5056
6037403321,211,5057
6037122000,178,5058
6037460100,315,5065
6037700400,217,5084
6037276100,317,5084
6037231600,141,5085
6037189902,99,5088
6037113321,160,5088
6037601212,204,5088
6037503401,301,5094
6037800329,110,5096
6037900605,256,5096
6037577200,257,5097
6037111204,182,5101
6037540102,97,5103
6037481901,145,5103
6037574500,444,5107
6037554802,195,5119
6037555102,59,5121
6037134800,124,5122
6037217100,216,5129
6037554521,247,5132
6037181000,296,5132
6037502200,299,5138
6037463602,131,5140
6037920326,137,5148
6037276500,61,5154
6037463601,137,5162
6037540000,122,5165
6037503302,156,5168
6037103200,291,5169
6037113421,156,5172
6037320300,98,5179
6037461000,222,5180
6037504001,125,5181
6037310601,57,5182
6037910401,449,5182
6037405500,188,5188
6037402902,86,5189
6037404100,169,5190
6037602103,213,5191
6037310900,298,5193
6037550700,116,5199
6037920339,114,5215
6037543802,147,5215
6037430801,166,5216
6037650800,213,5216
6037300901,308,5227
6037125100,184,5231
6037141302,199,5234
6037920031,527,5241
6037407702,250,5246
6037920020,287,5247
6037800102,269,5248
6037302102,102,5249
6037403600,403,5250
6037573402,285,5256
6037543100,306,5261
6037535902,52,5262
6037542200,194,5263
6037185100,183,5266
6037602508,71,5267
6037407900,127,5270
6037570301,117,5274
6037910210,468,5275
6037920337,74,5294
6037570701,345,5294
6037701801,131,5296
6037502700,214,5296
6037620701,454,5306
6037302401,168,5308
6037620702,209,5317
6037113422,206,5327
6037552900,136,5329
6037108202,169,5336
6037408503,385,5340
6037232400,165,5341
6037702102,274,5341
6037482002,200,5343
6037552700,195,5348
6037570501,257,5352
6037501300,230,5353
6037540501,50,5354
6037701304,256,5357
6037536200,188,5359
6037910002,275,5372
6037206300,565,5372
6037621301,204,5374
6037500201,343,5376
6037462500,182,5383
6037143400,231,5397
6037267200,42,5399
6037432402,97,5401
6037920200,133,5422
6037481401,63,5424
6037408703,71,5429
6037535101,60,5444
6037530302,94,5448
6037463500,196,5450
6037402200,243,5463
6037461502,120,5464
6037293201,153,5468
6037190301,181,5475
6037120400,104,5477
6037543702,68,5485
6037431100,159,5496
6037403408,172,5503
6037601302,261,5514
6037407200,216,5534
6037403316,255,5541
6037604100,261,5550
6037430002,220,5553
6037650300,304,5559
6037111301,245,5566
6037670701,446,5596
6037920035,253,5602
6037460900,156,5606
6037464100,153,5607
6037543501,248,5608
6037301100,134,5619
6037430502,322,5625
6037301502,31,5626
6037603900,253,5646
6037702002,86,5648
6037403000,162,5660
6037320100,174,5661
6037432601,197,5662
6037502601,333,5664
6037702300,197,5670
6037103400,245,5673
6037482600,247,5680
6037573100,347,5680
6037402600,295,5681
6037920042,235,5682
6037603001,163,5688
6037621104,307,5689
6037267100,103,5690
6037701402,347,5693
6037132300,157,5704
6037551202,170,5704
6037670100,277,5709
6037703002,494,5710
6037431001,192,5750
6037551000,245,5757
6037461300,141,5763
6037670602,577,5769
6037301601,180,5783
6037543322,576,5792
6037143300,158,5793
6037550100,183,5794
6037910711,222,5802
6037602200,238,5839
6037135203,142,5850
6037403324,82,5864
6037400304,300,5867
6037577100,263,5869
6037119002,127,5895
6037554900,122,5901
6037267501,30,5902
6037620800,337,5930
6037577000,204,5936
6037550800,189,5947
6037553200,389,5960
6037700902,84,5971
6037208000,52,5977
6037482402,138,6006
6037113233,67,6011
6037800408,221,6012
6037311600,197,6020
6037550300,282,6030
6037700300,180,6047
6037650602,354,6079
6037115201,207,6088
6037550500,245,6088
6037480600,166,6104
6037404801,105,6120
6037481402,58,6159
6037543306,250,6173
6037310702,169,6216
6037551800,236,6245
6037300800,209,6248
6037400800,165,6279
6037432000,114,6306
6037501600,230,6315
6037900803,367,6390
6037224700,18,6392
6037571200,442,6457
6037401800,626,6557
6037543602,417,6584
6037111400,372,6621
6037577603,391,6624
6037503703,368,6634
6037301900,145,6725
6037700200,267,6932
6037602600,509,6933
6037432500,310,6964
6037300600,253,7395
6037275602,261,7836
6037206020,320,8083
6037901205,861,8202
6037910705,405,8225
6037901004,855,8859
6037702901,385,9080
6037265301,1,10223