GEO_id2,Civilian_EST_Tot_Pop,Civilian_MOE_Tot_Pop,Veteran_EST,Veteran_MOE,Veteran_EST_Percentage,Veteran_MOE_Percentage
6037104404,2114,179,0,0,0,1.6
6037117405,2484,224,0,0,0,1.4
6037195804,2158,249,0,0,0,1.6
6037208902,2117,229,0,0,0,1.6
6037221900,3327,292,0,0,0,1
6037224020,1958,228,0,0,0,1.8
6037226420,4010,372,0,0,0,0.9
6037226700,4686,578,0,0,0,0.7
6037228410,2472,258,0,0,0,1.4
6037228420,2201,266,0,0,0,1.6
6037229410,2249,250,0,0,0,1.5
6037242100,1478,154,0,0,0,2.3
6037265301,10223,565,0,0,0,0.3
6037265305,3888,468,0,0,0,0.9
6037302201,3151,229,0,0,0,1.1
6037320000,0,12,0,0,-,**
6037402404,1905,246,0,0,0,1.8
6037504102,7,11,0,0,0,100
6037532400,45,17,0,0,0,45.9
6037533402,2837,286,0,0,0,1.2
6037533501,2241,207,0,0,0,1.5
6037533806,2488,305,0,0,0,1.4
6037535400,2058,268,0,0,0,1.7
6037541500,4184,517,0,0,0,0.8
6037575500,35,24,0,0,0,52
6037601900,3483,314,0,0,0,1
6037910811,151,99,0,0,0,20.5
6037980001,0,12,0,0,-,**
6037980002,0,12,0,0,-,**
6037980003,0,12,0,0,-,**
6037980004,0,12,0,0,-,**
6037980005,0,12,0,0,-,**
6037980006,0,12,0,0,-,**
6037980007,0,12,0,0,-,**
6037980008,48,40,0,0,0,44.4
6037980009,5,7,0,0,0,100
6037980013,0,12,0,0,-,**
6037980014,0,12,0,0,-,**
6037980018,0,12,0,0,-,**
6037980019,133,42,0,0,0,22.9
6037980020,0,12,0,0,-,**
6037980021,8,9,0,0,0,100
6037980022,0,12,0,0,-,**
6037980023,0,12,0,0,-,**
6037980025,0,12,0,0,-,**
6037980028,0,12,0,0,-,**
6037980030,0,12,0,0,-,**
6037990100,0,12,0,0,-,**
6037990200,0,12,0,0,-,**
6037990300,0,12,0,0,-,**
6037265304,3099,385,1,44,0,0.1
6037224200,1915,217,3,39,0.2,0.3
6037208302,3407,280,4,34,0.1,0.3
6037226410,2522,210,4,39,0.2,0.3
6037232800,2646,252,4,40,0.2,0.2
6037275101,1078,100,4,46,0.4,0.5
6037533002,1871,172,4,69,0.2,0.3
6037533106,1211,130,4,69,0.3,0.6
6037533202,2032,181,4,69,0.2,0.3
6037533703,3131,282,4,69,0.1,0.3
6037980026,16,13,4,212,25,35.9
6037212305,2313,139,5,36,0.2,0.3
6037222700,4085,470,5,38,0.1,0.2
6037226001,1649,205,5,39,0.3,0.5
6037294120,1609,170,5,47,0.3,0.5
6037401901,3928,389,5,51,0.1,0.2
6037534403,2209,166,5,70,0.2,0.4
6037574601,2180,245,5,84,0.2,0.4
6037980024,185,71,5,206,2.7,4.1
6037120103,2207,259,6,17,0.3,0.5
6037204200,2370,243,6,33,0.3,0.4
6037408202,1570,172,6,56,0.4,0.5
6037433305,3869,362,6,58,0.2,0.3
6037533902,2720,187,6,70,0.2,0.3
6037534804,2896,237,6,70,0.2,0.3
6037540101,4872,306,6,72,0.1,0.2
6037551600,31,13,6,77,19.4,39.4
6037229100,3509,298,7,39,0.2,0.3
6037239330,2042,178,7,42,0.3,0.5
6037599100,234,103,7,87,3,6.9
6037930101,45,21,7,155,15.6,19.9
6037120107,2413,213,8,17,0.3,0.6
6037123205,1899,169,8,18,0.4,0.7
6037192420,3486,380,8,30,0.2,0.4
6037192620,2828,308,8,31,0.3,0.4
6037197700,4281,331,8,32,0.2,0.3
6037208801,2596,292,8,34,0.3,0.5
6037212204,2461,203,8,35,0.3,0.6
6037532604,1943,181,8,68,0.4,0.4
6037532800,2591,239,8,69,0.3,0.5
6037533502,1479,192,8,69,0.5,0.5
6037534406,3306,287,8,70,0.2,0.4
6037535607,3367,216,8,71,0.2,0.4
6037134521,2391,240,9,24,0.4,0.5
6037191720,2735,315,9,30,0.3,0.5
6037211320,2587,367,9,35,0.3,0.5
6037232120,3858,325,9,40,0.2,0.5
6037240700,4729,361,9,42,0.2,0.3
6037433304,4026,452,9,58,0.2,0.3
6037433306,2418,230,9,58,0.4,0.5
6037535702,3781,465,9,71,0.2,0.4
6037553702,3170,323,9,78,0.3,0.5
6037573300,2999,280,9,83,0.3,0.5
6037980010,105,41,9,175,8.6,6.1
6037127805,3056,275,10,21,0.3,0.5
6037205110,2641,214,10,33,0.4,0.6
6037206032,4118,373,10,33,0.2,0.4
6037432802,3915,423,10,58,0.3,0.4
6037530902,3087,365,10,67,0.3,0.5
6037531202,3177,329,10,67,0.3,0.5
6037208301,1548,186,11,34,0.7,0.8
6037209103,2566,182,11,34,0.4,0.5
6037209104,1794,148,11,34,0.6,0.6
6037213320,2022,214,11,36,0.5,0.6
6037228100,3430,438,11,39,0.3,0.5
6037239701,3099,343,11,42,0.4,0.4
6037532603,2211,153,11,68,0.5,0.9
6037533103,2182,212,11,69,0.5,0.5
6037535604,3079,184,11,71,0.4,0.6
6037930200,449,116,11,158,2.4,2.4
6037205120,2443,208,12,33,0.5,0.7
6037207400,1044,290,12,34,1.1,1.9
6037209820,2082,216,12,34,0.6,0.6
6037228900,1760,191,12,39,0.7,0.8
6037530204,2982,335,12,67,0.4,0.6
6037533805,2734,240,12,69,0.4,0.7
6037980033,12,19,12,268,100,88.8
6037109500,3543,412,13,12,0.4,0.5
6037195903,1969,147,13,32,0.7,0.8
6037199800,4129,334,13,32,0.3,0.5
6037221602,2103,183,13,38,0.6,1
6037227010,3359,392,13,39,0.4,0.6
6037269907,2639,200,13,45,0.5,0.6
6037531102,2408,221,13,67,0.5,0.5
6037542000,3544,407,13,73,0.4,0.6
6037104401,2678,290,14,10,0.5,0.6
6037203300,1251,184,14,33,1.1,1.5
6037224010,1957,198,14,38,0.7,1
6037404701,4239,367,14,53,0.3,0.4
6037533203,1397,146,14,69,1,1.2
6037535200,4383,448,14,71,0.3,0.5
6037542105,3301,320,14,73,0.4,0.8
6037104500,2317,312,15,10,0.6,0.8
6037191204,1815,158,15,30,0.8,0.8
6037211202,2039,195,15,35,0.7,0.8
6037237102,2256,204,15,41,0.7,0.8
6037241400,2519,274,15,42,0.6,0.8
6037531503,1864,202,15,67,0.8,0.8
6037533105,1770,244,15,69,0.8,0.9
6037534802,2285,256,15,70,0.7,0.6
6037920303,1334,133,15,146,1.1,1.2
6037104703,1499,204,16,11,1.1,1.1
6037104821,2509,196,16,12,0.6,0.6
6037123204,2401,196,16,18,0.7,0.7
6037185320,2357,230,16,28,0.7,0.6
6037189905,2118,193,16,29,0.8,0.8
6037192510,3020,271,16,31,0.5,0.6
6037221110,2855,373,16,38,0.6,0.7
6037228310,3182,246,16,39,0.5,0.4
6037240010,2524,295,16,42,0.6,0.7
6037434003,3441,361,16,59,0.5,0.6
6037530700,1757,151,16,67,0.9,0.8
6037533104,2868,364,16,69,0.6,0.9
6037534102,4363,303,16,70,0.4,0.5
6037542601,2002,187,16,74,0.8,1.1
6037910403,1228,127,16,121,1.3,1.2
6037117407,2458,194,17,15,0.7,0.6
6037191203,2150,173,17,30,0.8,1
6037213202,3081,241,17,36,0.6,0.6
6037239202,3676,419,17,42,0.5,0.7
6037265410,1169,128,17,44,1.5,1.2
6037402501,3950,323,17,52,0.4,0.4
6037533401,3902,261,17,69,0.4,0.5
6037534301,3162,262,17,70,0.5,0.6
6037535501,2653,204,17,71,0.6,0.7
6037543202,3349,397,17,74,0.5,0.8
6037104822,1957,237,18,12,0.9,0.8
6037117520,2797,248,18,16,0.6,0.9
6037191301,2115,191,18,30,0.9,0.8
6037212202,2810,237,18,35,0.6,0.7
6037214400,2654,204,18,36,0.7,0.7
6037224320,2412,245,18,39,0.7,1.2
6037224700,6392,457,18,39,0.3,0.3
6037231900,3717,405,18,40,0.5,0.8
6037239501,2698,223,18,42,0.7,0.6
6037294830,2558,182,18,47,0.7,0.8
6037434004,2078,241,18,59,0.9,0.8
6037541400,4911,603,18,73,0.4,0.5
6037575300,3286,326,18,84,0.5,0.7
6037183402,2544,271,19,28,0.7,0.7
6037191810,2975,379,19,30,0.6,0.7
6037203710,2528,232,19,33,0.8,0.7
6037237500,2005,210,19,41,0.9,0.7
6037241110,2311,252,19,42,0.8,0.8
6037533201,1999,165,19,69,1,1
6037533702,2670,205,19,69,0.7,0.6
6037534405,2713,201,19,70,0.7,0.8
6037540502,4301,408,19,72,0.4,0.6
6037542106,2425,251,19,73,0.8,0.8
6037553701,2901,213,19,78,0.7,0.5
6037119342,2221,143,20,16,0.9,0.8
6037134001,2895,299,20,24,0.7,0.8
6037186301,2350,234,20,28,0.9,0.8
6037204700,3894,436,20,33,0.5,0.6
6037241300,1855,225,20,42,1.1,0.9
6037433504,3427,424,20,59,0.6,0.8
6037533403,2187,177,20,69,0.9,1.1
6037186401,2616,225,21,28,0.8,0.6
6037191610,3292,334,21,30,0.6,0.9
6037201503,2346,177,21,33,0.9,0.9
6037211310,3419,390,21,35,0.6,0.7
6037232110,2154,211,21,40,1,0.9
6037239801,2166,259,21,42,1,0.9
6037531302,4864,544,21,67,0.4,0.5
6037533300,2241,194,21,69,0.9,1
6037534001,3595,295,21,70,0.6,0.9
6037535503,1764,163,21,71,1.2,1.2
6037535605,3327,327,21,71,0.6,0.6
6037134305,3161,267,22,24,0.7,0.8
6037204110,2418,301,22,33,0.9,1.1
6037204810,3815,388,22,33,0.6,0.6
6037208502,2843,224,22,34,0.8,0.8
6037211704,2489,177,22,35,0.9,0.8
6037213201,3442,295,22,36,0.6,0.8
6037240600,4140,438,22,42,0.5,0.5
6037462202,2352,337,22,60,0.9,0.9
6037481714,2302,204,22,62,1,0.7
6037534203,2398,180,22,70,0.9,0.8
6037104610,2613,225,23,11,0.9,0.9
6037121222,3769,342,23,17,0.6,0.6
6037197420,3020,281,23,32,0.8,0.8
6037208501,1810,196,23,34,1.3,1.2
6037224420,1940,210,23,39,1.2,1.1
6037533503,1527,131,23,69,1.5,2.3
6037540400,1652,177,23,72,1.4,1.4
6037540901,3488,347,23,72,0.7,0.8
6037553801,3145,310,23,78,0.7,0.9
6037106408,2440,214,24,12,1,1
6037120030,1833,198,24,17,1.3,1
6037195720,1892,192,24,31,1.3,1.1
6037210010,2862,305,24,34,0.8,0.8
6037224310,1419,141,24,39,1.7,1.9
6037228720,3126,291,24,39,0.8,0.6
6037231710,2751,306,24,40,0.9,1
6037242600,3028,348,24,43,0.8,0.8
6037530901,2695,227,24,67,0.9,0.8
6037531101,3507,345,24,67,0.7,0.7
6037535603,2565,190,24,71,0.9,0.8
6037573401,976,99,24,83,2.5,1.7
6037601501,2831,284,24,89,0.8,1.1
6037190802,2541,249,25,29,1,1
6037211922,2685,263,25,35,0.9,1.3
6037433503,2257,236,25,59,1.1,0.9
6037531604,2701,245,25,67,0.9,0.8
6037532700,2234,239,25,68,1.1,1.2
6037600912,4201,407,25,88,0.6,0.6
6037119340,2447,189,26,16,1.1,0.9
6037124103,1584,178,26,19,1.6,1.6
6037186404,2170,155,26,28,1.2,1
6037187200,2366,207,26,28,1.1,0.7
6037190100,4439,450,26,29,0.6,0.7
6037191620,2382,281,26,30,1.1,0.8
6037209403,2887,283,26,34,0.9,0.9
6037221820,2380,382,26,38,1.1,0.9
6037224410,2844,368,26,39,0.9,1
6037239320,2894,278,26,42,0.9,0.9
6037240200,3685,378,26,42,0.7,1
6037405002,2395,201,26,53,1.1,1
6037533701,2218,280,26,69,1.2,1.1
6037534302,2420,165,26,70,1.1,0.9
6037534404,2543,178,26,70,1,0.8
6037535102,3368,401,26,70,0.8,0.8
6037702501,3856,307,26,105,0.7,0.9
6037120104,1774,200,27,17,1.5,1.3
6037189904,2375,240,27,29,1.1,1.8
6037209200,3412,290,27,34,0.8,0.9
6037212102,1995,184,27,35,1.4,1.2
6037221710,2152,178,27,38,1.3,1
6037265303,4669,479,27,44,0.6,0.5
6037271200,2357,230,27,45,1.1,1.2
6037273600,1938,139,27,46,1.4,1.3
6037433302,1176,133,27,58,2.3,1.7
6037433403,3358,329,27,59,0.8,0.7
6037481713,2478,238,27,62,1.1,0.9
6037531602,3647,374,27,67,0.7,0.7
6037533107,2474,193,27,69,1.1,1.1
6037540201,1361,153,27,72,2,1.9
6037800331,576,95,27,108,4.7,3.3
6037123420,3298,305,28,19,0.8,0.8
6037199900,1991,166,28,32,1.4,1.3
6037204410,1433,169,28,33,2,1.9
6037211410,2275,331,28,35,1.2,1.2
6037211804,2769,274,28,35,1,1.2
6037212800,3158,236,28,36,0.9,1
6037226002,1563,145,28,39,1.8,1.6
6037239201,2646,291,28,41,1.1,0.6
6037433501,1364,232,28,59,2.1,2.1
6037533601,3241,297,28,69,0.9,1
6037534002,3228,294,28,70,0.9,0.4
6037553503,2088,161,28,78,1.3,0.8
6037920011,266,68,28,127,10.5,6.4
6037120020,3049,301,29,16,1,1.1
6037208402,2380,254,29,34,1.2,1
6037277400,1152,176,29,46,2.5,1.8
6037302004,3700,302,29,49,0.8,0.8
6037302202,4353,275,29,49,0.7,0.6
6037531701,4086,348,29,67,0.7,0.7
6037532500,2952,268,29,68,1,1
6037185203,2769,240,30,28,1.1,0.8
6037204920,1918,181,30,33,1.6,1.3
6037212303,2726,284,30,36,1.1,1.1
6037214800,2698,242,30,36,1.1,1
6037218600,2563,366,30,37,1.2,1.1
6037231210,2544,303,30,40,1.2,1.5
6037231220,3333,414,30,40,0.9,0.8
6037267501,5902,613,30,44,0.5,0.6
6037267502,2948,322,30,44,1,0.8
6037404803,1308,155,30,53,2.3,2.3
6037482503,3469,312,30,63,0.9,0.8
6037533001,2985,301,30,69,1,1.1
6037534202,3783,427,30,70,0.8,0.9
6037535502,3773,319,30,71,0.8,0.8
6037570203,2714,293,30,80,1.1,1
6037575202,3184,271,30,84,0.9,0.9
6037123203,2721,252,31,18,1.1,1.2
6037183520,2833,299,31,28,1.1,0.8
6037188202,2099,151,31,29,1.5,1.3
6037212304,1427,149,31,36,2.2,2
6037221220,2897,229,31,38,1.1,0.8
6037221810,2300,229,31,38,1.3,0.9
6037228220,2919,210,31,39,1.1,1
6037238320,2455,206,31,41,1.3,1.2
6037242200,4322,426,31,43,0.7,0.8
6037291120,1735,173,31,46,1.8,1.4
6037301502,5626,451,31,49,0.6,0.6
6037600602,1786,180,31,87,1.7,1.2
6037910101,1245,112,31,118,2.5,1.7
6037124105,2068,148,32,20,1.5,1.1
6037190401,2871,215,32,29,1.1,1
6037227020,2494,235,32,39,1.3,1
6037228320,2160,252,32,39,1.5,1.3
6037310501,3207,342,32,49,1,0.8
6037404302,1737,187,32,53,1.8,0.9
6037482303,4705,529,32,63,0.7,0.6
6037531603,2246,200,32,67,1.4,1.3
6037534900,4422,489,32,70,0.7,0.8
6037535001,3040,259,32,70,1.1,1
6037106648,3051,208,33,12,1.1,0.8
6037122200,2868,308,33,18,1.2,1
6037213402,3406,371,33,36,1,0.9
6037217001,2081,174,33,37,1.6,0.8
6037219010,2474,198,33,38,1.3,1.1
6037301501,1660,143,33,49,2,1.3
6037534700,3625,269,33,70,0.9,0.7
6037535002,2563,218,33,70,1.3,1.1
6037535803,3344,222,33,71,1,0.7
6037542104,2364,255,33,73,1.4,1.2
6037570403,3293,273,33,81,1,1.1
6037601802,2869,228,33,89,1.2,1.5
6037104701,2761,246,34,11,1.2,1
6037187102,2679,255,34,28,1.3,1.7
6037197600,2001,178,34,32,1.7,1.5
6037204910,2552,227,34,33,1.3,1.1
6037207103,1927,212,34,34,1.8,1.5
6037208904,2992,364,34,34,1.1,1.1
6037209300,3527,331,34,34,1,0.8
6037237710,2656,318,34,41,1.3,1.3
6037267700,2863,252,34,44,1.2,1
6037482304,2829,237,34,63,1.2,1
6037532102,3048,235,34,68,1.1,1.1
6037534201,3034,215,34,70,1.1,1.3
6037601801,2425,195,34,89,1.4,2
6037104403,2535,281,35,10,1.4,1.4
6037115103,3397,294,35,14,1,0.6
6037117510,2581,260,35,15,1.4,1.3
6037127603,1970,180,35,21,1.8,1.4
6037194402,3481,297,35,31,1,1.1
6037195600,2791,259,35,31,1.3,1.4
6037209520,1961,207,35,34,1.8,1.2
6037211701,2288,225,35,35,1.5,1.6
6037212420,2749,336,35,36,1.3,1.2
6037218300,4161,425,35,37,0.8,1
6037219902,2932,321,35,38,1.2,0.9
6037224600,2453,211,35,39,1.4,1.2
6037229420,3134,248,35,40,1.1,0.8
6037239310,2834,285,35,42,1.2,1
6037272202,3140,227,35,45,1.1,1.4
6037294810,2753,221,35,47,1.3,0.9
6037301802,3350,266,35,49,1,1
6037302503,3461,270,35,49,1,1
6037402706,3178,261,35,52,1.1,1
6037536104,2958,179,35,71,1.2,1
6037575801,1508,158,35,85,2.3,2.2
6037800330,788,69,35,108,4.4,2.8
6037980015,419,93,35,182,8.4,6.9
6037127806,2370,261,36,21,1.5,1.6
6037195803,2405,243,36,31,1.5,1.1
6037201200,1908,169,36,32,1.9,1.5
6037206010,2795,379,36,33,1.3,1.6
6037211121,1776,173,36,35,2,1.3
6037211802,3560,351,36,35,1,0.9
6037215101,2703,272,36,36,1.3,1.2
6037222600,4535,428,36,38,0.8,0.7
6037228210,2768,244,36,39,1.3,0.9
6037267600,2273,254,36,44,1.6,1.3
6037310701,2070,177,36,50,1.7,1.4
6037532001,2331,308,36,68,1.5,1.8
6037104620,2543,215,37,11,1.5,1.1
6037107010,2314,205,37,12,1.6,1.8
6037120106,3060,282,37,17,1.2,1.1
6037121020,2958,238,37,17,1.3,1.2
6037123902,2223,192,37,19,1.7,1.3
6037124102,3108,303,37,19,1.2,1
6037134520,4473,295,37,24,0.8,0.9
6037187101,2752,304,37,28,1.3,1
6037189800,3640,298,37,29,1,1.2
6037209510,2190,199,37,34,1.7,1.2
6037212203,2389,236,37,35,1.5,1.6
6037240401,3739,430,37,42,1,0.8
6037408501,2531,180,37,56,1.5,1
6037501804,1486,128,37,64,2.5,2.2
6037533602,3863,358,37,69,1,0.7
6037534501,3949,333,37,70,0.9,0.8
6037554103,1261,187,37,78,2.9,1.7
6037570404,2429,175,37,81,1.5,0.9
6037575402,2736,204,37,84,1.4,1
6037601700,3825,433,37,89,1,1.3
6037185310,2457,320,38,28,1.5,1.1
6037187300,2843,266,38,28,1.3,1
6037189102,2822,173,38,29,1.3,1
6037194401,2293,242,38,31,1.7,1.1
6037195902,1695,153,38,32,2.2,1.9
6037203600,3728,374,38,33,1,1
6037209810,2140,236,38,34,1.8,1.5
6037211420,2877,267,38,35,1.3,1
6037213310,3050,336,38,36,1.2,1.5
6037243000,4557,571,38,43,0.8,0.7
6037294620,3449,298,38,47,1.1,1
6037403407,1704,178,38,53,2.2,1.6
6037404600,1016,101,38,53,3.7,1.4
6037460401,663,60,38,59,5.7,2.7
6037531502,2393,223,38,67,1.6,1.5
6037533901,4253,224,38,69,0.9,1
6037535606,1398,213,38,71,2.7,2.2
6037910812,263,71,38,126,14.4,8.5
6037120010,2039,170,39,16,1.9,1.1
6037124204,2155,270,39,20,1.8,2
6037219800,2270,183,39,38,1.7,1.3
6037402801,3069,241,39,52,1.3,1.2
6037541606,1720,176,39,73,2.3,1.5
6037542402,2340,222,39,73,1.7,0.9
6037554801,2370,223,39,80,1.6,1.4
6037601600,2946,293,39,89,1.3,1.5
6037900102,528,118,39,109,7.4,5.1
6037122122,1890,204,40,18,2.1,1.4
6037209402,2906,279,40,34,1.4,1.2
6037402804,2829,186,40,52,1.4,1.1
6037462302,2852,263,40,60,1.4,1
6037601202,2916,282,40,88,1.4,0.8
6037119341,2352,170,41,16,1.7,1
6037183221,2510,259,41,27,1.6,1.8
6037194500,1670,135,41,31,2.5,2
6037203500,2214,200,41,33,1.9,1.5
6037209401,2949,313,41,34,1.4,1.3
6037214700,2290,200,41,36,1.8,1.4
6037214902,2601,256,41,36,1.6,1.4
6037239602,2516,223,41,42,1.6,1.3
6037273300,2652,238,41,45,1.5,1.3
6037433401,2255,255,41,59,1.8,1.1
6037433901,4127,441,41,59,1,0.9
6037531301,3686,318,41,67,1.1,0.9
6037542103,2765,255,41,73,1.5,1
6037188100,3524,303,42,28,1.2,1.2
6037195901,1894,152,42,32,2.2,1.9
6037221120,2432,231,42,38,1.7,1
6037222100,3182,343,42,38,1.3,1.1
6037267200,5399,547,42,44,0.8,1.2
6037294610,3111,246,42,47,1.4,1
6037294701,2192,189,42,47,1.9,1.6
6037302104,3347,292,42,49,1.3,0.9
6037433101,1881,207,42,58,2.2,1.3
6037530601,2280,221,42,67,1.8,1.3
6037541603,2266,217,42,73,1.9,1.9
6037554203,2946,290,42,79,1.4,1.2
6037231800,3403,337,43,40,1.3,1.1
6037294520,2493,159,43,47,1.7,1.1
6037530802,2594,235,43,67,1.7,1.2
6037534101,1535,157,43,70,2.8,2.2
6037571600,1231,87,43,82,3.5,2.6
6037910714,2658,193,43,124,1.6,1.1
6037930301,798,196,43,161,5.4,3.5
6037117404,3630,315,44,15,1.2,0.9
6037122420,3240,275,44,18,1.4,1.3
6037123206,2135,132,44,18,2.1,1.3
6037123601,4204,286,44,19,1,1.2
6037124104,2084,170,44,20,2.1,1.3
6037128210,3619,282,44,22,1.2,1.2
6037128220,2465,280,44,22,1.8,1.4
6037191302,1887,177,44,30,2.3,1.4
6037191710,2239,202,44,30,2,1.6
6037203100,3105,260,44,33,1.4,1.4
6037214501,2330,158,44,36,1.9,1.6
6037219901,3374,286,44,38,1.3,1.2
6037271702,3434,269,44,45,1.3,0.8
6037301801,3996,298,44,49,1.1,0.9
6037481712,4820,414,44,62,0.9,0.7
6037127520,3170,289,45,21,1.4,1.8
6037192002,2402,264,45,30,1.9,2.2
6037195802,2259,204,45,31,2,1.5
6037208620,3455,277,45,34,1.3,1
6037211201,2362,272,45,35,1.9,1.5
6037221601,2299,249,45,38,2,1.5
6037237101,2710,239,45,41,1.7,1.5
6037237720,2160,295,45,41,2.1,1.5
6037240800,3232,328,45,42,1.4,1.1
6037296210,2272,339,45,47,2,1.3
6037402702,4067,332,45,52,1.1,0.9
6037405701,2874,310,45,54,1.6,1.2
6037204820,1639,203,46,33,2.8,1.8
6037211803,3066,314,46,35,1.5,1.1
6037221303,2218,183,46,38,2.1,1.5
6037229300,3662,295,46,39,1.3,1.1
6037239702,2864,279,46,42,1.6,1.3
6037402803,2167,167,46,52,2.1,1.6
6037500500,2266,245,46,64,2,1.1
6037502004,3094,227,46,65,1.5,0.9
6037535701,4396,373,46,71,1,1.3
6037620201,1376,119,46,93,3.3,2.7
6037203900,2266,247,47,33,2.1,3
6037212410,3704,309,47,36,1.3,1.4
6037240300,3393,447,47,42,1.4,1
6037541604,4199,364,47,73,1.1,0.8
6037920023,2110,171,47,130,2.2,1.3
6037108104,1482,171,48,12,3.2,2
6037134905,3636,302,48,25,1.3,1
6037228600,3245,357,48,39,1.5,1.5
6037277200,1988,201,48,46,2.4,2
6037404503,2206,214,48,53,2.2,1.1
6037408301,4404,436,48,56,1.1,0.8
6037430802,3514,418,48,57,1.4,1
6037433902,2520,241,48,59,1.9,1
6037461700,1304,85,48,60,3.7,1.7
6037540202,4689,354,48,72,1,1.3
6037541802,3925,388,48,73,1.2,1.2
6037920026,359,195,48,130,13.4,10.4
6037104201,3641,338,49,9,1.3,0.7
6037108101,1997,148,49,12,2.5,1.7
6037127103,2319,271,49,21,2.1,1.9
6037127604,2482,234,49,21,2,0.9
6037143902,2493,178,49,27,2,1.4
6037195500,4445,384,49,31,1.1,1
6037197500,3178,248,49,32,1.5,1.3
6037204300,3466,345,49,33,1.4,1
6037216401,3799,442,49,37,1.3,1.3
6037302505,3392,253,49,49,1.4,1.4
6037480903,2453,196,49,62,2,1.6
6037554101,2629,319,49,78,1.9,1.4
6037113235,1422,130,50,13,3.5,1.9
6037190202,3237,320,50,29,1.5,1.5
6037191110,3557,506,50,30,1.4,1.3
6037201401,3679,305,50,32,1.4,1
6037222500,3798,357,50,38,1.3,1
6037300702,4162,367,50,48,1.2,1
6037403200,643,436,50,52,7.8,5.8
6037404901,4517,347,50,53,1.1,0.9
6037405201,3718,344,50,54,1.3,0.9
6037430200,1004,115,50,57,5,1.6
6037501001,2650,311,50,64,1.9,1.2
6037540501,5354,385,50,72,0.9,0.7
6037552400,1870,183,50,77,2.7,1.4
6037670406,1541,111,50,99,3.2,1.6
6037123303,2502,199,51,18,2,1.3
6037127220,3690,235,51,21,1.4,1.1
6037199000,4166,473,51,32,1.2,1
6037208720,3409,317,51,34,1.5,1.1
6037212101,2725,288,51,35,1.9,1.6
6037228710,2590,241,51,39,2,1.1
6037243100,3864,390,51,43,1.3,1.4
6037302002,3201,292,51,49,1.6,1.2
6037402303,2866,256,51,51,1.8,1.2
6037404703,2374,197,51,53,2.1,1.4
6037433402,3413,428,51,59,1.5,1.2
6037481102,3149,276,51,62,1.6,1.1
6037481201,3004,233,51,62,1.7,1.2
6037502003,1996,154,51,65,2.6,1.6
6037535804,3909,348,51,71,1.3,1.1
6037543905,3302,254,51,75,1.5,1
6037602509,3154,260,51,91,1.6,1.3
6037602801,2786,249,51,91,1.8,1.5
6037115404,2368,161,52,15,2.2,1.4
6037121900,3090,248,52,17,1.7,1.2
6037127605,3069,365,52,21,1.7,1.6
6037208000,5977,537,52,34,0.9,1.4
6037212502,2449,250,52,36,2.1,1.7
6037228800,3481,328,52,39,1.5,1
6037239802,3699,310,52,42,1.4,1.2
6037264103,2456,195,52,43,2.1,2.1
6037269800,2694,175,52,45,1.9,1.3
6037269905,2258,198,52,45,2.3,1.5
6037294820,2429,197,52,47,2.1,2
6037301206,4401,311,52,49,1.2,0.7
6037301400,3144,325,52,49,1.7,1.1
6037302003,3355,254,52,49,1.5,1
6037535902,5262,438,52,71,1,0.8
6037600303,2874,307,52,87,1.8,1.6
6037120105,2111,173,53,17,2.5,1.1
6037121221,1936,184,53,17,2.7,1.7
6037123103,3091,255,53,18,1.7,1.2
6037128101,2942,255,53,21,1.8,1.3
6037139504,3539,231,53,26,1.5,1
6037191820,2634,342,53,30,2,1.5
6037192520,3653,273,53,31,1.5,1.2
6037199400,3560,411,53,32,1.5,1
6037237201,2786,372,53,41,1.9,1.2
6037241001,3176,452,53,42,1.7,1.4
6037265420,1503,113,53,44,3.5,1.6
6037267404,2881,343,53,44,1.8,1.7
6037461400,2637,262,53,60,2,1.1
6037481606,4101,310,53,62,1.3,0.9
6037502302,2298,201,53,65,2.3,1.4
6037531901,4588,446,53,67,1.2,1
6037576401,3645,435,53,85,1.5,1.3
6037601301,1487,148,53,88,3.6,1.7
6037183620,2320,182,54,28,2.3,1.5
6037190801,2373,479,54,29,2.3,1.8
6037208710,3828,245,54,34,1.4,1.2
6037214901,2886,308,54,36,1.9,1.7
6037221304,2847,364,54,38,1.9,1.2
6037242300,3210,496,54,43,1.7,1.3
6037267402,4591,305,54,44,1.2,1
6037267800,2174,202,54,44,2.5,1.7
6037292000,4612,368,54,47,1.2,0.7
6037408630,1947,189,54,56,2.8,1.3
6037431900,3504,294,54,58,1.5,1
6037481300,2828,212,54,62,1.9,0.9
6037482502,2672,227,54,63,2,1
6037536000,2668,167,54,71,2,1.5
6037603006,1521,147,54,91,3.6,1.9
6037119320,3512,330,55,16,1.6,1.1
6037124300,2858,328,55,20,1.9,1.4
6037128302,3562,293,55,22,1.5,1.2
6037128303,2621,290,55,22,2.1,1.8
6037204420,2216,213,55,33,2.5,2.7
6037204600,2951,324,55,33,1.9,2
6037207101,3289,247,55,34,1.7,1.4
6037234200,2001,140,55,40,2.7,1.6
6037402304,3013,254,55,51,1.8,1.3
6037535300,4177,342,55,71,1.3,1
6037543601,2878,240,55,75,1.9,1.2
6037554104,1764,159,55,78,3.1,1.7
6037920119,1367,65,55,145,4,2
6037123301,3605,331,56,18,1.6,1.3
6037199700,2476,202,56,32,2.3,2.3
6037241201,2290,235,56,42,2.4,1.8
6037297120,2529,337,56,48,2.2,1.8
6037432602,3730,480,56,58,1.5,1.1
6037482401,3073,296,56,63,1.8,1
6037531000,3732,371,56,67,1.5,1.3
6037531201,3973,379,56,67,1.4,1.4
6037532002,2513,200,56,68,2.2,1.4
6037540700,2400,259,56,72,2.3,1.6
6037572400,969,279,56,83,5.8,3.7
6037575102,2925,274,56,84,1.9,1.5
6037604001,3468,334,56,92,1.6,1.2
6037621002,823,113,56,94,6.8,2.4
6037122121,2127,174,57,18,2.7,1.8
6037123520,2011,177,57,19,2.8,1.8
6037186202,1674,159,57,28,3.4,2.1
6037199120,3216,285,57,32,1.8,1.2
6037201120,2816,212,57,32,2,1.4
6037213100,2372,211,57,36,2.4,1.3
6037222002,3456,442,57,38,1.6,1.5
6037231100,2637,489,57,40,2.2,2.8
6037301300,1536,102,57,49,3.7,2.1
6037310601,5182,350,57,50,1.1,0.9
6037406902,3006,266,57,55,1.9,1
6037408141,3962,457,57,56,1.4,1.2
6037480304,3719,255,57,61,1.5,0.9
6037540300,3789,344,57,72,1.5,1.2
6037542700,4174,385,57,74,1.4,0.9
6037551201,2764,211,57,76,2.1,1.3
6037554201,3183,253,57,78,1.8,1.1
6037189903,2107,177,58,29,2.8,1.9
6037207102,2207,186,58,34,2.6,2.3
6037211910,3650,341,58,35,1.6,1.2
6037221302,4180,417,58,38,1.4,1.1
6037294900,2459,193,58,47,2.4,1.5
6037404401,2878,209,58,53,2,0.9
6037433602,2310,188,58,59,2.5,1.5
6037481402,6159,518,58,62,0.9,0.8
6037531800,3914,407,58,67,1.5,1.7
6037550400,1094,98,58,76,5.3,3.5
6037123020,2697,229,59,18,2.2,2
6037190520,3257,204,59,29,1.8,1.3
6037201504,1771,189,59,33,3.3,1.8
6037231720,3680,342,59,40,1.6,1.3
6037239601,2383,294,59,42,2.5,1.9
6037293307,2052,176,59,47,2.9,1.8
6037555102,5121,384,59,80,1.2,0.8
6037920336,4485,390,59,154,1.3,0.8
6037125310,4336,412,60,20,1.4,1.3
6037125600,2104,190,60,20,2.9,1.8
6037188300,3101,317,60,29,1.9,1.5
6037191902,2144,236,60,30,2.8,1.8
6037192001,2172,207,60,30,2.8,2.6
6037204120,2142,227,60,33,2.8,1.6
6037212610,3477,352,60,36,1.7,1.3
6037222200,2780,282,60,38,2.2,1.5
6037240500,4268,423,60,42,1.4,1.1
6037296500,2940,430,60,47,2,1.6
6037302302,4464,353,60,49,1.3,0.9
6037403405,1355,84,60,53,4.4,2.3
6037500402,3382,398,60,64,1.8,1.4
6037535101,5444,423,60,70,1.1,0.9
6037600304,2270,170,60,87,2.6,1.7
6037101210,4612,413,61,6,1.3,1.3
6037115302,3150,233,61,14,1.9,1.1
6037117530,4683,375,61,16,1.3,1.2
6037121101,2307,213,61,17,2.6,1.6
6037127803,3246,306,61,21,1.9,1.2
6037189702,1832,183,61,29,3.3,3.3
6037215102,2920,318,61,36,2.1,1.5
6037229200,3346,399,61,39,1.8,1.4
6037269903,3298,304,61,45,1.8,1.3
6037273502,2663,178,61,46,2.3,2.2
6037276500,5154,303,61,46,1.2,0.7
6037302103,5007,349,61,49,1.2,0.8
6037432401,2906,296,61,58,2.1,1
6037481103,4057,333,61,62,1.5,1
6037532302,3520,248,61,68,1.7,1
6037532606,3365,292,61,68,1.8,1.4
6037541001,852,135,61,72,7.2,4.8
6037551102,3979,422,61,76,1.5,1.3
6037620904,2207,270,61,94,2.8,1.9
6037117102,2210,173,62,15,2.8,1.5
6037141304,2387,195,62,26,2.6,1.5
6037190901,3671,353,62,29,1.7,1.6
6037262301,2362,239,62,43,2.6,1.2
6037269700,3277,283,62,45,1.9,1.1
6037433307,2433,163,62,59,2.5,1.4
6037534502,3525,316,62,70,1.8,1.4
6037534803,3418,321,62,70,1.8,1.5
6037553300,2779,352,62,77,2.2,1.5
6037601502,2635,257,62,89,2.4,1.3
6037800410,3653,295,62,109,1.7,1.5
6037920012,872,89,62,127,7.1,3.1
6037119201,3024,255,63,16,2.1,1.1
6037124203,2322,185,63,20,2.7,1.4
6037139402,2020,157,63,26,3.1,1.5
6037208903,3406,466,63,34,1.8,1.3
6037218702,1656,156,63,37,3.8,2.4
6037404902,3214,228,63,53,2,0.9
6037404903,2054,177,63,53,3.1,2.4
6037407601,3168,294,63,55,2,1.3
6037463000,1810,161,63,60,3.5,1.7
6037481401,5424,356,63,62,1.2,0.7
6037482301,3726,322,63,63,1.7,1.2
6037502602,3494,296,63,65,1.8,1
6037530101,4201,345,63,66,1.5,0.9
6037530301,1535,157,63,67,4.1,1.8
6037533804,3401,252,63,69,1.9,1.6
6037551501,3502,303,63,77,1.8,1
6037573002,2781,297,63,83,2.3,1.7
6037575201,3208,257,63,84,2,1.6
6037576904,2676,277,63,86,2.4,1.6
6037104810,4302,507,64,11,1.5,1.1
6037139502,2534,285,64,26,2.5,1.9
6037190510,3776,279,64,29,1.7,1.4
6037212306,2383,224,64,36,2.7,2
6037239502,2538,252,64,42,2.5,1.7
6037265201,2452,359,64,44,2.6,1.6
6037302504,3440,238,64,49,1.9,1.2
6037404501,1838,183,64,53,3.5,2.1
6037432801,2206,219,64,58,2.9,1.7
6037433102,3685,404,64,58,1.7,1.5
6037480303,3089,238,64,61,2.1,1.8
6037554302,2990,287,64,79,2.1,1.7
6037574700,143,123,64,84,44.8,46.1
6037701202,2881,187,64,101,2.2,1.2
6037920033,536,218,64,133,11.9,8.2
6037183810,3291,261,65,28,2,1.8
6037214100,2958,197,65,36,2.2,1.1
6037216402,2552,240,65,37,2.5,1.7
6037242700,3809,377,65,43,1.7,1.5
6037271100,1998,179,65,45,3.3,1.4
6037408706,1528,234,65,57,4.3,2.1
6037503000,3795,402,65,65,1.7,1.5
6037553601,3390,358,65,78,1.9,1.5
6037125401,4126,323,66,20,1.6,1.4
6037143500,3848,246,66,27,1.7,1.2
6037194300,3019,512,66,31,2.2,1.1
6037212701,2089,188,66,36,3.2,1.9
6037213401,3925,336,66,36,1.7,1.2
6037237202,3394,365,66,41,1.9,1.6
6037262302,2254,242,66,43,2.9,2.1
6037294421,2169,178,66,47,3,1.7
6037408138,4068,473,66,56,1.6,0.9
6037531702,3515,312,66,67,1.9,1.8
6037573201,3407,321,66,83,1.9,1.3
6037603004,1267,136,66,91,5.2,3
6037113233,6011,564,67,13,1.1,0.7
6037117408,2255,198,67,15,3,1.7
6037122410,2571,282,67,18,2.6,2.5
6037127712,2387,211,67,21,2.8,2.3
6037212620,3472,259,67,36,1.9,1.5
6037218120,3882,381,67,37,1.7,1.1
6037269500,2764,204,67,45,2.4,1.7
6037269601,2666,247,67,45,2.5,2.2
6037408004,1831,179,67,55,3.7,2.1
6037463102,2999,392,67,60,2.2,1.4
6037532303,3593,238,67,68,1.9,1.2
6037535901,3923,302,67,71,1.7,1.2
6037106114,4349,340,68,12,1.6,1.1
6037183610,2626,280,68,28,2.6,1.4
6037195710,3505,490,68,31,1.9,1.5
6037232600,4441,423,68,40,1.5,1.4
6037269906,2573,189,68,45,2.6,1.6
6037301701,2543,189,68,49,2.7,1.9
6037403500,1529,144,68,53,4.4,2.4
6037481202,4769,455,68,62,1.4,0.9
6037530500,3209,394,68,67,2.1,1.4
6037532605,2828,356,68,68,2.4,1.9
6037543702,5485,401,68,75,1.2,0.9
6037551101,2799,232,68,76,2.4,1.7
6037571703,2520,300,68,82,2.7,2
6037602002,2200,194,68,90,3.1,1.6
6037104310,3779,413,69,9,1.8,1.1
6037117101,4065,317,69,15,1.7,1.3
6037269602,2537,252,69,45,2.7,3.4
6037272301,2739,268,69,45,2.5,1.7
6037406411,1695,135,69,54,4.1,1.8
6037500300,2619,177,69,64,2.6,1.8
6037530602,1180,141,69,67,5.8,2.6
6037531504,2980,315,69,67,2.3,1.8
6037541700,4686,350,69,73,1.5,1.2
6037555212,3196,328,69,80,2.2,1
6037576302,3067,354,69,85,2.2,1.9
6037124902,2320,214,70,20,3,2.2
6037191410,3711,360,70,30,1.9,1.5
6037201602,2351,261,70,33,3,1.2
6037203720,2941,373,70,33,2.4,1.8
6037208802,2743,272,70,34,2.6,2
6037432201,3747,323,70,58,1.9,1.6
6037433200,4774,411,70,58,1.5,0.7
6037502902,2999,216,70,65,2.3,1.1
6037194101,3029,291,71,31,2.3,1.3
6037203200,3540,292,71,33,2,1.3
6037206050,1750,141,71,33,4.1,2.2
6037207900,4518,445,71,34,1.6,1.4
6037216200,4981,523,71,36,1.4,1.3
6037221210,2465,190,71,38,2.9,1.8
6037234901,1853,213,71,40,3.8,3
6037402406,3675,349,71,52,1.9,2.6
6037408703,5429,337,71,56,1.3,0.7
6037433601,4254,341,71,59,1.7,1
6037500800,4063,443,71,64,1.7,1
6037553504,4162,375,71,78,1.7,1.3
6037602003,3201,302,71,90,2.2,1.6
6037602508,5267,409,71,91,1.3,1.2
6037920110,2526,217,71,142,2.8,1.6
6037104203,3695,364,72,9,1.9,1.3
6037121210,2448,198,72,17,2.9,1.2
6037127920,3314,240,72,21,2.2,1.5
6037134903,4863,374,72,25,1.5,1
6037141202,2317,191,72,26,3.1,2
6037183300,2746,225,72,27,2.6,1.4
6037405102,3339,370,72,54,2.2,1.1
6037407502,3157,256,72,55,2.3,1.1
6037430721,2792,257,72,57,2.6,1.9
6037533803,4396,293,72,69,1.6,1.2
6037550202,4479,265,72,75,1.6,0.9
6037104105,4358,285,73,8,1.7,1
6037127910,3911,399,73,21,1.9,1
6037228500,3408,385,73,39,2.1,1.7
6037407501,3347,313,73,55,2.2,1.2
6037432700,3940,485,73,58,1.9,1.3
6037480202,1948,126,73,61,3.7,1.5
6037555211,4217,293,73,80,1.7,1.4
6037573202,4636,338,73,83,1.6,0.9
6037575901,2563,243,73,85,2.8,1.5
6037104320,4796,536,74,10,1.5,1
6037106604,3369,305,74,12,2.2,1.3
6037123010,2910,207,74,18,2.5,1.5
6037127711,2676,260,74,21,2.8,2.4
6037183820,2753,303,74,28,2.7,3.2
6037189201,3282,214,74,29,2.3,1.3
6037189202,2048,213,74,29,3.6,2.1
6037240402,2649,354,74,42,2.8,2
6037294301,2041,140,74,47,3.6,1.5
6037462001,2900,283,74,60,2.6,2
6037554513,2107,132,74,79,3.5,1.4
6037572301,3128,192,74,83,2.4,1.2
6037575101,3439,262,74,84,2.2,1.6
6037576402,3596,337,74,85,2.1,1.3
6037576903,2730,319,74,86,2.7,2
6037651401,2015,136,74,98,3.7,1.9
6037920322,2114,168,74,149,3.5,1.6
6037920337,5294,411,74,154,1.4,0.8
6037123602,2831,245,75,19,2.6,1.9
6037183401,1883,162,75,28,4,2.4
6037199202,2262,200,75,32,3.3,1.7
6037211122,2769,258,75,35,2.7,1.4
6037218701,1841,228,75,37,4.1,1.7
6037222001,2310,162,75,38,3.2,1.7
6037301205,1784,132,75,49,4.2,1.7
6037302506,2888,239,75,49,2.6,1.8
6037462002,3134,314,75,60,2.4,2.1
6037502802,2435,204,75,65,3.1,1.6
6037553400,2607,223,75,77,2.9,1.4
6037555001,4235,339,75,80,1.8,1.1
6037573003,1467,174,75,83,5.1,2
6037701501,4333,423,75,102,1.7,1.5
6037910502,2705,352,75,122,2.8,1.7
6037190201,2288,275,76,29,3.3,4.1
6037201110,1780,147,76,32,4.3,2.1
6037214600,2226,211,76,36,3.4,2.3
6037296220,3121,337,76,47,2.4,1.8
6037400604,2406,289,76,51,3.2,1.9
6037404202,3283,281,76,53,2.3,1.3
6037405203,2973,233,76,54,2.6,1.3
6037407400,1650,128,76,55,4.6,2.2
6037408140,2836,284,76,56,2.7,1.1
6037480902,3167,278,76,62,2.4,1.2
6037481603,2898,269,76,62,2.6,1.6
6037482521,4709,437,76,63,1.6,0.9
6037554002,4217,350,76,78,1.8,0.9
6037106649,1946,152,77,12,4,2.5
6037134522,2686,285,77,24,2.9,1.7
6037135111,2562,198,77,25,3,1.7
6037137504,1639,262,77,25,4.7,2.2
6037195201,2810,237,77,31,2.7,1.8
6037291220,2835,212,77,47,2.7,1.2
6037402705,2594,184,77,52,3,1.4
6037408006,2772,285,77,55,2.8,2.3
6037431300,2207,178,77,57,3.5,1.4
6037481001,3602,270,77,62,2.1,1.3
6037533603,4859,318,77,69,1.6,1.1
6037572100,809,108,77,83,9.5,4.3
6037573902,1592,85,77,83,4.8,1.9
6037910205,974,153,77,119,7.9,3.7
6037134904,3636,414,78,25,2.1,1.2
6037183510,2134,211,78,28,3.7,1.5
6037197300,3498,292,78,32,2.2,1.4
6037201301,2926,312,78,32,2.7,2
6037209102,4300,327,78,34,1.8,1.2
6037214000,2642,185,78,36,3,1.9
6037270300,2014,146,78,45,3.9,1.8
6037481605,2417,284,78,62,3.2,1.9
6037544002,2617,176,78,75,3,1.3
6037609900,1744,205,78,93,4.5,2.1
6037123410,3386,312,79,19,2.3,2.1
6037134002,3229,373,79,24,2.4,1.3
6037190902,3275,333,79,29,2.4,1.6
6037192610,3507,353,79,31,2.3,1.7
6037214503,2825,239,79,36,2.8,1.2
6037271801,3132,259,79,45,2.5,1.5
6037294510,3263,335,79,47,2.4,2
6037461901,4099,437,79,60,1.9,1.4
6037482201,3269,296,79,63,2.4,1.6
6037530203,2272,260,79,67,3.5,2.2
6037540600,3112,342,79,72,2.5,2
6037106603,2503,126,80,12,3.2,1.3
6037121600,2091,267,80,17,3.8,2
6037127104,2744,285,80,21,2.9,2
6037134720,3696,328,80,24,2.2,1.3
6037190700,2811,390,80,29,2.8,4.3
6037301203,3896,237,80,49,2.1,1.3
6037404702,4137,481,80,53,1.9,1.2
6037405202,3965,335,80,54,2,1.7
6037500600,4339,365,80,64,1.8,1.3
6037530801,3679,307,80,67,2.2,1.3
6037920107,2900,166,80,141,2.8,1.8
6037143700,3438,317,81,27,2.4,1.5
6037189300,2532,247,81,29,3.2,1.5
6037191000,3722,428,81,29,2.2,1.5
6037216100,2081,149,81,36,3.9,2.5
6037232700,4553,413,81,40,1.8,1.1
6037271802,4809,400,81,45,1.7,1.5
6037293306,2048,159,81,47,4,1.5
6037402903,3117,209,81,52,2.6,1.4
6037542900,2312,263,81,74,3.5,1.7
6037553902,3985,293,81,78,2,1.1
6037574602,1062,59,81,84,7.6,2.8
6037113212,2796,159,82,13,2.9,1.7
6037123700,3459,456,82,19,2.4,1.2
6037131010,4863,325,82,22,1.7,1
6037188201,3053,254,82,29,2.7,1.2
6037195300,3007,272,82,31,2.7,1.7
6037207501,2121,294,82,34,3.9,3.6
6037264102,2526,234,82,43,3.2,1.6
6037403324,5864,357,82,52,1.4,1
6037403404,2221,191,82,52,3.7,1.6
6037530400,2825,265,82,67,2.9,1.5
6037572202,2844,227,82,83,2.9,1.6
6037139303,3628,274,83,26,2.3,1.5
6037199201,3001,277,83,32,2.8,2
6037296901,3037,349,83,47,2.7,1.8
6037403305,1704,116,83,52,4.9,2.8
6037408139,3026,206,83,56,2.7,1.4
6037482202,4208,293,83,63,2,1.5
6037550201,2141,163,83,75,3.9,1.4
6037701701,2796,285,83,103,3,1.5
6037702400,3804,319,83,105,2.2,1.3
6037800506,2458,301,83,109,3.4,2.1
6037127804,3355,214,84,21,2.5,1.5
6037128102,3770,374,84,22,2.2,1.6
6037199110,1993,147,84,32,4.2,2.6
6037208401,3451,331,84,34,2.4,1.6
6037237600,2810,229,84,41,3,2
6037275500,4516,365,84,46,1.9,1.1
6037501700,2648,246,84,64,3.2,1.7
6037542602,4288,414,84,74,2,1.5
6037543701,2378,157,84,75,3.5,1.8
6037554600,3481,324,84,79,2.4,1.3
6037600703,1632,189,84,87,5.1,1.9
6037700902,5971,378,84,101,1.4,1.4
6037910505,2153,222,84,122,3.9,2.5
6037101220,2633,238,85,6,3.2,1.5
6037132502,3014,253,85,23,2.8,1.6
6037218210,2809,343,85,37,3,2.1
6037219020,3486,305,85,38,2.4,1.4
6037238310,3671,347,85,41,2.3,1.9
6037273200,2741,297,85,45,3.1,1.5
6037291130,2787,239,85,46,3,1.6
6037407602,2926,226,85,55,2.9,1.6
6037408722,3853,356,85,57,2.2,1.2
6037463300,1654,104,85,61,5.1,1.8
6037502500,3071,216,85,65,2.8,1.2
6037541605,3890,381,85,73,2.2,1.7
6037700700,2566,343,85,100,3.3,2.3
6037920332,2060,197,85,152,4.1,1.5
6037269904,3420,359,86,45,2.5,1.9
6037273402,2684,320,86,45,3.2,2.5
6037402902,5189,374,86,52,1.7,1.1
6037434001,3143,276,86,59,2.7,1.5
6037481604,3154,188,86,62,2.7,1.2
6037552301,3423,322,86,77,2.5,1.6
6037553602,3595,267,86,78,2.4,1.3
6037554105,3134,292,86,78,2.7,1.9
6037602900,3193,219,86,91,2.7,1.6
6037702002,5648,463,86,104,1.5,0.9
6037800327,4537,324,86,108,1.9,1.1
6037195202,2737,198,87,31,3.2,1.7
6037212501,1730,133,87,36,5,3
6037234902,2896,345,87,40,3,3.1
6037541300,4088,338,87,73,2.1,1.2
6037602106,4363,358,87,90,2,1.4
6037604002,3974,326,87,92,2.2,1.2
6037910709,1345,149,87,124,6.5,2.6
6037117201,3340,298,88,15,2.6,1.5
6037134421,2980,231,88,24,3,1.4
6037183220,3158,338,88,27,2.8,2.2
6037183701,3111,285,88,28,2.8,2.4
6037191500,4758,389,88,30,1.8,1.2
6037199300,2972,344,88,32,3,1.7
6037208610,3855,365,88,34,2.3,1.7
6037211703,3918,327,88,35,2.2,1.5
6037221401,2629,284,88,38,3.3,2.2
6037272201,2266,163,88,45,3.9,2.7
6037275200,3339,250,88,46,2.6,1.2
6037402403,4186,282,88,51,2.1,1.6
6037480804,4092,298,88,62,2.2,1.4
6037543305,2727,357,88,74,3.2,1.9
6037106405,3312,533,89,12,2.7,1.7
6037127400,4803,315,89,21,1.9,1.2
6037143901,3235,261,89,27,2.8,1.5
6037181600,3974,261,89,27,2.2,1
6037186302,4287,368,89,28,2.1,1.1
6037192700,3280,486,89,31,2.7,1.4
6037201601,1781,200,89,33,5,2.3
6037265202,3135,461,89,44,2.8,3
6037294200,3708,339,89,47,2.4,1.4
6037407302,2775,170,89,55,3.2,1.6
6037121801,2290,300,90,17,3.9,1.9
6037123104,3602,334,90,18,2.5,1.3
6037134710,4278,356,90,24,2.1,1.2
6037143603,2078,178,90,27,4.3,2.1
6037201700,5056,598,90,33,1.8,1.3
6037231500,3722,426,90,40,2.4,1.4
6037269100,3189,304,90,45,2.8,1.6
6037408723,2465,130,90,57,3.7,1.5
6037541100,2408,248,90,73,3.7,2
6037551700,4507,315,90,77,2,0.8
6037572302,2590,215,90,83,3.5,1.3
6037577504,1194,137,90,87,7.5,4.3
6037599000,2510,230,90,87,3.6,2.7
6037600100,4984,367,90,87,1.8,1.1
6037700102,3777,309,90,100,2.4,1.8
6037980031,1090,137,90,230,8.3,6
6037119310,3146,278,91,16,2.9,2
6037120108,3544,310,91,17,2.6,1.7
6037141201,3732,228,91,26,2.4,1.5
6037216300,4118,397,91,37,2.2,1.2
6037218500,2164,197,91,37,4.2,2.6
6037267403,3081,278,91,44,3,1.6
6037407002,2798,209,91,55,3.3,2.1
6037461902,1592,171,91,60,5.7,4
6037481500,3809,312,91,62,2.4,1.2
6037501803,2985,276,91,64,3,1.8
6037503104,1825,158,91,65,5,2.6
6037532900,4643,370,91,69,2,1.4
6037554404,3064,298,91,79,3,1.6
6037577604,1249,124,91,87,7.3,2.8
6037701602,3350,243,91,103,2.7,1.5
6037113237,3298,287,92,13,2.8,1.6
6037115401,4715,290,92,14,2,1.1
6037119001,3189,210,92,16,2.9,1.1
6037137301,1813,133,92,25,5.1,2
6037186403,2281,205,92,28,4,2
6037197200,3061,264,92,32,3,1.9
6037402703,3562,317,92,52,2.6,1.6
6037408211,4899,519,92,56,1.9,0.9
6037481711,3764,352,92,62,2.4,1.8
6037600201,2976,341,92,87,3.1,2.3
6037670202,2027,124,92,99,4.5,1.5
6037700901,2924,339,92,101,3.1,2.1
6037910605,3120,410,92,123,2.9,1.5
6037124600,2734,184,93,20,3.4,1.6
6037127606,2640,270,93,21,3.5,1.8
6037207502,2796,184,93,34,3.3,2
6037212702,3126,279,93,36,3,1.8
6037220100,2136,256,93,38,4.4,2.4
6037265510,4048,423,93,44,2.3,2.3
6037293202,4189,393,93,47,2.2,1.6
6037402402,5028,486,93,51,1.8,1.4
6037402502,4803,416,93,52,1.9,1
6037430723,3389,284,93,57,2.7,1.6
6037920036,2418,218,93,134,3.8,1.6
6037106403,2759,315,94,12,3.4,1.7
6037119202,3433,338,94,16,2.7,1.6
6037128601,3421,255,94,22,2.7,2.1
6037139703,2254,150,94,26,4.2,1.9
6037141102,2533,207,94,26,3.7,2.2
6037201302,3565,236,94,32,2.6,1.4
6037201501,4460,399,94,33,2.1,1
6037232200,2406,256,94,40,3.9,2.4
6037270200,2989,425,94,45,3.1,2.1
6037300501,2411,177,94,48,3.9,2.6
6037300902,1707,96,94,48,5.5,2.3
6037310202,4184,273,94,49,2.2,1.4
6037405101,4325,420,94,53,2.2,1.4
6037406101,2646,273,94,54,3.6,1.9
6037407701,3630,333,94,55,2.6,1.4
6037432901,3517,345,94,58,2.7,1.8
6037432902,2743,223,94,58,3.4,1.6
6037530302,5448,370,94,67,1.7,1
6037543201,2708,218,94,74,3.5,1.6
6037571704,3027,254,94,82,3.1,1.9
6037192300,2127,172,95,30,4.5,2
6037217200,3209,259,95,37,3,1.6
6037262802,2436,248,95,43,3.9,1.9
6037273700,2410,171,95,46,3.9,2.4
6037273800,2632,196,95,46,3.6,1.9
6037301000,3964,245,95,48,2.4,1.2
6037400602,3263,274,95,50,2.9,1.6
6037430724,3784,324,95,57,2.5,1.3
6037552100,4809,254,95,77,2,1.3
6037555104,3118,287,95,80,3,2
6037702502,3428,259,95,105,2.8,1.5
6037800204,3771,256,95,107,2.5,1.6
6037920328,1662,112,95,149,5.7,2.4
6037125200,2913,302,96,20,3.3,2.3
6037212900,3517,312,96,36,2.7,1.7
6037231300,4160,400,96,40,2.3,1.8
6037271901,2787,323,96,45,3.4,1.8
6037301602,3524,250,96,49,2.7,1.6
6037311000,2940,198,96,50,3.3,1.2
6037405001,4708,342,96,53,2,1.1
6037408505,2087,137,96,56,4.6,2.6
6037432101,3303,241,96,58,2.9,1.4
6037482101,3870,271,96,63,2.5,1.4
6037552602,3420,248,96,77,2.8,1.5
6037554405,2316,279,96,79,4.1,2.9
6037910712,2014,254,96,124,4.8,2.8
6037101110,3574,376,97,3,2.7,1.5
6037123901,3166,252,97,19,3.1,1.4
6037128602,2893,336,97,22,3.4,1.8
6037135202,3461,301,97,25,2.8,1.6
6037218800,2363,209,97,37,4.1,2.1
6037262100,2477,333,97,43,3.9,2.1
6037273100,2101,218,97,45,4.6,1.9
6037432402,5401,486,97,58,1.8,1.6
6037540102,5103,407,97,72,1.9,1.3
6037541801,3907,323,97,73,2.5,1.2
6037555002,2438,250,97,80,4,1.8
6037601002,3776,448,97,88,2.6,1.9
6037601402,4020,395,97,89,2.4,1.4
6037602403,4105,344,97,90,2.4,1.4
6037910810,2136,162,97,126,4.5,1.6
6037920314,2275,121,97,149,4.3,2
6037113231,1803,87,98,13,5.4,2.2
6037261101,2947,236,98,43,3.3,1.6
6037269300,2830,139,98,45,3.5,1.8
6037278001,2093,210,98,46,4.7,1.6
6037297602,3248,277,98,48,3,1.7
6037320300,5179,372,98,50,1.9,1.1
6037406402,1729,121,98,54,5.7,2.3
6037554511,2989,260,98,79,3.3,1.4
6037602004,2901,244,98,90,3.4,1.5
6037602404,4639,323,98,91,2.1,1
6037603704,4616,418,98,92,2.1,1.7
6037701702,3060,288,98,103,3.2,2
6037113211,3098,170,99,13,3.2,1.6
6037189902,5088,281,99,29,1.9,1.4
6037214502,4520,377,99,36,2.2,1.9
6037216900,4363,334,99,37,2.3,2
6037270100,3832,359,99,45,2.6,1.4
6037271300,3681,327,99,45,2.7,1.6
6037408133,4442,356,99,55,2.2,1.6
6037462100,4514,325,99,60,2.2,1.5
6037603200,2737,223,99,92,3.6,2.3
6037920041,2034,198,99,136,4.9,2.2
6037124400,3556,224,100,20,2.8,1.7
6037125502,3049,290,100,20,3.3,2.3
6037137104,2262,188,100,25,4.4,1.9
6037294302,3172,331,100,47,3.2,2.1
6037481800,2386,124,100,62,4.2,1.9
6037503105,3133,326,100,65,3.2,1.6
6037550000,1673,425,100,75,6,4.2
6037572800,798,243,100,83,12.5,12.5
6037575001,3085,242,100,84,3.2,1.7
6037602504,3515,275,100,91,2.8,1.6
6037106641,1875,92,101,12,5.4,2.1
6037135201,2139,181,101,25,4.7,1.8
6037217002,4215,274,101,37,2.4,1.5
6037237401,2900,264,101,41,3.5,1.9
6037271600,3889,296,101,45,2.6,1
6037408629,2235,187,101,56,4.5,2
6037501802,2771,214,101,64,3.6,1.8
6037542502,3422,441,101,73,3,1.2
6037800328,2345,265,101,108,4.3,2.4
6037109800,4294,361,102,12,2.4,1.4
6037119400,4243,289,102,16,2.4,1.4
6037128400,3245,260,102,22,3.1,1.8
6037131300,4064,290,102,22,2.5,1.4
6037134306,3101,288,102,24,3.3,2.2
6037192410,3345,300,102,30,3,1.5
6037207710,3810,348,102,34,2.7,1.6
6037219500,1438,165,102,38,7.1,3.3
6037219700,3389,345,102,38,3,1.8
6037301702,4718,357,102,49,2.2,1.4
6037302102,5249,298,102,49,1.9,1.6
6037500403,3168,330,102,64,3.2,1.3
6037542501,3284,328,102,73,3.1,2.1
6037602802,3718,396,102,91,2.7,1.3
6037900201,822,97,102,110,12.4,4.7
6037910809,1798,111,102,126,5.7,2.3
6037131100,2598,191,103,22,4,2.4
6037132501,3604,283,103,23,2.9,1.4
6037134901,2290,200,103,25,4.5,2.3
6037190402,2309,193,103,29,4.5,4.5
6037241002,2484,251,103,42,4.1,1.8
6037267100,5690,469,103,44,1.8,1.2
6037278102,2905,237,103,46,3.5,1.8
6037403406,2359,201,103,53,4.4,1.4
6037408704,2600,252,103,57,4,2.2
6037603500,2364,174,103,92,4.4,2.1
6037702201,3563,274,103,104,2.9,1.7
6037920040,2522,254,103,136,4.1,2.2
6037102103,1594,122,104,6,6.5,2.6
6037104704,3159,273,104,11,3.3,1.7
6037120400,5477,442,104,17,1.9,1.1
6037131701,3753,297,104,23,2.8,1.8
6037141303,2913,228,104,26,3.6,2.2
6037262601,2679,240,104,43,3.9,1.5
6037262704,2838,198,104,43,3.7,1.8
6037277100,2506,210,104,46,4.2,1.8
6037310703,3995,300,104,50,2.6,2.8
6037480101,3162,228,104,61,3.3,2
6037532200,4864,456,104,68,2.1,1.4
6037570303,2843,291,104,80,3.7,2.7
6037201402,4216,414,105,33,2.5,1.2
6037211120,4939,481,105,35,2.1,1.7
6037218220,3469,315,105,37,3,1.5
6037241120,3539,402,105,42,3,1.8
6037294410,3344,237,105,47,3.1,2
6037401303,1853,139,105,51,5.7,2.7
6037404801,6120,449,105,53,1.7,1.2
6037430902,3785,363,105,57,2.8,1.4
6037462700,4384,449,105,60,2.4,1.8
6037103102,3775,332,106,7,2.8,1.3
6037123510,3813,315,106,19,2.8,1.3
6037143200,3696,380,106,27,2.9,1.7
6037191120,3649,315,106,30,2.9,1.3
6037191201,3899,510,106,30,2.7,2.2
6037191901,2873,295,106,30,3.7,1.9
6037203800,3348,356,106,33,3.2,2.5
6037432202,3545,302,106,58,3,1.5
6037480102,3801,246,106,61,2.8,1.1
6037501501,2042,128,106,64,5.2,2.1
6037542401,3624,416,106,73,2.9,1.8
6037570601,4296,323,106,81,2.5,1.5
6037576700,3580,291,106,86,3,1.8
6037702700,2793,186,106,105,3.8,1.7
6037800504,2113,243,106,109,5,2.8
6037109100,2290,207,107,12,4.7,2
6037139200,4566,379,107,26,2.3,1.9
6037211500,3349,294,107,35,3.2,1.7
6037234800,2808,241,107,40,3.8,2.6
6037311400,1892,126,107,50,5.7,2.5
6037430102,3782,322,107,57,2.8,1.6
6037574202,1821,174,107,84,5.9,2.8
6037620901,2151,113,107,94,5,2.1
6037109603,3540,399,108,12,3.1,1.7
6037183101,2893,278,108,27,3.7,1.9
6037206200,3396,302,108,33,3.2,1.7
6037430901,3490,257,108,57,3.1,1.6
6037431200,4808,380,108,57,2.2,1.3
6037501504,2723,212,108,64,4,2.8
6037536102,2580,222,108,71,4.2,2.7
6037575803,2320,254,108,85,4.7,2.8
6037900806,3271,341,108,114,3.3,1.6
6037910404,2833,304,108,122,3.8,2.3
6037920037,4934,378,108,135,2.2,1.3
6037134304,2321,163,109,24,4.7,2.3
6037143604,3105,282,109,27,3.5,1.9
6037194200,3026,406,109,31,3.6,1.8
6037221402,2289,234,109,38,4.8,1.7
6037480011,4068,322,109,61,2.7,1.3
6037570304,3437,355,109,80,3.2,1.6
6037910606,2255,170,109,123,4.8,1.8
6037104108,3870,322,110,8,2.8,2
6037106407,2164,226,110,12,5.1,2.6
6037128702,4869,372,110,22,2.3,1.4
6037141600,3395,205,110,26,3.2,1.6
6037186203,2392,226,110,28,4.6,3.6
6037216700,3082,260,110,37,3.6,2
6037237402,2391,205,110,41,4.6,1.8
6037403303,2194,148,110,52,5,1.8
6037462600,1813,95,110,60,6.1,2.1
6037550601,4042,311,110,76,2.7,2.1
6037576503,3674,289,110,86,3,1.6
6037650102,1887,150,110,96,5.8,1.9
6037800329,5096,453,110,108,2.2,1.3
6037189101,2215,209,111,29,5,3.2
6037218110,2672,257,111,37,4.2,2.2
6037400603,3823,293,111,51,2.9,1.4
6037481902,2671,235,111,62,4.2,2
6037601211,2182,185,111,88,5.1,3.1
6037106510,3787,304,112,12,3,1.4
6037127102,4479,580,112,20,2.5,1.6
6037240900,3995,456,112,42,2.8,2.3
6037271902,3468,309,112,45,3.2,1.3
6037134424,2275,118,113,24,5,1.7
6037211000,3771,313,113,35,3,1.4
6037297201,2996,363,113,48,3.8,2.5
6037408800,3191,326,113,57,3.5,1.8
6037481101,3699,343,113,62,3.1,1.3
6037530006,3188,327,113,66,3.5,1.9
6037542800,2306,218,113,74,4.9,2.1
6037602104,4014,300,113,90,2.8,1.8
6037702802,2061,229,113,105,5.5,2.4
6037109400,2904,454,114,12,3.9,2.3
6037119700,3968,324,114,16,2.9,1.7
6037121102,1952,254,114,17,5.8,3.1
6037127300,3751,349,114,21,3,1.4
6037185204,1625,113,114,28,7,2.7
6037189701,3182,310,114,29,3.6,2.5
6037432000,6306,465,114,58,1.8,1.2
6037621004,3725,381,114,94,3.1,1.8
6037670500,1364,117,114,99,8.4,1.9
6037800406,2337,193,114,108,4.9,2
6037920339,5215,304,114,155,2.2,1.5
6037120300,4408,361,115,17,2.6,1.3
6037234501,2063,239,115,40,5.6,2.5
6037302301,3580,251,115,49,3.2,2
6037310602,2177,151,115,50,5.3,2.3
6037408623,2522,142,115,56,4.6,1.5
6037480400,4483,375,115,61,2.6,1.7
6037102105,1580,191,116,7,7.3,3
6037106646,2839,204,116,12,4.1,1.7
6037125402,3703,243,116,20,3.1,1.5
6037189500,3786,354,116,29,3.1,1.9
6037296401,2700,227,116,47,4.3,1.7
6037433802,2808,275,116,59,4.1,2.2
6037480803,3131,282,116,62,3.7,2.3
6037480901,4242,290,116,62,2.7,1.8
6037550700,5199,542,116,76,2.2,1.2
6037576901,4276,306,116,86,2.7,1.7
6037131020,4742,419,117,22,2.5,1.4
6037132900,3063,220,117,23,3.8,2
6037186201,2801,283,117,28,4.2,2.6
6037206031,3363,335,117,33,3.5,2.8
6037301204,4568,447,117,49,2.6,1.9
6037320201,3061,286,117,50,3.8,2.8
6037400501,1720,91,117,50,6.8,2.3
6037463101,2014,210,117,60,5.8,2.4
6037570301,5274,447,117,80,2.2,1.6
6037107020,4241,399,118,12,2.8,1.8
6037139802,3294,343,118,26,3.6,1.4
6037183103,3462,322,118,27,3.4,1.9
6037406200,4515,338,118,54,2.6,1.1
6037408137,3140,301,118,55,3.8,1.8
6037536103,4317,375,118,71,2.7,1.7
6037700502,4213,408,118,100,2.8,1.8
6037920018,1730,113,118,129,6.8,2.6
6037197410,3766,298,119,32,3.2,1.6
6037291110,2767,305,119,46,4.3,2.3
6037403322,3058,165,119,52,3.9,1.8
6037404402,3664,372,119,53,3.2,1.5
6037574901,2855,173,119,84,4.2,1.7
6037603005,4208,315,119,91,2.8,1.6
6037651221,2620,171,119,97,4.5,2.3
6037910402,2360,213,119,120,5,2.8
6037113102,2625,149,120,12,4.6,1.4
6037117202,2141,183,120,15,5.6,2.3
6037117301,3328,225,120,15,3.6,1.5
6037124903,3233,262,120,20,3.7,1.7
6037181400,3723,279,120,27,3.2,1.5
6037267902,2792,238,120,45,4.3,1.9
6037310201,4439,297,120,49,2.7,1.6
6037403325,4093,211,120,52,2.9,1.3
6037408003,3743,437,120,55,3.2,1.7
6037431800,4804,408,120,58,2.5,1.4
6037461502,5464,488,120,60,2.2,1.3
6037554516,3236,299,120,79,3.7,1.8
6037115403,2910,301,121,15,4.2,2.2
6037122120,3452,415,121,18,3.5,2
6037139600,4101,372,121,26,3,1.6
6037530004,3061,300,121,66,4,2.2
6037530102,4266,366,121,66,2.8,2
6037575802,3790,286,121,85,3.2,1.6
6037106642,2574,237,122,12,4.7,2.6
6037216800,2507,207,122,37,4.9,2
6037262303,2362,235,122,43,5.2,2
6037310400,2595,229,122,49,4.7,2
6037311300,3134,226,122,50,3.9,1.6
6037406702,4693,369,122,54,2.6,1
6037540000,5165,379,122,71,2.4,1.4
6037550902,4426,331,122,76,2.8,1.5
6037552002,2789,252,122,77,4.4,1.9
6037554900,5901,415,122,80,2.1,1.2
6037900506,3240,311,122,111,3.8,2.3
6037900804,2415,267,122,114,5.1,1.8
6037181300,3364,263,123,27,3.7,1.6
6037183104,1848,152,123,27,6.7,2.7
6037183702,2322,266,123,28,5.3,3.1
6037265601,2832,272,123,44,4.3,1.8
6037408627,2828,160,123,56,4.3,1.5
6037480704,3539,241,123,61,3.5,1.4
6037551502,3210,358,123,77,3.8,2.4
6037650701,1950,113,123,96,6.3,1.8
6037101300,3782,402,124,6,3.3,1.9
6037134201,3556,425,124,24,3.5,1.7
6037134800,5122,341,124,24,2.4,1.2
6037480302,3888,271,124,61,3.2,1.6
6037501503,3929,303,124,64,3.2,1.6
6037502402,3019,152,124,65,4.1,1.8
6037554403,4004,412,124,79,3.1,1.8
6037910504,3167,303,124,122,3.9,1.8
6037104204,2765,241,125,9,4.5,1.8
6037109700,3591,396,125,12,3.5,1.7
6037124500,2300,253,125,20,5.4,3.6
6037139503,4932,412,125,26,2.5,2.2
6037141101,4016,330,125,26,3.1,2
6037236204,2200,251,125,41,5.7,3.2
6037242000,2857,279,125,42,4.4,2
6037504001,5181,326,125,66,2.4,1
6037551300,4136,405,125,77,3,1.8
6037553000,3792,338,125,77,3.3,1.9
6037621102,2304,156,125,95,5.4,2.2
6037109300,2595,143,126,12,4.9,1.9
6037134303,5046,419,126,24,2.5,1.2
6037234502,2329,327,126,40,5.4,3
6037406300,4449,317,126,54,2.8,1.3
6037574201,2323,137,126,84,5.4,2.5
6037901007,1616,149,126,115,7.8,2.8
6037901210,1383,149,126,117,9.1,3.4
6037119002,5895,482,127,16,2.2,1.3
6037237900,3277,309,127,41,3.9,2
6037267300,4415,450,127,44,2.9,2.2
6037407900,5270,464,127,55,2.4,1.2
6037408005,3792,294,127,55,3.3,1.5
6037462400,3231,220,127,60,3.9,1.9
6037574800,2423,175,127,84,5.2,1.8
6037920043,4296,199,127,137,3,1.5
6037115104,4083,371,128,14,3.1,1.5
6037124700,4571,375,128,20,2.8,1.4
6037132001,2519,177,128,23,5.1,2.4
6037134104,3437,276,128,24,3.7,1.6
6037139301,3792,353,128,26,3.4,1.8
6037189600,3327,323,128,29,3.8,2.9
6037265602,2517,316,128,44,5.1,2.1
6037273902,3640,289,128,46,3.5,1.8
6037311100,3171,198,128,50,4,1.7
6037406701,2451,139,128,54,5.2,1.7
6037482102,2505,203,128,63,5.1,1.9
6037570402,2654,204,128,81,4.8,2.2
6037800202,4424,312,128,107,2.9,1.9
6037185202,3360,355,129,28,3.8,2.2
6037195400,4129,411,129,31,3.1,1.4
6037403901,2700,204,129,53,4.8,1.8
6037404802,3411,488,129,53,3.8,2.2
6037407802,2909,200,129,55,4.4,1.7
6037408724,3761,311,129,57,3.4,2.1
6037433801,4548,469,129,59,2.8,1.4
6037482701,3608,288,129,63,3.6,2.1
6037502901,4441,307,129,65,2.9,1.4
6037554514,3863,265,129,79,3.3,1.3
6037602105,3432,297,129,90,3.8,1.6
6037231400,4148,584,130,40,3.1,1.9
6037262400,2206,194,130,43,5.9,2.2
6037408212,4447,444,130,56,2.9,1.9
6037480703,2779,186,130,61,4.7,2.3
6037503103,3903,298,130,65,3.3,2
6037503301,2415,177,130,65,5.4,2.3
6037620521,2937,202,130,94,4.4,2.9
6037128801,2887,219,131,22,4.5,2.3
6037135113,2473,221,131,25,5.3,2.1
6037218900,4664,438,131,38,2.8,1.5
6037430400,3689,280,131,57,3.6,1.7
6037463602,5140,624,131,61,2.5,2
6037552200,4148,316,131,77,3.2,1.5
6037603703,2157,166,131,92,6.1,1.9
6037650003,2491,215,131,96,5.3,2.8
6037701801,5296,312,131,103,2.5,1.9
6037264301,4785,327,132,43,2.8,1.6
6037461501,3254,283,132,60,4.1,2.1
6037503202,3876,375,132,65,3.4,2.2
6037702202,3158,178,132,105,4.2,1.8
6037102104,3252,350,133,7,4.1,1.7
6037113234,3558,302,133,13,3.7,1.7
6037134302,3027,249,133,24,4.4,3
6037240020,3808,366,133,42,3.5,2
6037272100,3675,281,133,45,3.6,1.7
6037407101,3518,289,133,55,3.8,1.5
6037531902,3312,325,133,67,4,1.8
6037920200,5422,312,133,145,2.5,1.1
6037132002,2570,258,134,23,5.2,2.7
6037186100,4142,240,134,28,3.2,1.5
6037234600,3750,329,134,40,3.6,1.5
6037293302,4237,444,134,47,3.2,1.7
6037301100,5619,372,134,48,2.4,1.4
6037403320,4048,258,134,52,3.3,1.6
6037480012,3909,435,134,61,3.4,1.9
6037602505,2965,184,134,91,4.5,2
6037106111,3668,350,135,12,3.7,1.5
6037106520,4300,340,135,12,3.1,1.3
6037119800,5041,299,135,16,2.7,1.2
6037141500,2244,187,135,26,6,2.7
6037189400,3057,278,135,29,4.4,2.3
6037194102,2949,201,135,31,4.6,1.9
6037262200,3714,302,135,43,3.6,1.5
6037311801,2359,245,135,50,5.7,3.5
6037432300,3498,279,135,58,3.9,1.7
6037700501,3780,350,135,100,3.6,1.9
6037901209,1186,175,135,117,11.4,4
6037123304,3354,267,136,18,4.1,2.1
6037234700,2929,395,136,40,4.6,2.5
6037400205,2318,171,136,50,5.9,2.4
6037402904,2753,195,136,52,4.9,1.9
6037540800,4521,479,136,72,3,1.7
6037551402,3474,205,136,77,3.9,2.2
6037552900,5329,565,136,77,2.6,1.4
6037553802,4606,338,136,78,3,1.3
6037570002,2288,151,136,80,5.9,2.1
6037603301,3208,264,136,92,4.2,2.4
6037108102,2861,187,137,12,4.8,1.9
6037269000,4428,432,137,45,3.1,1.8
6037407801,4257,371,137,55,3.2,1.4
6037463601,5162,395,137,61,2.7,1.8
6037502005,3570,288,137,65,3.8,1.9
6037543903,2966,214,137,75,4.6,1.7
6037553901,4780,333,137,78,2.9,1.4
6037702803,2551,230,137,105,5.4,2.4
6037920326,5148,303,137,149,2.7,1.8
6037408401,3376,283,138,56,4.1,2.3
6037482402,6006,518,138,63,2.3,1.9
6037503602,3550,185,138,66,3.9,1.9
6037554700,3577,324,138,80,3.9,1.3
6037575401,3626,440,138,84,3.8,2.3
6037600702,3834,936,138,87,3.6,2.4
6037121010,3541,480,139,17,3.9,1.8
6037127210,4333,341,139,21,3.2,1.6
6037141700,2504,193,139,26,5.6,2.5
6037183222,2882,321,139,27,4.8,2.3
6037221500,2962,282,139,38,4.7,2.6
6037241202,3613,394,139,42,3.8,1.8
6037293301,2540,297,139,47,5.5,2.4
6037402301,4084,366,139,51,3.4,1.9
6037406000,3912,260,139,54,3.6,1.5
6037460600,3503,204,139,59,4,1.6
6037552601,4103,293,139,77,3.4,1.9
6037910001,4464,465,139,117,3.1,1.7
6037920032,2381,150,139,132,5.8,2.2
6037294110,3060,315,140,47,4.6,2.7
6037405900,3022,225,140,54,4.6,2
6037482702,2147,145,140,63,6.5,1.7
6037530202,3521,330,140,66,4,2.1
6037554519,2966,179,140,79,4.7,1.7
6037572500,2565,286,140,83,5.5,2.5
6037600501,2043,177,140,87,6.9,2.2
6037650004,3333,291,140,96,4.2,1.7
6037701601,3842,257,140,103,3.6,1.5
6037113101,2987,301,141,12,4.7,1.6
6037231600,5085,378,141,40,2.8,1.4
6037297110,3629,419,141,48,3.9,1.5
6037461300,5763,357,141,60,2.4,1.4
6037462800,2319,147,141,60,6.1,2.9
6037532101,4596,385,141,68,3.1,2.4
6037573004,3202,291,141,83,4.4,3.6
6037621204,2868,272,141,95,4.9,2.5
6037701000,4416,322,141,101,3.2,2.3
6037135203,5850,333,142,25,2.4,1.2
6037139001,4248,259,142,25,3.3,2
6037265520,4206,367,142,44,3.4,1.7
6037300502,4689,583,142,48,3,2
6037404201,2746,330,142,53,5.2,3.6
6037408134,2327,209,142,55,6.1,2.5
6037408135,2986,212,142,55,4.8,2.5
6037502301,4662,401,142,65,3,1.6
6037554204,3140,331,142,79,4.5,2.6
6037600502,1778,189,142,87,8,3.7
6037601001,1858,195,142,88,7.6,4.4
6037620002,2632,197,142,93,5.4,3
6037106113,2865,253,143,12,5,2.3
6037460700,3710,282,143,59,3.9,1.9
6037482800,3594,249,143,63,4,1.9
6037700802,3300,259,143,100,4.3,2.5
6037910601,4660,473,143,122,3.1,1.4
6037128910,3572,252,144,22,4,2.4
6037220000,4316,387,144,38,3.3,2
6037261200,3409,223,144,43,4.2,2
6037406800,3856,263,144,55,3.7,1.9
6037461600,4893,377,144,60,2.9,1.5
6037603801,3751,425,144,92,3.8,2.1
6037700801,4414,388,144,100,3.3,2.7
6037119900,3929,311,145,16,3.7,2
6037274100,3698,386,145,46,3.9,2.8
6037301900,6725,527,145,49,2.2,1.2
6037401102,2472,291,145,51,5.9,2.5
6037432102,4554,355,145,58,3.2,1.2
6037481901,5103,275,145,62,2.8,1.1
6037543000,3333,325,145,74,4.4,2.6
6037570702,1870,151,145,81,7.8,2.6
6037701302,4386,271,145,102,3.3,1.8
6037920044,2038,132,145,138,7.1,2.3
6037920104,2320,117,145,141,6.3,2
6037139801,2666,249,146,26,5.5,2.3
6037218400,3428,319,146,37,4.3,1.6
6037543801,4201,361,146,75,3.5,1.6
6037552001,3207,240,146,77,4.6,1.6
6037700101,5007,472,146,99,2.9,2.1
6037701502,3438,300,146,102,4.2,2.4
6037910501,3105,286,146,122,4.7,2.1
6037181500,3143,218,147,27,4.7,2.5
6037275102,3043,336,147,46,4.8,2
6037401101,3933,236,147,51,3.7,2.4
6037403402,2963,177,147,52,5,1.6
6037408624,2684,204,147,56,5.5,1.9
6037430600,3628,266,147,57,4.1,1.8
6037543802,5215,416,147,75,2.8,1.4
6037577400,2688,241,147,87,5.5,2.8
6037232300,3915,1088,148,40,3.8,2.3
6037272302,3513,325,148,45,4.2,2.3
6037400403,3325,261,148,50,4.5,1.8
6037431502,3318,332,148,58,4.5,2
6037554517,3554,278,148,79,4.2,1.3
6037576301,3148,265,148,85,4.7,2.1
6037910206,2448,199,148,119,6,2.4
6037910602,2775,320,148,123,5.3,3.2
6037121802,2750,404,149,17,5.4,3.1
6037402405,2175,159,149,51,6.9,2.5
6037403318,4978,245,149,52,3,1
6037232500,3407,494,150,40,4.4,2.4
6037403312,3984,221,150,52,3.8,1.8
6037431600,3455,269,150,58,4.3,1.6
6037481002,5026,426,150,62,3,1.8
6037501002,3920,269,150,64,3.8,1.6
6037620303,3058,208,150,93,4.9,2.1
6037650401,3569,255,150,96,4.2,1.6
6037670001,2868,248,150,98,5.2,2.7
6037297202,3261,317,151,48,4.6,2.1
6037311802,3120,292,151,50,4.8,4
6037320202,4206,382,151,50,3.6,1.8
6037265700,4387,424,152,44,3.5,1.6
6037540203,4096,361,152,72,3.7,2.3
6037602507,3258,243,152,91,4.7,2.3
6037650501,2386,175,152,96,6.4,2.4
6037109200,2354,197,153,12,6.5,3.2
6037128802,4009,267,153,22,3.8,1.9
6037293201,5468,475,153,47,2.8,1.3
6037464100,5607,366,153,61,2.7,1.8
6037552302,3205,294,153,77,4.8,2.7
6037554301,2746,286,153,79,5.6,3
6037601100,4855,610,153,88,3.2,1.9
6037124201,2574,267,154,20,6,4.5
6037131800,4803,399,154,23,3.2,1.3
6037137000,3962,213,154,25,3.9,1.8
6037431002,2559,177,154,57,6,2.5
6037106643,3873,293,155,12,4,1.9
6037131600,3968,534,155,22,3.9,1.7
6037191420,3010,323,155,30,5.1,5.8
6037276400,3479,269,155,46,4.5,1.9
6037407102,4409,315,155,55,3.5,1.5
6037433700,3180,238,155,59,4.9,1.8
6037480002,2786,199,155,61,5.6,2.3
6037504101,4110,269,155,66,3.8,1.5
6037550602,3583,270,155,76,4.3,1.5
6037602301,4943,347,155,90,3.1,1.6
6037900607,2557,422,155,113,6.1,2.9
6037920039,1448,90,155,135,10.7,3.3
6037113421,5172,354,156,14,3,1.2
6037460900,5606,420,156,59,2.8,1.6
6037503302,5168,483,156,65,3,1.3
6037621326,2652,195,156,95,5.9,2
6037132300,5704,514,157,23,2.8,1.6
6037402102,3626,327,157,51,4.3,2.4
6037544001,3635,310,157,75,4.3,2.2
6037101400,3348,211,158,6,4.7,1.7
6037134101,4510,446,158,24,3.5,1.6
6037143300,5793,358,158,27,2.7,1.4
6037211921,1911,174,158,35,8.3,5.6
6037480201,3044,241,158,61,5.2,2.2
6037501400,3185,276,158,64,5,4.9
6037543400,3098,229,158,74,5.1,2
6037551401,3528,234,158,77,4.5,2
6037910201,2941,269,158,118,5.4,2.9
6037125320,5008,535,159,20,3.2,2.5
6037275603,2321,171,159,46,6.9,3.2
6037408628,4562,371,159,56,3.5,1.3
6037430701,4289,315,159,57,3.7,1.1
6037431100,5496,582,159,57,2.9,1.5
6037503201,3268,283,159,65,4.9,2.1
6037543703,2695,206,159,75,5.9,2.9
6037111100,2413,154,160,12,6.6,2.2
6037113321,5088,393,160,13,3.1,1.9
6037113401,4865,389,160,14,3.3,1.4
6037131200,2653,244,160,22,6,2.8
6037402001,2347,191,160,51,6.8,4.1
6037460502,3251,222,160,59,4.9,1.7
6037532304,3205,428,160,68,5,2.6
6037920109,4215,249,160,142,3.8,1.5
6037137401,3318,265,161,25,4.9,2.2
6037235201,2317,204,161,40,6.9,2.3
6037235202,3606,277,161,40,4.5,2.3
6037408136,3062,202,161,55,5.3,2.5
6037575002,3938,258,161,84,4.1,1.9
6037920030,4306,280,161,131,3.7,1.9
6037108201,4309,253,162,12,3.8,2
6037111201,2713,274,162,12,6,2.5
6037132101,3736,394,162,23,4.3,2.4
6037195100,4116,316,162,31,3.9,1.9
6037235100,3979,268,162,40,4.1,1.9
6037238000,4842,641,162,41,3.3,2
6037403000,5660,414,162,52,2.9,1.7
6037137501,3614,387,163,25,4.5,1.8
6037463200,2790,198,163,61,5.8,2.1
6037603001,5688,469,163,91,2.9,1.4
6037603400,3367,322,163,92,4.8,1.9
6037920106,2547,209,163,141,6.4,2.4
6037541002,2450,304,164,72,6.7,2.6
6037576403,3465,341,164,85,4.7,2.1
6037602402,4678,442,164,90,3.5,1.8
6037670403,2099,121,164,99,7.8,2
6037106645,2848,285,165,12,5.8,2.2
6037232400,5341,394,165,40,3.1,1.7
6037400800,6279,308,165,51,2.6,0.9
6037402002,3173,309,165,51,5.2,2.2
6037503901,2305,182,165,66,7.2,2.3
6037553502,3186,322,165,77,5.2,2.7
6037571400,3599,257,165,82,4.6,2.3
6037600302,2305,214,165,87,7.2,3.6
6037106010,2480,214,166,12,6.7,2.2
6037236203,2560,249,166,41,6.5,4.3
6037267901,2104,244,166,44,7.9,3.6
6037408625,3119,309,166,56,5.3,2.1
6037430801,5216,388,166,57,3.2,1.8
6037462900,3043,203,166,60,5.5,2.3
6037480600,6104,330,166,61,2.7,1.5
6037543604,4455,313,166,75,3.7,1.7
6037571300,3379,261,166,82,4.9,1.6
6037117303,2916,186,167,15,5.7,2.5
6037236202,4374,389,167,41,3.8,2.4
6037404504,3529,262,167,53,4.7,2.2
6037405800,4375,382,167,54,3.8,1.6
6037461100,3979,349,167,59,4.2,1.7
6037502801,5003,313,167,65,3.3,1.2
6037920118,4473,253,167,144,3.7,1.5
6037113303,3389,234,168,13,5,2.4
6037131400,4900,306,168,22,3.4,1.3
6037134103,3582,275,168,24,4.7,2.4
6037302401,5308,357,168,49,3.2,1.9
6037406412,1974,219,168,54,8.5,2.5
6037430101,4194,315,168,57,4,1.3
6037431501,3662,246,168,58,4.6,1.7
6037500900,4503,325,168,64,3.7,1.8
6037108103,2676,307,169,12,6.3,2.9
6037108202,5336,289,169,12,3.2,2.1
6037139702,4505,281,169,26,3.8,1.8
6037207301,4738,320,169,34,3.6,1.9
6037264302,5012,333,169,43,3.4,1.8
6037310702,6216,490,169,50,2.7,1.8
6037404100,5190,451,169,53,3.3,1.3
6037502401,3977,305,169,65,4.2,2
6037576802,3095,228,169,86,5.5,2.9
6037900606,2441,490,169,113,6.9,3.7
6037402101,3906,354,170,51,4.4,2.8
6037550901,2995,298,170,76,5.7,2.9
6037551202,5704,396,170,76,3,1.8
6037600202,4709,420,170,87,3.6,1.6
6037602700,2907,214,170,91,5.8,2.6
6037800203,4202,282,170,107,4,1.3
6037910807,4924,241,170,125,3.5,1.4
6037920331,3026,185,170,151,5.6,2.6
6037570100,2493,359,171,80,6.9,2.6
6037600801,2691,274,171,88,6.4,3.4
6037600911,2722,231,171,88,6.3,2.5
6037900704,2082,233,171,113,8.2,3.2
6037920038,3216,358,171,135,5.3,2.4
6037113301,1969,151,172,13,8.7,2.2
6037264000,2500,269,172,43,6.9,2.8
6037403408,5503,358,172,53,3.1,1.2
6037462301,3579,351,172,60,4.8,2.1
6037701902,4345,380,172,104,4,2.9
6037920114,4705,318,172,143,3.7,2.7
6037403401,4309,319,173,52,4,1.6
6037404000,3783,317,173,53,4.6,1.8
6037482001,2388,173,173,63,7.2,2.9
6037600902,4811,362,173,88,3.6,2.1
6037271400,2935,256,174,45,5.9,2.2
6037271500,2546,149,174,45,6.8,3
6037274202,3897,418,174,46,4.5,2.5
6037320100,5661,301,174,50,3.1,1.4
6037501900,3168,268,174,64,5.5,2.3
6037570502,4486,385,174,81,3.9,2.6
6037703001,4936,322,174,106,3.5,1.6
6037131900,3613,250,175,23,4.8,2.1
6037291300,2260,119,175,47,7.7,2.1
6037460000,3804,262,175,59,4.6,1.7
6037541200,4764,382,175,73,3.7,1.6
6037141400,3912,245,176,26,4.5,1.7
6037503106,2720,379,176,65,6.5,3.3
6037135114,4188,418,177,25,4.2,2.8
6037400302,2389,185,177,50,7.4,2.4
6037570602,4643,435,177,81,3.8,1.6
6037910808,2627,221,177,126,6.7,2.5
6037103101,2115,155,178,7,8.4,3.3
6037111205,3140,250,178,12,5.7,3.9
6037122000,5058,509,178,17,3.5,1.7
6037131702,2965,280,178,23,6,2
6037207302,4432,336,178,34,4,2.3
6037219300,2985,250,178,38,6,2.7
6037403403,3934,325,178,52,4.5,1.9
6037552800,4348,313,178,77,4.1,1.5
6037276601,3530,411,179,46,5.1,2
6037408302,3355,295,179,56,5.3,1.9
6037530003,2789,200,179,66,6.4,2.4
6037600802,2149,236,179,88,8.3,3
6037910706,4080,336,179,123,4.4,2.2
6037133100,4677,397,180,23,3.8,1.6
6037301601,5783,432,180,49,3.1,2.4
6037570204,3135,265,180,80,5.7,2.7
6037574902,4530,419,180,84,4,2.1
6037700300,6047,506,180,100,3,1.7
6037920016,3439,258,180,129,5.2,1.7
6037190301,5475,582,181,29,3.3,2.1
6037403323,4338,232,181,52,4.2,1.5
6037405302,4626,323,181,54,3.9,1.6
6037463700,2423,230,181,61,7.5,3.2
6037910713,3944,346,181,124,4.6,3.2
6037111204,5101,247,182,12,3.6,1.2
6037138000,3791,283,182,25,4.8,1.9
6037293304,3456,346,182,47,5.3,3.3
6037462500,5383,397,182,60,3.4,1.7
6037572600,4134,310,182,83,4.4,1.8
6037600400,3335,410,182,87,5.5,2.8
6037603802,2983,307,182,92,6.1,3.6
6037102107,3250,341,183,7,5.6,2.1
6037185100,5266,625,183,28,3.5,1.6
6037234000,4182,325,183,40,4.4,1.7
6037401201,2467,180,183,51,7.4,2.7
6037401603,2323,157,183,51,7.9,3.4
6037401703,3451,240,183,51,5.3,1.8
6037550100,5794,434,183,75,3.2,1.5
6037577300,5034,381,183,87,3.6,2.2
6037125100,5231,383,184,20,3.5,1.9
6037139401,2315,164,184,26,7.9,3.7
6037431700,4804,483,184,58,3.8,1.7
6037570603,3200,230,184,81,5.8,2.8
6037901003,4600,274,184,115,4,1
6037291210,4132,450,185,46,4.5,1.9
6037300301,4787,286,185,48,3.9,2
6037403902,4004,380,185,53,4.6,1.9
6037430501,3245,222,185,57,5.7,2.1
6037571502,3536,302,185,82,5.2,2.7
6037620101,4048,244,185,93,4.6,2.1
6037650605,2350,214,185,96,7.9,3.6
6037651402,4880,313,185,98,3.8,1.5
6037701802,3846,399,185,104,4.8,2.3
6037401704,4861,420,186,51,3.8,1.6
6037535802,4968,400,186,71,3.7,1.6
6037109604,2254,161,187,12,8.3,2.8
6037111206,3802,342,187,12,4.9,1.7
6037237300,3948,368,187,41,4.7,2.4
6037460501,4264,225,187,59,4.4,1.9
6037572900,4045,270,187,83,4.6,2.4
6037701201,2939,278,187,101,6.4,2.4
6037702801,4151,315,187,105,4.5,2.3
6037405500,5188,266,188,54,3.6,1.1
6037500404,3891,315,188,64,4.8,2
6037536200,5359,379,188,71,3.5,1.5
6037650901,4849,487,188,97,3.9,2.1
6037460800,2419,216,189,59,7.8,2.9
6037480802,2763,277,189,61,6.8,3.5
6037550800,5947,466,189,76,3.2,1.9
6037573403,2853,275,189,83,6.6,3.7
6037601303,3696,244,189,88,5.1,2.2
6037296402,2471,209,190,47,7.7,2.9
6037530005,3654,284,190,66,5.2,2.2
6037910707,3191,287,190,124,6,2.3
6037128500,3655,224,191,22,5.2,2.2
6037403317,3739,253,191,52,5.1,1.9
6037482522,4058,377,191,63,4.7,1.9
6037403702,3006,283,192,53,6.4,2
6037430003,3828,216,192,57,5,2
6037431001,5750,563,192,57,3.3,2
6037603102,2988,249,192,92,6.4,2.6
6037296600,3761,312,193,47,5.1,2.3
6037620601,4331,401,193,94,4.5,2.2
6037670416,3354,233,193,99,5.8,2.2
6037406602,4538,411,194,54,4.3,1.6
6037542200,5263,325,194,73,3.7,1.5
6037602302,2664,232,194,90,7.3,2.8
6037900602,3924,311,194,112,4.9,2.6
6037552700,5348,366,195,77,3.6,1.5
6037554406,3844,300,195,79,5.1,2
6037554802,5119,370,195,80,3.8,1.7
6037139302,4163,389,196,26,4.7,2.5
6037143800,4538,352,196,27,4.3,2.8
6037297300,1416,149,196,48,13.8,4.3
6037463500,5450,384,196,61,3.6,1.7
6037543502,3325,315,196,75,5.9,1.8
6037920029,2694,359,196,131,7.3,2.9
6037311600,6020,406,197,50,3.3,1.6
6037432601,5662,415,197,58,3.5,1.4
6037603702,3978,420,197,92,5,1.9
6037702300,5670,385,197,105,3.5,1.6
6037113322,3594,252,198,14,5.5,3
6037571503,3035,353,198,82,6.5,2.8
6037621201,4924,367,198,95,4,1.8
6037621400,3589,257,198,95,5.5,2.3
6037103300,2861,278,199,8,7,2.7
6037133000,3468,296,199,23,5.7,2.6
6037141302,5234,547,199,26,3.8,2.9
6037310800,4139,247,199,50,4.8,2.1
6037404301,4089,336,199,53,4.9,2
6037602506,2886,207,199,91,6.9,2.6
6037113232,3391,276,200,13,5.9,2.2
6037137302,3681,224,200,25,5.4,1.7
6037143602,3798,324,200,27,5.3,2.3
6037234300,3512,318,200,40,5.7,2.6
6037237800,2984,365,200,41,6.7,3.9
6037401001,2463,142,200,51,8.1,2.4
6037405301,2640,240,200,54,7.6,3.1
6037482002,5343,365,200,63,3.7,1.6
6037670407,4520,361,200,99,4.4,1.8
6037113213,4075,278,201,13,4.9,2.3
6037115202,4289,425,201,14,4.7,2.1
6037117302,4126,259,201,15,4.9,1.7
6037401311,4622,275,201,51,4.3,2.6
6037406601,4590,385,201,54,4.4,1.6
6037406901,3577,263,201,55,5.6,2.5
6037503402,3158,232,201,65,6.4,2.2
6037570003,3385,285,201,80,5.9,3
6037575103,4059,202,201,84,5,2.4
6037620001,3277,203,201,93,6.1,1.9
6037300200,4332,244,202,48,4.7,2.1
6037501200,3767,303,202,64,5.4,1.9
6037503801,3051,244,203,66,6.7,3.2
6037554515,3204,192,203,79,6.3,1.9
6037901008,2147,193,203,115,9.5,3
6037275302,4261,444,204,46,4.8,2
6037276604,4008,336,204,46,5.1,2.2
6037408303,3619,302,204,56,5.6,2.8
6037408626,3970,330,204,56,5.1,2.1
6037571102,3124,263,204,82,6.5,2.6
6037577000,5936,485,204,86,3.4,1.9
6037601212,5088,408,204,88,4,2.4
6037621301,5374,354,204,95,3.8,2
6037900300,3500,339,204,110,5.8,2.5
6037900505,2435,249,204,111,8.4,3.4
6037125501,2887,282,205,20,7.1,4.6
6037554001,2868,282,205,78,7.1,2.9
6037620102,2941,182,205,93,7,2.6
6037113422,5327,535,206,14,3.9,2
6037134423,2956,209,206,24,7,2.6
6037275311,5014,432,206,46,4.1,1.8
6037650604,4585,339,206,96,4.5,2.2
6037115201,6088,526,207,14,3.4,2.1
6037123800,4770,386,207,19,4.3,2.5
6037407301,3966,364,207,55,5.2,2.1
6037800101,4525,247,207,106,4.6,1.6
6037800324,5007,341,207,107,4.1,1.6
6037109601,4052,341,208,12,5.1,2
6037407001,5049,378,208,55,4.1,1.7
6037271701,4897,470,209,45,4.3,2
6037300800,6248,398,209,48,3.3,1.8
6037400402,3328,243,209,50,6.3,2.1
6037430301,3645,233,209,57,5.7,1.5
6037620702,5317,446,209,94,3.9,1.8
6037920334,5016,376,209,153,4.2,2
6037570902,2890,238,210,81,7.3,2.9
6037900508,2284,176,210,112,9.2,2.6
6037400900,3372,259,211,51,6.3,2.4
6037403321,5057,445,211,52,4.2,1.2
6037462201,3248,260,211,60,6.5,2.6
6037571701,4577,390,211,82,4.6,3.4
6037572001,4282,334,211,82,4.9,2.4
6037261102,3097,323,212,43,6.8,2.7
6037275400,3194,176,212,46,6.6,2.7
6037406102,4670,358,212,54,4.5,2.1
6037571101,3511,205,212,81,6,2.1
6037460302,3809,366,213,59,5.6,1.9
6037480702,3438,244,213,61,6.2,2.5
6037570202,4456,321,213,80,4.8,2.3
6037572700,4255,345,213,83,5,2.1
6037576200,4613,369,213,85,4.6,2.2
6037602103,5191,465,213,90,4.1,2.4
6037650603,3003,156,213,96,7.1,2.4
6037650800,5216,317,213,97,4.1,1.5
6037900608,2591,284,213,113,8.2,3
6037502700,5296,321,214,65,4,1.5
6037503701,4103,306,214,66,5.2,1.9
6037920338,4180,211,214,155,5.1,2.1
6037431400,3361,273,215,57,6.4,2.7
6037900507,4978,478,215,111,4.3,2.2
6037217100,5129,413,216,37,4.2,2.8
6037311200,2571,210,216,50,8.4,3.4
6037407200,5534,400,216,55,3.9,2
6037551900,4086,353,216,77,5.3,2.2
6037603101,3236,286,216,92,6.7,2.4
6037700400,5084,485,217,100,4.3,3.5
6037920115,3002,212,217,143,7.2,2.9
6037238100,3445,308,218,41,6.3,2.4
6037603600,3514,239,218,92,6.2,2.3
6037135102,3249,192,219,25,6.7,2.6
6037238200,3932,587,219,41,5.6,3.8
6037310300,2133,123,219,49,10.3,3.2
6037576801,3369,410,219,86,6.5,3.8
6037910715,4551,511,219,125,4.8,1.9
6037297500,4015,301,220,48,5.5,2.6
6037403319,3553,264,220,52,6.2,2.6
6037430002,5553,368,220,57,4,1.7
6037553100,4742,321,220,77,4.6,1.2
6037800408,6012,375,221,109,3.7,1.5
6037405400,4140,422,222,54,5.4,2.9
6037461000,5180,475,222,59,4.3,1.6
6037555103,3883,286,222,80,5.7,2.1
6037910711,5802,462,222,124,3.8,2.3
6037464200,4479,321,223,61,5,1.9
6037401002,2929,219,224,51,7.6,2.8
6037621001,3622,242,224,94,6.2,2.1
6037430803,4357,324,225,57,5.2,1.7
6037137103,4266,317,226,25,5.3,2.7
6037403304,4316,251,226,52,5.2,1.8
6037464000,4864,320,226,61,4.6,2.3
6037401203,4277,248,227,51,5.3,2
6037555202,2626,147,227,80,8.6,2.9
6037134422,3867,234,228,24,5.9,2.2
6037408631,4265,305,228,56,5.3,2
6037576501,2275,267,228,86,10,4.6
6037900703,3164,254,228,113,7.2,2.7
6037106112,4153,418,229,12,5.5,2.3
6037405600,4453,287,229,54,5.1,1.6
6037670002,3102,217,229,98,7.4,3.2
6037700600,3861,369,229,100,5.9,2.5
6037401902,4856,378,230,51,4.7,2.1
6037408504,3884,233,230,56,5.9,2.2
6037501300,5353,398,230,64,4.3,2.2
6037501600,6315,334,230,64,3.6,1.7
6037143400,5397,373,231,27,4.3,1.9
6037620305,4702,432,231,93,4.9,2.8
6037543503,4789,328,232,75,4.8,1.5
6037236400,3717,275,233,41,6.3,2.5
6037296902,3034,275,233,47,7.7,2.8
6037408705,4534,327,233,57,5.1,2
6037620501,4577,330,233,93,5.1,1.9
6037670201,3003,236,233,98,7.8,2.4
6037262501,2777,168,234,43,8.4,3.8
6037403721,3790,274,234,53,6.2,2.2
6037503601,3374,280,234,66,6.9,2.3
6037101122,2738,244,235,6,8.6,4.1
6037500202,3795,223,235,64,6.2,2
6037574100,4019,190,235,83,5.8,1.8
6037920042,5682,376,235,136,4.1,1.9
6037104103,2973,300,236,8,7.9,3.1
6037277000,4454,237,236,46,5.3,2.1
6037504002,4004,256,236,66,5.9,2.4
6037551800,6245,738,236,77,3.8,1.8
6037571504,3837,284,236,82,6.2,2.2
6037920112,3403,223,236,143,6.9,2.7
6037115301,3632,213,237,14,6.5,2.4
6037603302,3249,294,237,92,7.3,3
6037670405,2277,168,237,99,10.4,4
6037920028,4768,271,237,131,5,2.1
6037296300,3960,234,238,47,6,3
6037602200,5839,564,238,90,4.1,2
6037920034,2635,281,238,133,9,3.9
6037297400,3031,181,239,48,7.9,2.2
6037403801,4907,266,239,53,4.9,1.6
6037132102,4387,342,240,23,5.5,2.1
6037265100,2221,167,240,43,10.8,4
6037403802,4748,397,240,53,5.1,1.8
6037502100,4180,287,240,65,5.7,2.4
6037570800,4128,322,240,81,5.8,1.9
6037920015,4206,200,240,128,5.7,2
6037132700,3828,235,242,23,6.3,3.3
6037402200,5463,461,243,51,4.4,1.9
6037115101,4219,276,244,14,5.8,1.9
6037103400,5673,550,245,8,4.3,2.9
6037111301,5566,454,245,12,4.4,1.8
6037236000,4038,323,245,40,6.1,2.9
6037550500,6088,568,245,76,4,2.5
6037551000,5757,372,245,76,4.3,1.7
6037576502,3637,336,245,86,6.7,2.5
6037670413,3666,243,245,99,6.7,1.9
6037920045,3543,199,245,138,6.9,3.2
6037480500,3940,277,246,61,6.2,2.7
6037574000,4204,202,246,83,5.9,1.6
6037900701,3240,324,246,113,7.6,2.6
6037482600,5680,439,247,63,4.3,2
6037554521,5132,308,247,79,4.8,1.7
6037600704,2362,312,247,87,10.5,3.6
6037543501,5608,388,248,74,4.4,2
6037920329,4239,354,249,150,5.9,2.8
6037407702,5246,342,250,55,4.8,2
6037543306,6173,481,250,74,4,1.9
6037554512,4943,296,250,79,5.1,1.8
6037276603,4751,341,251,46,5.3,1.9
6037702600,4805,237,251,105,5.2,2
6037910603,4818,337,251,123,5.2,2.4
6037920313,4154,222,251,147,6,2.1
6037651102,3217,175,252,97,7.8,2.3
6037300600,7395,432,253,48,3.4,1.5
6037603900,5646,430,253,92,4.5,2.7
6037621324,3166,381,253,95,8,3
6037920035,5602,402,253,133,4.5,3.2
6037137502,3561,302,254,25,7.1,2.7
6037262706,2798,152,254,43,9.1,3.7
6037503802,3951,202,254,66,6.4,2.2
6037620301,3361,192,254,93,7.6,2.2
6037670411,3317,203,254,99,7.7,3.4
6037800325,2759,191,254,108,9.2,3.2
6037111202,4126,383,255,12,6.2,2.4
6037403316,5541,391,255,52,4.6,2.3
6037461200,3920,251,256,60,6.5,2.5
6037701304,5357,442,256,102,4.8,2.2
6037900605,5096,449,256,112,5,2.3
6037400207,3584,208,257,50,7.2,1.9
6037401500,4835,280,257,51,5.3,1.8
6037570001,3957,290,257,80,6.5,1.9
6037570501,5352,438,257,81,4.8,2.3
6037577200,5097,341,257,86,5,1.9
6037920108,3371,173,257,142,7.6,2.5
6037500100,3194,301,258,63,8.1,2.7
6037670326,2733,222,260,99,9.5,2.6
6037111302,4463,295,261,12,5.8,2.3
6037124000,4080,253,261,19,6.4,2.7
6037275602,7836,622,261,46,3.3,1.7
6037554522,4201,222,261,79,6.2,2.1
6037601302,5514,409,261,88,4.7,2.3
6037604100,5550,402,261,92,4.7,2.9
6037800332,4861,368,261,108,5.4,1.8
6037910716,4173,255,261,125,6.3,2.7
6037403703,3980,291,262,53,6.6,2.3
6037503502,3276,239,262,65,8,2.8
6037577100,5869,364,263,86,4.5,2.3
6037920116,3683,192,263,144,7.1,2.5
6037577501,3071,187,264,87,8.6,2.7
6037401304,4863,358,265,51,5.4,2.2
6037573800,3377,235,266,83,7.9,2.1
6037650502,3524,213,266,96,7.5,2.5
6037405702,3942,309,267,54,6.8,2.2
6037700200,6932,569,267,100,3.9,1.9
6037670328,3811,230,268,99,7,2.2
6037800102,5248,442,269,107,5.1,2.1
6037620522,3805,266,271,94,7.1,2.5
6037910209,3471,325,271,119,7.8,2.2
6037106406,4320,332,272,12,6.3,2.5
6037460301,3399,245,272,59,8,2.7
6037300400,4688,353,273,48,5.8,2.5
6037571800,2542,200,273,82,10.7,3.3
6037600601,2142,165,274,87,12.8,3.8
6037702102,5341,411,274,104,5.1,2.5
6037430302,4408,315,275,57,6.2,2.3
6037503501,4760,362,275,65,5.8,2.1
6037910002,5372,546,275,118,5.1,1.8
6037403722,3912,238,277,53,7.1,2.2
6037670100,5709,411,277,98,4.9,1.7
6037463800,3053,204,278,61,9.1,2.6
6037670324,3820,299,278,99,7.3,2.5
6037800326,4100,267,279,108,6.8,1.8
6037503702,4144,271,280,66,6.8,2
6037576601,4338,419,280,86,6.5,3.3
6037104124,3528,380,281,8,8,2.7
6037463400,4899,341,281,61,5.7,2.5
6037576001,4909,432,281,85,5.7,2.2
6037550300,6030,533,282,75,4.7,1.9
6037920312,4117,232,284,146,6.9,2.4
6037503902,3498,238,285,66,8.1,2
6037573402,5256,304,285,83,5.4,3
6037910813,3199,311,285,126,8.9,2.7
6037920020,5247,425,287,129,5.5,2
6037620602,4240,305,288,94,6.8,2.7
6037650902,4798,353,288,97,6,3.1
6037650101,4659,397,290,96,6.2,2.6
6037103200,5169,611,291,8,5.6,2.7
6037295103,4231,293,291,47,6.9,3.1
6037650200,4820,237,291,96,6,1.8
6037910805,3992,436,291,125,7.3,3.1
6037651101,4155,236,294,97,7.1,2.2
6037402600,5681,619,295,52,5.2,2.7
6037920017,3668,287,295,129,8,2.4
6037181000,5132,348,296,27,5.8,2.6
6037310900,5193,401,298,50,5.7,3
6037401701,3594,194,298,51,8.3,2.6
6037502200,5138,408,299,65,5.8,1.7
6037400304,5867,407,300,50,5.1,2.1
6037540902,3846,366,300,72,7.8,2.1
6037570901,4502,237,300,81,6.7,1.9
6037503401,5094,324,301,65,5.9,2.4
6037401202,3810,260,302,51,7.9,2.5
6037900805,3742,411,302,114,8.1,2.5
6037554518,4346,279,303,79,7,2.1
6037650702,3892,212,303,97,7.8,2
6037300100,4407,455,304,48,6.9,2.5
6037650300,5559,434,304,96,5.5,2.7
6037408402,4988,421,306,56,6.1,1.8
6037543100,5261,425,306,74,5.8,2.1
6037574300,4533,245,306,84,6.8,2.2
6037621104,5689,376,307,95,5.4,2.4
6037920013,4042,252,307,127,7.6,1.9
6037300901,5227,455,308,48,5.9,2.7
6037651222,4839,338,308,97,6.4,2.3
6037400404,3589,196,310,50,8.6,2.7
6037432500,6964,598,310,58,4.5,1.9
6037920111,2299,138,310,143,13.5,3.2
6037236100,4641,343,311,41,6.7,3.3
6037400204,4706,285,311,50,6.6,2.4
6037651201,3911,229,311,97,8,2.1
6037574400,3947,222,312,84,7.9,2
6037920102,3984,283,312,140,7.8,2.4
6037139701,4472,414,313,26,7,2.8
6037620400,3979,222,313,93,7.9,2.4
6037106020,4735,415,314,12,6.6,2.7
6037460100,5065,383,315,59,6.2,1.8
6037900705,3078,300,316,113,10.3,3.2
6037276100,5084,449,317,46,6.2,3
6037401602,4369,238,318,51,7.3,2.7
6037901011,3982,227,319,116,8,2.6
6037206020,8083,245,320,33,4,1
6037500700,4992,308,320,64,6.4,1.8
6037650001,4671,390,321,96,6.9,2
6037143100,3840,372,322,26,8.4,4.1
6037430502,5625,295,322,57,5.7,1.9
6037572201,4885,236,322,83,6.6,2.8
6037651304,3958,314,322,98,8.1,3.7
6037573700,3797,192,325,83,8.6,2.3
6037577602,2756,166,325,87,11.8,2.8
6037920330,4146,270,325,150,7.8,3.7
6037463900,2846,260,327,61,11.5,3.2
6037670003,4580,329,328,98,7.2,2.8
6037651001,4697,316,329,97,7,1.9
6037400206,4099,183,330,50,8.1,2.5
6037502601,5664,309,333,65,5.9,2.2
6037651002,4025,289,333,97,8.3,3
6037910208,4575,332,333,119,7.3,2.1
6037310100,4731,223,334,49,7.1,2.9
6037620800,5930,378,337,94,5.7,2.3
6037500201,5376,318,343,64,6.4,1.8
6037900900,3156,226,343,114,10.9,2.7
6037900609,3568,365,344,113,9.6,3.5
6037570701,5294,487,345,81,6.5,2.3
6037297000,4236,359,346,48,8.2,2.8
6037137201,4722,458,347,25,7.3,3.2
6037573100,5680,451,347,83,6.1,2.6
6037701402,5693,603,347,102,6.1,3.7
6037406500,5051,317,349,54,6.9,2.8
6037910301,3037,203,350,120,11.5,3.4
6037901010,4169,359,351,116,8.4,2.9
6037311500,4490,324,352,50,7.8,3.3
6037650602,6079,483,354,96,5.8,2.1
6037670702,4460,286,355,99,8,3
6037571900,4356,281,359,82,8.2,2.8
6037900104,4180,356,359,110,8.6,2.9
6037238400,4142,502,361,41,8.7,5.9
6037297601,1838,152,361,48,19.6,4.7
6037575902,4548,418,362,85,8,2.8
6037900501,4805,467,362,110,7.5,1.8
6037900504,4708,311,362,110,7.7,2.3
6037901101,3969,293,362,116,9.1,3
6037651302,4792,293,363,97,7.6,2.2
6037900803,6390,609,367,113,5.7,2.5
6037503703,6634,366,368,66,5.5,1.7
6037900103,4119,358,368,110,8.9,3.1
6037910804,2604,176,368,125,14.1,4.2
6037576602,4029,341,370,86,9.2,4.2
6037111400,6621,458,372,12,5.6,2.5
6037460200,4658,466,377,59,8.1,2.8
6037911001,3413,343,378,126,11.1,4.1
6037543321,4643,324,383,74,8.2,2.5
6037300701,4863,249,384,48,7.9,2.8
6037408503,5340,344,385,56,7.2,1.7
6037702901,9080,805,385,105,4.2,2.6
6037901213,2983,223,388,117,13,3
6037553200,5960,337,389,77,6.5,2.4
6037577603,6624,391,391,87,5.9,1.6
6037543603,3727,297,393,75,10.5,2.7
6037403600,5250,383,403,53,7.7,3.1
6037910705,8225,658,405,123,4.9,2.6
6037262604,4637,298,407,43,8.8,2.9
6037276000,4547,317,408,46,9,3
6037401601,4397,274,409,51,9.3,2.8
6037901009,4317,325,412,115,9.5,2.1
6037571000,4574,244,416,81,9.1,2.4
6037543602,6584,486,417,75,6.3,2
6037137402,3980,326,419,25,10.5,3.6
6037910207,4511,311,424,119,9.4,2.7
6037901102,4306,363,426,116,9.9,2.5
6037401312,4542,344,429,51,9.4,2.9
6037703200,4655,360,429,106,9.2,3
6037910302,4180,391,429,120,10.3,3.4
6037910202,4189,302,438,118,10.5,2.6
6037571200,6457,332,442,82,6.8,2.9
6037574500,5107,315,444,84,8.7,2.7
6037670701,5596,418,446,99,8,2.8
6037910401,5182,388,449,120,8.7,3
6037311700,4893,310,452,50,9.2,2.7
6037620701,5306,289,454,94,8.6,3.5
6037910210,5275,390,468,120,8.9,3.6
6037543304,4887,417,474,74,9.7,2.6
6037703002,5710,403,494,106,8.7,3.3
6037703100,4642,429,501,106,10.8,4
6037572002,4122,336,506,83,12.3,4
6037602600,6933,440,509,91,7.3,2.2
6037573601,4677,374,521,83,11.1,3.4
6037701100,1005,389,523,101,52,24.8
6037920031,5241,399,527,132,10.1,2.8
6037206300,5372,686,565,34,10.5,5.2
6037543322,5792,390,576,74,9.9,3.4
6037670602,5769,310,577,99,10,3
6037401800,6557,355,626,51,9.5,3.2
6037601401,4286,581,780,88,18.2,11.3
6037901004,8859,612,855,115,9.7,2.3
6037901205,8202,564,861,117,10.5,2.6