GEO_id2,Civilian_EST,Civilian_MOE,Veteran_EST,Veteran_MOE
6037101110,3574,376,97,55
6037101122,2738,244,235,108
6037101210,4612,413,61,60
6037101220,2633,238,85,39
6037101300,3782,402,124,76
6037101400,3348,211,158,58
6037102103,1594,122,104,42
6037102104,3252,350,133,55
6037102105,1580,191,116,53
6037102107,3250,341,183,68
6037103101,2115,155,178,72
6037103102,3775,332,106,50
6037103200,5169,611,291,144
6037103300,2861,278,199,77
6037103400,5673,550,245,170
6037104103,2973,300,236,93
6037104105,4358,285,73,45
6037104108,3870,322,110,77
6037104124,3528,380,281,101
6037104201,3641,338,49,26
6037104203,3695,364,72,50
6037104204,2765,241,125,50
6037104310,3779,413,69,42
6037104320,4796,536,74,47
6037104401,2678,290,14,17
6037104403,2535,281,35,36
6037104404,2114,179,0,0
6037104500,2317,312,15,18
6037104610,2613,225,23,23
6037104620,2543,215,37,28
6037104701,2761,246,34,30
6037104703,1499,204,16,17
6037104704,3159,273,104,54
6037104810,4302,507,64,47
6037104821,2509,196,16,14
6037104822,1957,237,18,15
6037106010,2480,214,166,55
6037106020,4735,415,314,124
6037106111,3668,350,135,56
6037106112,4153,418,229,93
6037106113,2865,253,143,70
6037106114,4349,340,68,48
6037106403,2759,315,94,46
6037106405,3312,533,89,61
6037106406,4320,332,272,110
6037106407,2164,226,110,55
6037106408,2440,214,24,25
6037106510,3787,304,112,50
6037106520,4300,340,135,55
6037106603,2503,126,80,32
6037106604,3369,305,74,44
6037106641,1875,92,101,39
6037106642,2574,237,122,67
6037106643,3873,293,155,72
6037106645,2848,285,165,62
6037106646,2839,204,116,48
6037106648,3051,208,33,23
6037106649,1946,152,77,50
6037107010,2314,205,37,41
6037107020,4241,399,118,75
6037108101,1997,148,49,33
6037108102,2861,187,137,53
6037108103,2676,307,169,73
6037108104,1482,171,48,30
6037108201,4309,253,162,85
6037108202,5336,289,169,109
6037109100,2290,207,107,43
6037109200,2354,197,153,77
6037109300,2595,143,126,50
6037109400,2904,454,114,61
6037109500,3543,412,13,17
6037109601,4052,341,208,83
6037109603,3540,399,108,59
6037109604,2254,161,187,65
6037109700,3591,396,125,58
6037109800,4294,361,102,58
6037111100,2413,154,160,52
6037111201,2713,274,162,67
6037111202,4126,383,255,96
6037111204,5101,247,182,59
6037111205,3140,250,178,125
6037111206,3802,342,187,64
6037111301,5566,454,245,103
6037111302,4463,295,261,104
6037111400,6621,458,372,165
6037113101,2987,301,141,46
6037113102,2625,149,120,38
6037113211,3098,170,99,51
6037113212,2796,159,82,47
6037113213,4075,278,201,89
6037113231,1803,87,98,40
6037113232,3391,276,200,73
6037113233,6011,564,67,40
6037113234,3558,302,133,61
6037113235,1422,130,50,27
6037113237,3298,287,92,53
6037113301,1969,151,172,47
6037113303,3389,234,168,77
6037113321,5088,393,160,101
6037113322,3594,252,198,112
6037113401,4865,389,160,64
6037113421,5172,354,156,65
6037113422,5327,535,206,106
6037115101,4219,276,244,76
6037115103,3397,294,35,23
6037115104,4083,371,128,60
6037115201,6088,526,207,126
6037115202,4289,425,201,86
6037115301,3632,213,237,84
6037115302,3150,233,61,34
6037115401,4715,290,92,53
6037115403,2910,301,121,65
6037115404,2368,161,52,33
6037117101,4065,317,69,54
6037117102,2210,173,62,34
6037117201,3340,298,88,53
6037117202,2141,183,120,52
6037117301,3328,225,120,51
6037117302,4126,259,201,71
6037117303,2916,186,167,71
6037117404,3630,315,44,34
6037117405,2484,224,0,0
6037117407,2458,194,17,14
6037117408,2255,198,67,40
6037117510,2581,260,35,34
6037117520,2797,248,18,24
6037117530,4683,375,61,54
6037119001,3189,210,92,34
6037119002,5895,482,127,74
6037119201,3024,255,63,33
6037119202,3433,338,94,53
6037119310,3146,278,91,59
6037119320,3512,330,55,37
6037119340,2447,189,26,21
6037119341,2352,170,41,24
6037119342,2221,143,20,19
6037119400,4243,289,102,59
6037119700,3968,324,114,66
6037119800,5041,299,135,63
6037119900,3929,311,145,79
6037120010,2039,170,39,23
6037120020,3049,301,29,34
6037120030,1833,198,24,18
6037120103,2207,259,6,11
6037120104,1774,200,27,22
6037120105,2111,173,53,24
6037120106,3060,282,37,33
6037120107,2413,213,8,13
6037120108,3544,310,91,64
6037120300,4408,361,115,63
6037120400,5477,442,104,62
6037121010,3541,480,139,62
6037121020,2958,238,37,35
6037121101,2307,213,61,35
6037121102,1952,254,114,58
6037121210,2448,198,72,28
6037121221,1936,184,53,33
6037121222,3769,342,23,23
6037121600,2091,267,80,38
6037121801,2290,300,90,47
6037121802,2750,404,149,96
6037121900,3090,248,52,36
6037122000,5058,509,178,87
6037122120,3452,415,121,66
6037122121,2127,174,57,40
6037122122,1890,204,40,25
6037122200,2868,308,33,26
6037122410,2571,282,67,65
6037122420,3240,275,44,42
6037123010,2910,207,74,44
6037123020,2697,229,59,55
6037123103,3091,255,53,38
6037123104,3602,334,90,49
6037123203,2721,252,31,33
6037123204,2401,196,16,18
6037123205,1899,169,8,13
6037123206,2135,132,44,26
6037123301,3605,331,56,46
6037123303,2502,199,51,32
6037123304,3354,267,136,70
6037123410,3386,312,79,71
6037123420,3298,305,28,24
6037123510,3813,315,106,50
6037123520,2011,177,57,35
6037123601,4204,286,44,49
6037123602,2831,245,75,53
6037123700,3459,456,82,42
6037123800,4770,386,207,122
6037123901,3166,252,97,47
6037123902,2223,192,37,28
6037124000,4080,253,261,108
6037124102,3108,303,37,32
6037124103,1584,178,26,25
6037124104,2084,170,44,27
6037124105,2068,148,32,23
6037124201,2574,267,154,105
6037124203,2322,185,63,33
6037124204,2155,270,39,42
6037124300,2858,328,55,40
6037124400,3556,224,100,60
6037124500,2300,253,125,81
6037124600,2734,184,93,43
6037124700,4571,375,128,68
6037124902,2320,214,70,50
6037124903,3233,262,120,56
6037125100,5231,383,184,96
6037125200,2913,302,96,68
6037125310,4336,412,60,59
6037125320,5008,535,159,122
6037125401,4126,323,66,56
6037125402,3703,243,116,55
6037125501,2887,282,205,131
6037125502,3049,290,100,69
6037125600,2104,190,60,38
6037127102,4479,580,112,67
6037127103,2319,271,49,44
6037127104,2744,285,80,57
6037127210,4333,341,139,67
6037127220,3690,235,51,41
6037127300,3751,349,114,54
6037127400,4803,315,89,54
6037127520,3170,289,45,57
6037127603,1970,180,35,27
6037127604,2482,234,49,24
6037127605,3069,365,52,50
6037127606,2640,270,93,49
6037127711,2676,260,74,63
6037127712,2387,211,67,55
6037127803,3246,306,61,36
6037127804,3355,214,84,50
6037127805,3056,275,10,16
6037127806,2370,261,36,37
6037127910,3911,399,73,40
6037127920,3314,240,72,51
6037128101,2942,255,53,40
6037128102,3770,374,84,57
6037128210,3619,282,44,42
6037128220,2465,280,44,33
6037128302,3562,293,55,42
6037128303,2621,290,55,47
6037128400,3245,260,102,58
6037128500,3655,224,191,80
6037128601,3421,255,94,71
6037128602,2893,336,97,51
6037128702,4869,372,110,71
6037128801,2887,219,131,66
6037128802,4009,267,153,79
6037128910,3572,252,144,85
6037131010,4863,325,82,46
6037131020,4742,419,117,67
6037131100,2598,191,103,60
6037131200,2653,244,160,75
6037131300,4064,290,102,59
6037131400,4900,306,168,65
6037131600,3968,534,155,65
6037131701,3753,297,104,70
6037131702,2965,280,178,56
6037131800,4803,399,154,62
6037131900,3613,250,175,74
6037132001,2519,177,128,59
6037132002,2570,258,134,71
6037132101,3736,394,162,88
6037132102,4387,342,240,95
6037132300,5704,514,157,90
6037132501,3604,283,103,51
6037132502,3014,253,85,47
6037132700,3828,235,242,124
6037132900,3063,220,117,61
6037133000,3468,296,199,83
6037133100,4677,397,180,76
6037134001,2895,299,20,25
6037134002,3229,373,79,42
6037134101,4510,446,158,67
6037134103,3582,275,168,86
6037134104,3437,276,128,55
6037134201,3556,425,124,56
6037134302,3027,249,133,91
6037134303,5046,419,126,58
6037134304,2321,163,109,53
6037134305,3161,267,22,24
6037134306,3101,288,102,69
6037134421,2980,231,88,44
6037134422,3867,234,228,87
6037134423,2956,209,206,81
6037134424,2275,118,113,39
6037134520,4473,295,37,40
6037134521,2391,240,9,13
6037134522,2686,285,77,44
6037134710,4278,356,90,53
6037134720,3696,328,80,48
6037134800,5122,341,124,61
6037134901,2290,200,103,52
6037134903,4863,374,72,50
6037134904,3636,414,78,41
6037134905,3636,302,48,36
6037135102,3249,192,219,84
6037135111,2562,198,77,46
6037135113,2473,221,131,49
6037135114,4188,418,177,119
6037135201,2139,181,101,41
6037135202,3461,301,97,57
6037135203,5850,333,142,70
6037137000,3962,213,154,69
6037137103,4266,317,226,115
6037137104,2262,188,100,44
6037137201,4722,458,347,149
6037137301,1813,133,92,38
6037137302,3681,224,200,59
6037137401,3318,265,161,79
6037137402,3980,326,419,145
6037137501,3614,387,163,67
6037137502,3561,302,254,97
6037137504,1639,262,77,31
6037138000,3791,283,182,73
6037139001,4248,259,142,83
6037139200,4566,379,107,87
6037139301,3792,353,128,64
6037139302,4163,389,196,105
6037139303,3628,274,83,54
6037139401,2315,164,184,87
6037139402,2020,157,63,30
6037139502,2534,285,64,45
6037139503,4932,412,125,105
6037139504,3539,231,53,36
6037139600,4101,372,121,62
6037139701,4472,414,313,122
6037139702,4505,281,169,81
6037139703,2254,150,94,42
6037139801,2666,249,146,60
6037139802,3294,343,118,46
6037141101,4016,330,125,81
6037141102,2533,207,94,57
6037141201,3732,228,91,56
6037141202,2317,191,72,48
6037141302,5234,547,199,152
6037141303,2913,228,104,66
6037141304,2387,195,62,37
6037141400,3912,245,176,69
6037141500,2244,187,135,63
6037141600,3395,205,110,52
6037141700,2504,193,139,62
6037143100,3840,372,322,149
6037143200,3696,380,106,61
6037143300,5793,358,158,77
6037143400,5397,373,231,105
6037143500,3848,246,66,46
6037143602,3798,324,200,90
6037143603,2078,178,90,46
6037143604,3105,282,109,59
6037143700,3438,317,81,48
6037143800,4538,352,196,129
6037143901,3235,261,89,49
6037143902,2493,178,49,36
6037181000,5132,348,296,129
6037181300,3364,263,123,53
6037181400,3723,279,120,58
6037181500,3143,218,147,75
6037181600,3974,261,89,41
6037183101,2893,278,108,56
6037183103,3462,322,118,65
6037183104,1848,152,123,51
6037183220,3158,338,88,71
6037183221,2510,259,41,46
6037183222,2882,321,139,70
6037183300,2746,225,72,38
6037183401,1883,162,75,47
6037183402,2544,271,19,17
6037183510,2134,211,78,32
6037183520,2833,299,31,24
6037183610,2626,280,68,36
6037183620,2320,182,54,36
6037183701,3111,285,88,75
6037183702,2322,266,123,75
6037183810,3291,261,65,59
6037183820,2753,303,74,91
6037185100,5266,625,183,83
6037185202,3360,355,129,75
6037185203,2769,240,30,23
6037185204,1625,113,114,44
6037185310,2457,320,38,29
6037185320,2357,230,16,14
6037186100,4142,240,134,61
6037186201,2801,283,117,72
6037186202,1674,159,57,35
6037186203,2392,226,110,83
6037186301,2350,234,20,18
6037186302,4287,368,89,47
6037186401,2616,225,21,16
6037186403,2281,205,92,45
6037186404,2170,155,26,22
6037187101,2752,304,37,27
6037187102,2679,255,34,45
6037187200,2366,207,26,17
6037187300,2843,266,38,29
6037188100,3524,303,42,43
6037188201,3053,254,82,37
6037188202,2099,151,31,26
6037188300,3101,317,60,47
6037189101,2215,209,111,71
6037189102,2822,173,38,27
6037189201,3282,214,74,41
6037189202,2048,213,74,43
6037189300,2532,247,81,37
6037189400,3057,278,135,69
6037189500,3786,354,116,73
6037189600,3327,323,128,97
6037189701,3182,310,114,80
6037189702,1832,183,61,61
6037189800,3640,298,37,44
6037189902,5088,281,99,74
6037189903,2107,177,58,40
6037189904,2375,240,27,42
6037189905,2118,193,16,17
6037190100,4439,450,26,33
6037190201,2288,275,76,96
6037190202,3237,320,50,48
6037190301,5475,582,181,112
6037190401,2871,215,32,27
6037190402,2309,193,103,103
6037190510,3776,279,64,54
6037190520,3257,204,59,40
6037190700,2811,390,80,123
6037190801,2373,479,54,38
6037190802,2541,249,25,26
6037190901,3671,353,62,56
6037190902,3275,333,79,51
6037191000,3722,428,81,59
6037191110,3557,506,50,46
6037191120,3649,315,106,46
6037191201,3899,510,106,88
6037191203,2150,173,17,22
6037191204,1815,158,15,15
6037191301,2115,191,18,17
6037191302,1887,177,44,26
6037191410,3711,360,70,55
6037191420,3010,323,155,177
6037191500,4758,389,88,56
6037191610,3292,334,21,28
6037191620,2382,281,26,18
6037191710,2239,202,44,35
6037191720,2735,315,9,15
6037191810,2975,379,19,22
6037191820,2634,342,53,39
6037191901,2873,295,106,56
6037191902,2144,236,60,39
6037192001,2172,207,60,58
6037192002,2402,264,45,53
6037192300,2127,172,95,45
6037192410,3345,300,102,50
6037192420,3486,380,8,13
6037192510,3020,271,16,18
6037192520,3653,273,53,44
6037192610,3507,353,79,58
6037192620,2828,308,8,12
6037192700,3280,486,89,45
6037194101,3029,291,71,40
6037194102,2949,201,135,57
6037194200,3026,406,109,52
6037194300,3019,512,66,33
6037194401,2293,242,38,25
6037194402,3481,297,35,39
6037194500,1670,135,41,33
6037195100,4116,316,162,76
6037195201,2810,237,77,52
6037195202,2737,198,87,45
6037195300,3007,272,82,53
6037195400,4129,411,129,60
6037195500,4445,384,49,46
6037195600,2791,259,35,40
6037195710,3505,490,68,56
6037195720,1892,192,24,21
6037195802,2259,204,45,34
6037195803,2405,243,36,26
6037195804,2158,249,0,0
6037195901,1894,152,42,36
6037195902,1695,153,38,32
6037195903,1969,147,13,15
6037197200,3061,264,92,58
6037197300,3498,292,78,49
6037197410,3766,298,119,61
6037197420,3020,281,23,25
6037197500,3178,248,49,43
6037197600,2001,178,34,29
6037197700,4281,331,8,12
6037199000,4166,473,51,41
6037199110,1993,147,84,51
6037199120,3216,285,57,38
6037199201,3001,277,83,59
6037199202,2262,200,75,38
6037199300,2972,344,88,52
6037199400,3560,411,53,36
6037199700,2476,202,56,57
6037199800,4129,334,13,20
6037199900,1991,166,28,25
6037201110,1780,147,76,39
6037201120,2816,212,57,39
6037201200,1908,169,36,28
6037201301,2926,312,78,59
6037201302,3565,236,94,50
6037201401,3679,305,50,36
6037201402,4216,414,105,49
6037201501,4460,399,94,45
6037201503,2346,177,21,21
6037201504,1771,189,59,31
6037201601,1781,200,89,42
6037201602,2351,261,70,29
6037201700,5056,598,90,64
6037203100,3105,260,44,43
6037203200,3540,292,71,44
6037203300,1251,184,14,19
6037203500,2214,200,41,32
6037203600,3728,374,38,38
6037203710,2528,232,19,19
6037203720,2941,373,70,52
6037203800,3348,356,106,82
6037203900,2266,247,47,68
6037204110,2418,301,22,27
6037204120,2142,227,60,34
6037204200,2370,243,6,10
6037204300,3466,345,49,37
6037204410,1433,169,28,28
6037204420,2216,213,55,61
6037204600,2951,324,55,57
6037204700,3894,436,20,22
6037204810,3815,388,22,22
6037204820,1639,203,46,29
6037204910,2552,227,34,29
6037204920,1918,181,30,24
6037205110,2641,214,10,17
6037205120,2443,208,12,18
6037206010,2795,379,36,44
6037206020,8083,245,320,83
6037206031,3363,335,117,94
6037206032,4118,373,10,15
6037206050,1750,141,71,39
6037206200,3396,302,108,57
6037206300,5372,686,565,308
6037207101,3289,247,55,45
6037207102,2207,186,58,52
6037207103,1927,212,34,28
6037207301,4738,320,169,92
6037207302,4432,336,178,99
6037207400,1044,290,12,20
6037207501,2121,294,82,75
6037207502,2796,184,93,55
6037207710,3810,348,102,61
6037207900,4518,445,71,67
6037208000,5977,537,52,82
6037208301,1548,186,11,13
6037208302,3407,280,4,11
6037208401,3451,331,84,55
6037208402,2380,254,29,23
6037208501,1810,196,23,22
6037208502,2843,224,22,21
6037208610,3855,365,88,67
6037208620,3455,277,45,34
6037208710,3828,245,54,46
6037208720,3409,317,51,36
6037208801,2596,292,8,14
6037208802,2743,272,70,54
6037208902,2117,229,0,0
6037208903,3406,466,63,43
6037208904,2992,364,34,32
6037209102,4300,327,78,53
6037209103,2566,182,11,13
6037209104,1794,148,11,11
6037209200,3412,290,27,31
6037209300,3527,331,34,29
6037209401,2949,313,41,39
6037209402,2906,279,40,35
6037209403,2887,283,26,28
6037209510,2190,199,37,26
6037209520,1961,207,35,23
6037209810,2140,236,38,33
6037209820,2082,216,12,12
6037210010,2862,305,24,24
6037211000,3771,313,113,53
6037211120,4939,481,105,84
6037211121,1776,173,36,23
6037211122,2769,258,75,40
6037211201,2362,272,45,36
6037211202,2039,195,15,15
6037211310,3419,390,21,25
6037211320,2587,367,9,14
6037211410,2275,331,28,28
6037211420,2877,267,38,29
6037211500,3349,294,107,56
6037211701,2288,225,35,36
6037211703,3918,327,88,59
6037211704,2489,177,22,20
6037211802,3560,351,36,32
6037211803,3066,314,46,35
6037211804,2769,274,28,34
6037211910,3650,341,58,42
6037211921,1911,174,158,100
6037211922,2685,263,25,36
6037212101,2725,288,51,42
6037212102,1995,184,27,24
6037212202,2810,237,18,20
6037212203,2389,236,37,38
6037212204,2461,203,8,14
6037212303,2726,284,30,28
6037212304,1427,149,31,28
6037212305,2313,139,5,8
6037212306,2383,224,64,51
6037212410,3704,309,47,54
6037212420,2749,336,35,33
6037212501,1730,133,87,53
6037212502,2449,250,52,40
6037212610,3477,352,60,45
6037212620,3472,259,67,51
6037212701,2089,188,66,39
6037212702,3126,279,93,58
6037212800,3158,236,28,31
6037212900,3517,312,96,62
6037213100,2372,211,57,32
6037213201,3442,295,22,27
6037213202,3081,241,17,17
6037213310,3050,336,38,45
6037213320,2022,214,11,12
6037213401,3925,336,66,48
6037213402,3406,371,33,31
6037214000,2642,185,78,50
6037214100,2958,197,65,32
6037214400,2654,204,18,19
6037214501,2330,158,44,37
6037214502,4520,377,99,87
6037214503,2825,239,79,35
6037214600,2226,211,76,52
6037214700,2290,200,41,32
6037214800,2698,242,30,26
6037214901,2886,308,54,49
6037214902,2601,256,41,36
6037215101,2703,272,36,31
6037215102,2920,318,61,43
6037216100,2081,149,81,52
6037216200,4981,523,71,66
6037216300,4118,397,91,53
6037216401,3799,442,49,49
6037216402,2552,240,65,44
6037216700,3082,260,110,63
6037216800,2507,207,122,50
6037216900,4363,334,99,88
6037217001,2081,174,33,17
6037217002,4215,274,101,62
6037217100,5129,413,216,141
6037217200,3209,259,95,50
6037218110,2672,257,111,60
6037218120,3882,381,67,42
6037218210,2809,343,85,61
6037218220,3469,315,105,52
6037218300,4161,425,35,45
6037218400,3428,319,146,58
6037218500,2164,197,91,57
6037218600,2563,366,30,29
6037218701,1841,228,75,32
6037218702,1656,156,63,39
6037218800,2363,209,97,48
6037218900,4664,438,131,69
6037219010,2474,198,33,26
6037219020,3486,305,85,47
6037219300,2985,250,178,79
6037219500,1438,165,102,45
6037219700,3389,345,102,60
6037219800,2270,183,39,29
6037219901,3374,286,44,40
6037219902,2932,321,35,25
6037220000,4316,387,144,84
6037220100,2136,256,93,51
6037221110,2855,373,16,21
6037221120,2432,231,42,26
6037221210,2465,190,71,44
6037221220,2897,229,31,23
6037221302,4180,417,58,45
6037221303,2218,183,46,33
6037221304,2847,364,54,33
6037221401,2629,284,88,56
6037221402,2289,234,109,43
6037221500,2962,282,139,80
6037221601,2299,249,45,35
6037221602,2103,183,13,21
6037221710,2152,178,27,20
6037221810,2300,229,31,22
6037221820,2380,382,26,21
6037221900,3327,292,0,0
6037222001,2310,162,75,40
6037222002,3456,442,57,52
6037222100,3182,343,42,37
6037222200,2780,282,60,43
6037222500,3798,357,50,37
6037222600,4535,428,36,32
6037222700,4085,470,5,7
6037224010,1957,198,14,19
6037224020,1958,228,0,0
6037224200,1915,217,3,7
6037224310,1419,141,24,28
6037224320,2412,245,18,29
6037224410,2844,368,26,28
6037224420,1940,210,23,21
6037224600,2453,211,35,30
6037224700,6392,457,18,16
6037226001,1649,205,5,9
6037226002,1563,145,28,26
6037226410,2522,210,4,8
6037226420,4010,372,0,0
6037226700,4686,578,0,0
6037227010,3359,392,13,21
6037227020,2494,235,32,26
6037228100,3430,438,11,17
6037228210,2768,244,36,25
6037228220,2919,210,31,30
6037228310,3182,246,16,14
6037228320,2160,252,32,29
6037228410,2472,258,0,0
6037228420,2201,266,0,0
6037228500,3408,385,73,58
6037228600,3245,357,48,48
6037228710,2590,241,51,28
6037228720,3126,291,24,19
6037228800,3481,328,52,33
6037228900,1760,191,12,14
6037229100,3509,298,7,10
6037229200,3346,399,61,46
6037229300,3662,295,46,39
6037229410,2249,250,0,0
6037229420,3134,248,35,24
6037231100,2637,489,57,77
6037231210,2544,303,30,38
6037231220,3333,414,30,27
6037231300,4160,400,96,73
6037231400,4148,584,130,72
6037231500,3722,426,90,51
6037231600,5085,378,141,69
6037231710,2751,306,24,27
6037231720,3680,342,59,48
6037231800,3403,337,43,38
6037231900,3717,405,18,30
6037232110,2154,211,21,20
6037232120,3858,325,9,18
6037232200,2406,256,94,59
6037232300,3915,1088,148,75
6037232400,5341,394,165,90
6037232500,3407,494,150,79
6037232600,4441,423,68,59
6037232700,4553,413,81,51
6037232800,2646,252,4,6
6037234000,4182,325,183,69
6037234200,2001,140,55,33
6037234300,3512,318,200,94
6037234501,2063,239,115,49
6037234502,2329,327,126,67
6037234600,3750,329,134,55
6037234700,2929,395,136,69
6037234800,2808,241,107,74
6037234901,1853,213,71,58
6037234902,2896,345,87,91
6037235100,3979,268,162,76
6037235201,2317,204,161,54
6037235202,3606,277,161,83
6037236000,4038,323,245,113
6037236100,4641,343,311,150
6037236202,4374,389,167,102
6037236203,2560,249,166,110
6037236204,2200,251,125,67
6037236400,3717,275,233,95
6037237101,2710,239,45,40
6037237102,2256,204,15,18
6037237201,2786,372,53,34
6037237202,3394,365,66,56
6037237300,3948,368,187,95
6037237401,2900,264,101,57
6037237402,2391,205,110,43
6037237500,2005,210,19,16
6037237600,2810,229,84,55
6037237710,2656,318,34,32
6037237720,2160,295,45,33
6037237800,2984,365,200,116
6037237900,3277,309,127,64
6037238000,4842,641,162,102
6037238100,3445,308,218,83
6037238200,3932,587,219,154
6037238310,3671,347,85,73
6037238320,2455,206,31,30
6037238400,4142,502,361,268
6037239201,2646,291,28,16
6037239202,3676,419,17,26
6037239310,2834,285,35,26
6037239320,2894,278,26,25
6037239330,2042,178,7,10
6037239501,2698,223,18,16
6037239502,2538,252,64,42
6037239601,2383,294,59,47
6037239602,2516,223,41,34
6037239701,3099,343,11,13
6037239702,2864,279,46,38
6037239801,2166,259,21,21
6037239802,3699,310,52,45
6037240010,2524,295,16,18
6037240020,3808,366,133,72
6037240200,3685,378,26,39
6037240300,3393,447,47,35
6037240401,3739,430,37,30
6037240402,2649,354,74,56
6037240500,4268,423,60,44
6037240600,4140,438,22,20
6037240700,4729,361,9,13
6037240800,3232,328,45,37
6037240900,3995,456,112,91
6037241001,3176,452,53,43
6037241002,2484,251,103,45
6037241110,2311,252,19,19
6037241120,3539,402,105,62
6037241201,2290,235,56,40
6037241202,3613,394,139,71
6037241300,1855,225,20,18
6037241400,2519,274,15,20
6037242000,2857,279,125,55
6037242100,1478,154,0,0
6037242200,4322,426,31,35
6037242300,3210,496,54,40
6037242600,3028,348,24,24
6037242700,3809,377,65,57
6037243000,4557,571,38,31
6037243100,3864,390,51,55
6037261101,2947,236,98,47
6037261102,3097,323,212,83
6037261200,3409,223,144,67
6037262100,2477,333,97,51
6037262200,3714,302,135,54
6037262301,2362,239,62,28
6037262302,2254,242,66,47
6037262303,2362,235,122,45
6037262400,2206,194,130,49
6037262501,2777,168,234,104
6037262601,2679,240,104,43
6037262604,4637,298,407,132
6037262704,2838,198,104,52
6037262706,2798,152,254,107
6037262802,2436,248,95,49
6037264000,2500,269,172,66
6037264102,2526,234,82,40
6037264103,2456,195,52,53
6037264301,4785,327,132,79
6037264302,5012,333,169,90
6037265100,2221,167,240,87
6037265201,2452,359,64,39
6037265202,3135,461,89,93
6037265301,10223,565,0,0
6037265303,4669,479,27,22
6037265304,3099,385,1,3
6037265305,3888,468,0,0
6037265410,1169,128,17,14
6037265420,1503,113,53,24
6037265510,4048,423,93,92
6037265520,4206,367,142,71
6037265601,2832,272,123,51
6037265602,2517,316,128,53
6037265700,4387,424,152,74
6037267100,5690,469,103,65
6037267200,5399,547,42,65
6037267300,4415,450,127,101
6037267402,4591,305,54,46
6037267403,3081,278,91,49
6037267404,2881,343,53,48
6037267501,5902,613,30,33
6037267502,2948,322,30,22
6037267600,2273,254,36,28
6037267700,2863,252,34,27
6037267800,2174,202,54,36
6037267901,2104,244,166,80
6037267902,2792,238,120,54
6037269000,4428,432,137,84
6037269100,3189,304,90,52
6037269300,2830,139,98,51
6037269500,2764,204,67,49
6037269601,2666,247,67,59
6037269602,2537,252,69,88
6037269700,3277,283,62,38
6037269800,2694,175,52,34
6037269903,3298,304,61,41
6037269904,3420,359,86,65
6037269905,2258,198,52,33
6037269906,2573,189,68,41
6037269907,2639,200,13,15
6037270100,3832,359,99,51
6037270200,2989,425,94,61
6037270300,2014,146,78,37
6037271100,1998,179,65,27
6037271200,2357,230,27,29
6037271300,3681,327,99,61
6037271400,2935,256,174,67
6037271500,2546,149,174,74
6037271600,3889,296,101,39
6037271701,4897,470,209,98
6037271702,3434,269,44,28
6037271801,3132,259,79,47
6037271802,4809,400,81,74
6037271901,2787,323,96,54
6037271902,3468,309,112,43
6037272100,3675,281,133,62
6037272201,2266,163,88,61
6037272202,3140,227,35,43
6037272301,2739,268,69,46
6037272302,3513,325,148,83
6037273100,2101,218,97,40
6037273200,2741,297,85,41
6037273300,2652,238,41,33
6037273402,2684,320,86,69
6037273502,2663,178,61,58
6037273600,1938,139,27,26
6037273700,2410,171,95,59
6037273800,2632,196,95,49
6037273902,3640,289,128,63
6037274100,3698,386,145,107
6037274202,3897,418,174,98
6037275101,1078,100,4,6
6037275102,3043,336,147,64
6037275200,3339,250,88,41
6037275302,4261,444,204,88
6037275311,5014,432,206,88
6037275400,3194,176,212,87
6037275500,4516,365,84,47
6037275602,7836,622,261,126
6037275603,2321,171,159,73
6037276000,4547,317,408,141
6037276100,5084,449,317,153
6037276400,3479,269,155,65
6037276500,5154,303,61,36
6037276601,3530,411,179,71
6037276603,4751,341,251,91
6037276604,4008,336,204,90
6037277000,4454,237,236,97
6037277100,2506,210,104,47
6037277200,1988,201,48,38
6037277400,1152,176,29,20
6037278001,2093,210,98,34
6037278102,2905,237,103,50
6037291110,2767,305,119,64
6037291120,1735,173,31,24
6037291130,2787,239,85,45
6037291210,4132,450,185,78
6037291220,2835,212,77,34
6037291300,2260,119,175,47
6037292000,4612,368,54,31
6037293201,5468,475,153,72
6037293202,4189,393,93,67
6037293301,2540,297,139,58
6037293302,4237,444,134,70
6037293304,3456,346,182,117
6037293306,2048,159,81,30
6037293307,2052,176,59,36
6037294110,3060,315,140,84
6037294120,1609,170,5,8
6037294200,3708,339,89,52
6037294301,2041,140,74,29
6037294302,3172,331,100,65
6037294410,3344,237,105,66
6037294421,2169,178,66,35
6037294510,3263,335,79,65
6037294520,2493,159,43,26
6037294610,3111,246,42,33
6037294620,3449,298,38,35
6037294701,2192,189,42,36
6037294810,2753,221,35,26
6037294820,2429,197,52,50
6037294830,2558,182,18,20
6037294900,2459,193,58,38
6037295103,4231,293,291,136
6037296210,2272,339,45,28
6037296220,3121,337,76,57
6037296300,3960,234,238,119
6037296401,2700,227,116,47
6037296402,2471,209,190,69
6037296500,2940,430,60,46
6037296600,3761,312,193,81
6037296901,3037,349,83,53
6037296902,3034,275,233,86
6037297000,4236,359,346,125
6037297110,3629,419,141,58
6037297120,2529,337,56,42
6037297201,2996,363,113,71
6037297202,3261,317,151,63
6037297300,1416,149,196,59
6037297400,3031,181,239,71
6037297500,4015,301,220,105
6037297601,1838,152,361,86
6037297602,3248,277,98,57
6037300100,4407,455,304,117
6037300200,4332,244,202,92
6037300301,4787,286,185,93
6037300400,4688,353,273,113
6037300501,2411,177,94,63
6037300502,4689,583,142,87
6037300600,7395,432,253,113
6037300701,4863,249,384,144
6037300702,4162,367,50,42
6037300800,6248,398,209,112
6037300901,5227,455,308,143
6037300902,1707,96,94,38
6037301000,3964,245,95,46
6037301100,5619,372,134,79
6037301203,3896,237,80,54
6037301204,4568,447,117,85
6037301205,1784,132,75,30
6037301206,4401,311,52,29
6037301300,1536,102,57,32
6037301400,3144,325,52,34
6037301501,1660,143,33,22
6037301502,5626,451,31,36
6037301601,5783,432,180,138
6037301602,3524,250,96,56
6037301701,2543,189,68,48
6037301702,4718,357,102,68
6037301801,3996,298,44,36
6037301802,3350,266,35,36
6037301900,6725,527,145,78
6037302002,3201,292,51,40
6037302003,3355,254,52,34
6037302004,3700,302,29,28
6037302102,5249,298,102,87
6037302103,5007,349,61,41
6037302104,3347,292,42,31
6037302201,3151,229,0,0
6037302202,4353,275,29,27
6037302301,3580,251,115,72
6037302302,4464,353,60,39
6037302401,5308,357,168,99
6037302503,3461,270,35,34
6037302504,3440,238,64,41
6037302505,3392,253,49,49
6037302506,2888,239,75,51
6037310100,4731,223,334,138
6037310201,4439,297,120,73
6037310202,4184,273,94,59
6037310300,2133,123,219,70
6037310400,2595,229,122,50
6037310501,3207,342,32,26
6037310601,5182,350,57,47
6037310602,2177,151,115,48
6037310701,2070,177,36,28
6037310702,6216,490,169,115
6037310703,3995,300,104,114
6037310800,4139,247,199,88
6037310900,5193,401,298,149
6037311000,2940,198,96,35
6037311100,3171,198,128,55
6037311200,2571,210,216,87
6037311300,3134,226,122,52
6037311400,1892,126,107,46
6037311500,4490,324,352,163
6037311600,6020,406,197,100
6037311700,4893,310,452,130
6037311801,2359,245,135,80
6037311802,3120,292,151,126
6037320000,0,12,0,0
6037320100,5661,301,174,77
6037320201,3061,286,117,87
6037320202,4206,382,151,72
6037320300,5179,372,98,57
6037400204,4706,285,311,120
6037400205,2318,171,136,55
6037400206,4099,183,330,106
6037400207,3584,208,257,71
6037400302,2389,185,177,58
6037400304,5867,407,300,123
6037400402,3328,243,209,70
6037400403,3325,261,148,61
6037400404,3589,196,310,97
6037400501,1720,91,117,39
6037400602,3263,274,95,51
6037400603,3823,293,111,50
6037400604,2406,289,76,45
6037400800,6279,308,165,60
6037400900,3372,259,211,80
6037401001,2463,142,200,61
6037401002,2929,219,224,84
6037401101,3933,236,147,96
6037401102,2472,291,145,62
6037401201,2467,180,183,68
6037401202,3810,260,302,94
6037401203,4277,248,227,84
6037401303,1853,139,105,49
6037401304,4863,358,265,108
6037401311,4622,275,201,120
6037401312,4542,344,429,127
6037401500,4835,280,257,83
6037401601,4397,274,409,125
6037401602,4369,238,318,123
6037401603,2323,157,183,76
6037401701,3594,194,298,91
6037401703,3451,240,183,61
6037401704,4861,420,186,77
6037401800,6557,355,626,219
6037401901,3928,389,5,9
6037401902,4856,378,230,98
6037402001,2347,191,160,98
6037402002,3173,309,165,70
6037402101,3906,354,170,116
6037402102,3626,327,157,90
6037402200,5463,461,243,102
6037402301,4084,366,139,76
6037402303,2866,256,51,33
6037402304,3013,254,55,38
6037402402,5028,486,93,70
6037402403,4186,282,88,67
6037402404,1905,246,0,0
6037402405,2175,159,149,54
6037402406,3675,349,71,96
6037402501,3950,323,17,16
6037402502,4803,416,93,51
6037402600,5681,619,295,155
6037402702,4067,332,45,36
6037402703,3562,317,92,53
6037402705,2594,184,77,35
6037402706,3178,261,35,31
6037402801,3069,241,39,37
6037402803,2167,167,46,36
6037402804,2829,186,40,31
6037402902,5189,374,86,59
6037402903,3117,209,81,43
6037402904,2753,195,136,51
6037403000,5660,414,162,98
6037403200,643,436,50,55
6037403303,2194,148,110,39
6037403304,4316,251,226,73
6037403305,1704,116,83,47
6037403312,3984,221,150,69
6037403316,5541,391,255,129
6037403317,3739,253,191,73
6037403318,4978,245,149,50
6037403319,3553,264,220,92
6037403320,4048,258,134,63
6037403321,5057,445,211,67
6037403322,3058,165,119,55
6037403323,4338,232,181,66
6037403324,5864,357,82,60
6037403325,4093,211,120,53
6037403401,4309,319,173,67
6037403402,2963,177,147,50
6037403403,3934,325,178,72
6037403404,2221,191,82,35
6037403405,1355,84,60,31
6037403406,2359,201,103,33
6037403407,1704,178,38,27
6037403408,5503,358,172,69
6037403500,1529,144,68,34
6037403600,5250,383,403,165
6037403702,3006,283,192,63
6037403703,3980,291,262,88
6037403721,3790,274,234,85
6037403722,3912,238,277,85
6037403801,4907,266,239,78
6037403802,4748,397,240,89
6037403901,2700,204,129,47
6037403902,4004,380,185,77
6037404000,3783,317,173,69
6037404100,5190,451,169,63
6037404201,2746,330,142,99
6037404202,3283,281,76,42
6037404301,4089,336,199,88
6037404302,1737,187,32,16
6037404401,2878,209,58,27
6037404402,3664,372,119,57
6037404501,1838,183,64,40
6037404503,2206,214,48,25
6037404504,3529,262,167,80
6037404600,1016,101,38,14
6037404701,4239,367,14,17
6037404702,4137,481,80,52
6037404703,2374,197,51,32
6037404801,6120,449,105,71
6037404802,3411,488,129,77
6037404803,1308,155,30,30
6037404901,4517,347,50,39
6037404902,3214,228,63,29
6037404903,2054,177,63,51
6037405001,4708,342,96,51
6037405002,2395,201,26,25
6037405101,4325,420,94,62
6037405102,3339,370,72,38
6037405201,3718,344,50,34
6037405202,3965,335,80,67
6037405203,2973,233,76,37
6037405301,2640,240,200,91
6037405302,4626,323,181,71
6037405400,4140,422,222,123
6037405500,5188,266,188,57
6037405600,4453,287,229,70
6037405701,2874,310,45,35
6037405702,3942,309,267,96
6037405800,4375,382,167,74
6037405900,3022,225,140,60
6037406000,3912,260,139,60
6037406101,2646,273,94,52
6037406102,4670,358,212,96
6037406200,4515,338,118,49
6037406300,4449,317,126,59
6037406402,1729,121,98,41
6037406411,1695,135,69,31
6037406412,1974,219,168,49
6037406500,5051,317,349,136
6037406601,4590,385,201,76
6037406602,4538,411,194,71
6037406701,2451,139,128,42
6037406702,4693,369,122,49
6037406800,3856,263,144,72
6037406901,3577,263,201,89
6037406902,3006,266,57,29
6037407001,5049,378,208,83
6037407002,2798,209,91,59
6037407101,3518,289,133,55
6037407102,4409,315,155,63
6037407200,5534,400,216,113
6037407301,3966,364,207,81
6037407302,2775,170,89,44
6037407400,1650,128,76,37
6037407501,3347,313,73,39
6037407502,3157,256,72,34
6037407601,3168,294,63,42
6037407602,2926,226,85,46
6037407701,3630,333,94,48
6037407702,5246,342,250,105
6037407801,4257,371,137,62
6037407802,2909,200,129,49
6037407900,5270,464,127,62
6037408003,3743,437,120,67
6037408004,1831,179,67,37
6037408005,3792,294,127,56
6037408006,2772,285,77,62
6037408133,4442,356,99,69
6037408134,2327,209,142,61
6037408135,2986,212,142,77
6037408136,3062,202,161,73
6037408137,3140,301,118,59
6037408138,4068,473,66,33
6037408139,3026,206,83,45
6037408140,2836,284,76,32
6037408141,3962,457,57,48
6037408202,1570,172,6,8
6037408211,4899,519,92,45
6037408212,4447,444,130,80
6037408301,4404,436,48,33
6037408302,3355,295,179,64
6037408303,3619,302,204,101
6037408401,3376,283,138,79
6037408402,4988,421,306,87
6037408501,2531,180,37,26
6037408503,5340,344,385,92
6037408504,3884,233,230,84
6037408505,2087,137,96,57
6037408623,2522,142,115,37
6037408624,2684,204,147,53
6037408625,3119,309,166,65
6037408626,3970,330,204,85
6037408627,2828,160,123,43
6037408628,4562,371,159,57
6037408629,2235,187,101,46
6037408630,1947,189,54,25
6037408631,4265,305,228,87
6037408703,5429,337,71,40
6037408704,2600,252,103,60
6037408705,4534,327,233,88
6037408706,1528,234,65,31
6037408722,3853,356,85,44
6037408723,2465,130,90,36
6037408724,3761,311,129,79
6037408800,3191,326,113,56
6037430002,5553,368,220,94
6037430003,3828,216,192,77
6037430101,4194,315,168,52
6037430102,3782,322,107,64
6037430200,1004,115,50,18
6037430301,3645,233,209,52
6037430302,4408,315,275,99
6037430400,3689,280,131,61
6037430501,3245,222,185,69
6037430502,5625,295,322,108
6037430600,3628,266,147,66
6037430701,4289,315,159,48
6037430721,2792,257,72,51
6037430723,3389,284,93,52
6037430724,3784,324,95,52
6037430801,5216,388,166,93
6037430802,3514,418,48,34
6037430803,4357,324,225,77
6037430901,3490,257,108,58
6037430902,3785,363,105,54
6037431001,5750,563,192,109
6037431002,2559,177,154,65
6037431100,5496,582,159,80
6037431200,4808,380,108,63
6037431300,2207,178,77,32
6037431400,3361,273,215,93
6037431501,3662,246,168,62
6037431502,3318,332,148,66
6037431600,3455,269,150,58
6037431700,4804,483,184,83
6037431800,4804,408,120,66
6037431900,3504,294,54,34
6037432000,6306,465,114,73
6037432101,3303,241,96,42
6037432102,4554,355,145,54
6037432201,3747,323,70,60
6037432202,3545,302,106,51
6037432300,3498,279,135,60
6037432401,2906,296,61,28
6037432402,5401,486,97,83
6037432500,6964,598,310,134
6037432601,5662,415,197,77
6037432602,3730,480,56,40
6037432700,3940,485,73,52
6037432801,2206,219,64,39
6037432802,3915,423,10,15
6037432901,3517,345,94,64
6037432902,2743,223,94,44
6037433101,1881,207,42,25
6037433102,3685,404,64,57
6037433200,4774,411,70,35
6037433302,1176,133,27,20
6037433304,4026,452,9,13
6037433305,3869,362,6,12
6037433306,2418,230,9,13
6037433307,2433,163,62,35
6037433401,2255,255,41,24
6037433402,3413,428,51,40
6037433403,3358,329,27,23
6037433501,1364,232,28,29
6037433503,2257,236,25,20
6037433504,3427,424,20,27
6037433601,4254,341,71,43
6037433602,2310,188,58,33
6037433700,3180,238,155,60
6037433801,4548,469,129,64
6037433802,2808,275,116,61
6037433901,4127,441,41,37
6037433902,2520,241,48,24
6037434001,3143,276,86,47
6037434003,3441,361,16,20
6037434004,2078,241,18,16
6037460000,3804,262,175,66
6037460100,5065,383,315,87
6037460200,4658,466,377,132
6037460301,3399,245,272,95
6037460302,3809,366,213,72
6037460401,663,60,38,18
6037460501,4264,225,187,82
6037460502,3251,222,160,58
6037460600,3503,204,139,55
6037460700,3710,282,143,72
6037460800,2419,216,189,70
6037460900,5606,420,156,92
6037461000,5180,475,222,85
6037461100,3979,349,167,68
6037461200,3920,251,256,97
6037461300,5763,357,141,82
6037461400,2637,262,53,29
6037461501,3254,283,132,70
6037461502,5464,488,120,69
6037461600,4893,377,144,72
6037461700,1304,85,48,22
6037461901,4099,437,79,54
6037461902,1592,171,91,64
6037462001,2900,283,74,59
6037462002,3134,314,75,66
6037462100,4514,325,99,68
6037462201,3248,260,211,90
6037462202,2352,337,22,20
6037462301,3579,351,172,69
6037462302,2852,263,40,29
6037462400,3231,220,127,65
6037462500,5383,397,182,92
6037462600,1813,95,110,38
6037462700,4384,449,105,76
6037462800,2319,147,141,66
6037462900,3043,203,166,68
6037463000,1810,161,63,31
6037463101,2014,210,117,48
6037463102,2999,392,67,41
6037463200,2790,198,163,58
6037463300,1654,104,85,30
6037463400,4899,341,281,126
6037463500,5450,384,196,95
6037463601,5162,395,137,96
6037463602,5140,624,131,102
6037463700,2423,230,181,80
6037463800,3053,204,278,79
6037463900,2846,260,327,97
6037464000,4864,320,226,109
6037464100,5607,366,153,98
6037464200,4479,321,223,84
6037480002,2786,199,155,67
6037480011,4068,322,109,54
6037480012,3909,435,134,73
6037480101,3162,228,104,66
6037480102,3801,246,106,44
6037480201,3044,241,158,67
6037480202,1948,126,73,30
6037480302,3888,271,124,63
6037480303,3089,238,64,53
6037480304,3719,255,57,33
6037480400,4483,375,115,79
6037480500,3940,277,246,103
6037480600,6104,330,166,90
6037480702,3438,244,213,84
6037480703,2779,186,130,63
6037480704,3539,241,123,49
6037480802,2763,277,189,97
6037480803,3131,282,116,68
6037480804,4092,298,88,56
6037480901,4242,290,116,75
6037480902,3167,278,76,38
6037480903,2453,196,49,39
6037481001,3602,270,77,47
6037481002,5026,426,150,91
6037481101,3699,343,113,47
6037481102,3149,276,51,36
6037481103,4057,333,61,41
6037481201,3004,233,51,35
6037481202,4769,455,68,41
6037481300,2828,212,54,25
6037481401,5424,356,63,38
6037481402,6159,518,58,50
6037481500,3809,312,91,45
6037481603,2898,269,76,47
6037481604,3154,188,86,38
6037481605,2417,284,78,45
6037481606,4101,310,53,38
6037481711,3764,352,92,65
6037481712,4820,414,44,36
6037481713,2478,238,27,22
6037481714,2302,204,22,16
6037481800,2386,124,100,46
6037481901,5103,275,145,55
6037481902,2671,235,111,53
6037482001,2388,173,173,71
6037482002,5343,365,200,84
6037482101,3870,271,96,53
6037482102,2505,203,128,45
6037482201,3269,296,79,53
6037482202,4208,293,83,65
6037482301,3726,322,63,45
6037482303,4705,529,32,26
6037482304,2829,237,34,29
6037482401,3073,296,56,31
6037482402,6006,518,138,109
6037482502,2672,227,54,28
6037482503,3469,312,30,29
6037482521,4709,437,76,40
6037482522,4058,377,191,76
6037482600,5680,439,247,115
6037482701,3608,288,129,74
6037482702,2147,145,140,36
6037482800,3594,249,143,69
6037500100,3194,301,258,85
6037500201,5376,318,343,99
6037500202,3795,223,235,78
6037500300,2619,177,69,46
6037500402,3382,398,60,48
6037500403,3168,330,102,42
6037500404,3891,315,188,79
6037500500,2266,245,46,25
6037500600,4339,365,80,55
6037500700,4992,308,320,90
6037500800,4063,443,71,40
6037500900,4503,325,168,84
6037501001,2650,311,50,31
6037501002,3920,269,150,63
6037501200,3767,303,202,73
6037501300,5353,398,230,117
6037501400,3185,276,158,161
6037501501,2042,128,106,43
6037501503,3929,303,124,62
6037501504,2723,212,108,75
6037501600,6315,334,230,105
6037501700,2648,246,84,45
6037501802,2771,214,101,53
6037501803,2985,276,91,55
6037501804,1486,128,37,32
6037501900,3168,268,174,71
6037502003,1996,154,51,32
6037502004,3094,227,46,25
6037502005,3570,288,137,67
6037502100,4180,287,240,100
6037502200,5138,408,299,84
6037502301,4662,401,142,71
6037502302,2298,201,53,32
6037502401,3977,305,169,80
6037502402,3019,152,124,53
6037502500,3071,216,85,36
6037502601,5664,309,333,120
6037502602,3494,296,63,36
6037502700,5296,321,214,76
6037502801,5003,313,167,60
6037502802,2435,204,75,38
6037502901,4441,307,129,60
6037502902,2999,216,70,34
6037503000,3795,402,65,57
6037503103,3903,298,130,78
6037503104,1825,158,91,47
6037503105,3133,326,100,48
6037503106,2720,379,176,86
6037503201,3268,283,159,65
6037503202,3876,375,132,84
6037503301,2415,177,130,53
6037503302,5168,483,156,68
6037503401,5094,324,301,122
6037503402,3158,232,201,69
6037503501,4760,362,275,99
6037503502,3276,239,262,92
6037503601,3374,280,234,78
6037503602,3550,185,138,66
6037503701,4103,306,214,79
6037503702,4144,271,280,80
6037503703,6634,366,368,113
6037503801,3051,244,203,95
6037503802,3951,202,254,87
6037503901,2305,182,165,53
6037503902,3498,238,285,77
6037504001,5181,326,125,52
6037504002,4004,256,236,94
6037504101,4110,269,155,59
6037504102,7,11,0,0
6037530003,2789,200,179,64
6037530004,3061,300,121,69
6037530005,3654,284,190,83
6037530006,3188,327,113,60
6037530101,4201,345,63,40
6037530102,4266,366,121,89
6037530202,3521,330,140,72
6037530203,2272,260,79,51
6037530204,2982,335,12,17
6037530301,1535,157,63,29
6037530302,5448,370,94,53
6037530400,2825,265,82,44
6037530500,3209,394,68,46
6037530601,2280,221,42,29
6037530602,1180,141,69,31
6037530700,1757,151,16,13
6037530801,3679,307,80,48
6037530802,2594,235,43,31
6037530901,2695,227,24,20
6037530902,3087,365,10,14
6037531000,3732,371,56,47
6037531101,3507,345,24,23
6037531102,2408,221,13,12
6037531201,3973,379,56,53
6037531202,3177,329,10,16
6037531301,3686,318,41,35
6037531302,4864,544,21,23
6037531502,2393,223,38,34
6037531503,1864,202,15,16
6037531504,2980,315,69,52
6037531602,3647,374,27,27
6037531603,2246,200,32,29
6037531604,2701,245,25,20
6037531701,4086,348,29,28
6037531702,3515,312,66,61
6037531800,3914,407,58,65
6037531901,4588,446,53,45
6037531902,3312,325,133,58
6037532001,2331,308,36,42
6037532002,2513,200,56,36
6037532101,4596,385,141,111
6037532102,3048,235,34,33
6037532200,4864,456,104,65
6037532302,3520,248,61,34
6037532303,3593,238,67,42
6037532304,3205,428,160,81
6037532400,45,17,0,0
6037532500,2952,268,29,29
6037532603,2211,153,11,19
6037532604,1943,181,8,8
6037532605,2828,356,68,51
6037532606,3365,292,61,45
6037532700,2234,239,25,26
6037532800,2591,239,8,12
6037532900,4643,370,91,64
6037533001,2985,301,30,33
6037533002,1871,172,4,6
6037533103,2182,212,11,11
6037533104,2868,364,16,26
6037533105,1770,244,15,16
6037533106,1211,130,4,7
6037533107,2474,193,27,28
6037533201,1999,165,19,21
6037533202,2032,181,4,6
6037533203,1397,146,14,17
6037533300,2241,194,21,22
6037533401,3902,261,17,18
6037533402,2837,286,0,0
6037533403,2187,177,20,24
6037533501,2241,207,0,0
6037533502,1479,192,8,7
6037533503,1527,131,23,34
6037533601,3241,297,28,33
6037533602,3863,358,37,25
6037533603,4859,318,77,51
6037533701,2218,280,26,24
6037533702,2670,205,19,17
6037533703,3131,282,4,9
6037533803,4396,293,72,53
6037533804,3401,252,63,52
6037533805,2734,240,12,18
6037533806,2488,305,0,0
6037533901,4253,224,38,41
6037533902,2720,187,6,8
6037534001,3595,295,21,34
6037534002,3228,294,28,15
6037534101,1535,157,43,34
6037534102,4363,303,16,20
6037534201,3034,215,34,39
6037534202,3783,427,30,34
6037534203,2398,180,22,19
6037534301,3162,262,17,20
6037534302,2420,165,26,22
6037534403,2209,166,5,8
6037534404,2543,178,26,21
6037534405,2713,201,19,22
6037534406,3306,287,8,15
6037534501,3949,333,37,32
6037534502,3525,316,62,51
6037534700,3625,269,33,26
6037534802,2285,256,15,15
6037534803,3418,321,62,51
6037534804,2896,237,6,9
6037534900,4422,489,32,38
6037535001,3040,259,32,29
6037535002,2563,218,33,30
6037535101,5444,423,60,50
6037535102,3368,401,26,28
6037535200,4383,448,14,20
6037535300,4177,342,55,42
6037535400,2058,268,0,0
6037535501,2653,204,17,18
6037535502,3773,319,30,29
6037535503,1764,163,21,20
6037535603,2565,190,24,21
6037535604,3079,184,11,17
6037535605,3327,327,21,20
6037535606,1398,213,38,30
6037535607,3367,216,8,12
6037535701,4396,373,46,56
6037535702,3781,465,9,15
6037535802,4968,400,186,77
6037535803,3344,222,33,25
6037535804,3909,348,51,41
6037535901,3923,302,67,46
6037535902,5262,438,52,43
6037536000,2668,167,54,41
6037536102,2580,222,108,69
6037536103,4317,375,118,73
6037536104,2958,179,35,30
6037536200,5359,379,188,82
6037540000,5165,379,122,70
6037540101,4872,306,6,11
6037540102,5103,407,97,67
6037540201,1361,153,27,25
6037540202,4689,354,48,61
6037540203,4096,361,152,94
6037540300,3789,344,57,44
6037540400,1652,177,23,21
6037540501,5354,385,50,36
6037540502,4301,408,19,26
6037540600,3112,342,79,62
6037540700,2400,259,56,38
6037540800,4521,479,136,83
6037540901,3488,347,23,27
6037540902,3846,366,300,80
6037541001,852,135,61,40
6037541002,2450,304,164,64
6037541100,2408,248,90,47
6037541200,4764,382,175,78
6037541300,4088,338,87,50
6037541400,4911,603,18,24
6037541500,4184,517,0,0
6037541603,2266,217,42,44
6037541604,4199,364,47,34
6037541605,3890,381,85,69
6037541606,1720,176,39,24
6037541700,4686,350,69,57
6037541801,3907,323,97,46
6037541802,3925,388,48,43
6037542000,3544,407,13,21
6037542103,2765,255,41,27
6037542104,2364,255,33,29
6037542105,3301,320,14,25
6037542106,2425,251,19,19
6037542200,5263,325,194,79
6037542401,3624,416,106,67
6037542402,2340,222,39,20
6037542501,3284,328,102,70
6037542502,3422,441,101,43
6037542601,2002,187,16,22
6037542602,4288,414,84,62
6037542700,4174,385,57,39
6037542800,2306,218,113,52
6037542900,2312,263,81,39
6037543000,3333,325,145,92
6037543100,5261,425,306,106
6037543201,2708,218,94,45
6037543202,3349,397,17,27
6037543304,4887,417,474,121
6037543305,2727,357,88,52
6037543306,6173,481,250,116
6037543321,4643,324,383,117
6037543322,5792,390,576,192
6037543400,3098,229,158,67
6037543501,5608,388,248,108
6037543502,3325,315,196,61
6037543503,4789,328,232,79
6037543601,2878,240,55,36
6037543602,6584,486,417,126
6037543603,3727,297,393,101
6037543604,4455,313,166,72
6037543701,2378,157,84,43
6037543702,5485,401,68,49
6037543703,2695,206,159,79
6037543801,4201,361,146,67
6037543802,5215,416,147,73
6037543903,2966,214,137,57
6037543905,3302,254,51,34
6037544001,3635,310,157,80
6037544002,2617,176,78,34
6037550000,1673,425,100,69
6037550100,5794,434,183,88
6037550201,2141,163,83,29
6037550202,4479,265,72,40
6037550300,6030,533,282,116
6037550400,1094,98,58,38
6037550500,6088,568,245,149
6037550601,4042,311,110,86
6037550602,3583,270,155,56
6037550700,5199,542,116,63
6037550800,5947,466,189,113
6037550901,2995,298,170,86
6037550902,4426,331,122,64
6037551000,5757,372,245,91
6037551101,2799,232,68,49
6037551102,3979,422,61,51
6037551201,2764,211,57,37
6037551202,5704,396,170,104
6037551300,4136,405,125,70
6037551401,3528,234,158,69
6037551402,3474,205,136,79
6037551501,3502,303,63,37
6037551502,3210,358,123,78
6037551600,31,13,6,13
6037551700,4507,315,90,36
6037551800,6245,738,236,104
6037551900,4086,353,216,88
6037552001,3207,240,146,52
6037552002,2789,252,122,54
6037552100,4809,254,95,64
6037552200,4148,316,131,61
6037552301,3423,322,86,53
6037552302,3205,294,153,86
6037552400,1870,183,50,27
6037552601,4103,293,139,78
6037552602,3420,248,96,49
6037552700,5348,366,195,78
6037552800,4348,313,178,65
6037552900,5329,565,136,70
6037553000,3792,338,125,74
6037553100,4742,321,220,58
6037553200,5960,337,389,143
6037553300,2779,352,62,42
6037553400,2607,223,75,38
6037553502,3186,322,165,86
6037553503,2088,161,28,18
6037553504,4162,375,71,55
6037553601,3390,358,65,51
6037553602,3595,267,86,49
6037553701,2901,213,19,15
6037553702,3170,323,9,16
6037553801,3145,310,23,28
6037553802,4606,338,136,58
6037553901,4780,333,137,69
6037553902,3985,293,81,43
6037554001,2868,282,205,86
6037554002,4217,350,76,40
6037554101,2629,319,49,37
6037554103,1261,187,37,21
6037554104,1764,159,55,30
6037554105,3134,292,86,58
6037554201,3183,253,57,34
6037554203,2946,290,42,37
6037554204,3140,331,142,80
6037554301,2746,286,153,83
6037554302,2990,287,64,50
6037554403,4004,412,124,69
6037554404,3064,298,91,48
6037554405,2316,279,96,66
6037554406,3844,300,195,79
6037554511,2989,260,98,45
6037554512,4943,296,250,90
6037554513,2107,132,74,30
6037554514,3863,265,129,49
6037554515,3204,192,203,64
6037554516,3236,299,120,59
6037554517,3554,278,148,45
6037554518,4346,279,303,87
6037554519,2966,179,140,52
6037554521,5132,308,247,90
6037554522,4201,222,261,86
6037554600,3481,324,84,46
6037554700,3577,324,138,46
6037554801,2370,223,39,32
6037554802,5119,370,195,87
6037554900,5901,415,122,68
6037555001,4235,339,75,46
6037555002,2438,250,97,44
6037555102,5121,384,59,40
6037555103,3883,286,222,80
6037555104,3118,287,95,62
6037555202,2626,147,227,75
6037555211,4217,293,73,59
6037555212,3196,328,69,33
6037570001,3957,290,257,74
6037570002,2288,151,136,50
6037570003,3385,285,201,108
6037570100,2493,359,171,61
6037570202,4456,321,213,105
6037570203,2714,293,30,28
6037570204,3135,265,180,87
6037570301,5274,447,117,84
6037570303,2843,291,104,73
6037570304,3437,355,109,57
6037570402,2654,204,128,56
6037570403,3293,273,33,35
6037570404,2429,175,37,21
6037570501,5352,438,257,124
6037570502,4486,385,174,115
6037570601,4296,323,106,63
6037570602,4643,435,177,77
6037570603,3200,230,184,92
6037570701,5294,487,345,114
6037570702,1870,151,145,49
6037570800,4128,322,240,80
6037570901,4502,237,300,82
6037570902,2890,238,210,80
6037571000,4574,244,416,111
6037571101,3511,205,212,73
6037571102,3124,263,204,83
6037571200,6457,332,442,180
6037571300,3379,261,166,57
6037571400,3599,257,165,87
6037571502,3536,302,185,91
6037571503,3035,353,198,91
6037571504,3837,284,236,79
6037571600,1231,87,43,32
6037571701,4577,390,211,158
6037571703,2520,300,68,54
6037571704,3027,254,94,57
6037571800,2542,200,273,83
6037571900,4356,281,359,123
6037572001,4282,334,211,106
6037572002,4122,336,506,170
6037572100,809,108,77,33
6037572201,4885,236,322,135
6037572202,2844,227,82,47
6037572301,3128,192,74,35
6037572302,2590,215,90,33
6037572400,969,279,56,33
6037572500,2565,286,140,65
6037572600,4134,310,182,75
6037572700,4255,345,213,87
6037572800,798,243,100,96
6037572900,4045,270,187,99
6037573002,2781,297,63,48
6037573003,1467,174,75,29
6037573004,3202,291,141,113
6037573100,5680,451,347,143
6037573201,3407,321,66,46
6037573202,4636,338,73,43
6037573300,2999,280,9,14
6037573401,976,99,24,16
6037573402,5256,304,285,155
6037573403,2853,275,189,110
6037573601,4677,374,521,150
6037573700,3797,192,325,92
6037573800,3377,235,266,71
6037573902,1592,85,77,30
6037574000,4204,202,246,67
6037574100,4019,190,235,70
6037574201,2323,137,126,60
6037574202,1821,174,107,56
6037574300,4533,245,306,98
6037574400,3947,222,312,83
6037574500,5107,315,444,137
6037574601,2180,245,5,10
6037574602,1062,59,81,30
6037574700,143,123,64,99
6037574800,2423,175,127,45
6037574901,2855,173,119,49
6037574902,4530,419,180,100
6037575001,3085,242,100,53
6037575002,3938,258,161,74
6037575101,3439,262,74,57
6037575102,2925,274,56,44
6037575103,4059,202,201,99
6037575201,3208,257,63,50
6037575202,3184,271,30,30
6037575300,3286,326,18,22
6037575401,3626,440,138,85
6037575402,2736,204,37,28
6037575500,35,24,0,0
6037575801,1508,158,35,33
6037575802,3790,286,121,62
6037575803,2320,254,108,64
6037575901,2563,243,73,38
6037575902,4548,418,362,133
6037576001,4909,432,281,110
6037576200,4613,369,213,100
6037576301,3148,265,148,73
6037576302,3067,354,69,57
6037576401,3645,435,53,48
6037576402,3596,337,74,49
6037576403,3465,341,164,75
6037576501,2275,267,228,97
6037576502,3637,336,245,95
6037576503,3674,289,110,56
6037576601,4338,419,280,141
6037576602,4029,341,370,175
6037576700,3580,291,106,65
6037576801,3369,410,219,124
6037576802,3095,228,169,94
6037576901,4276,306,116,72
6037576903,2730,319,74,54
6037576904,2676,277,63,42
6037577000,5936,485,204,113
6037577100,5869,364,263,133
6037577200,5097,341,257,97
6037577300,5034,381,183,113
6037577400,2688,241,147,82
6037577501,3071,187,264,83
6037577504,1194,137,90,49
6037577602,2756,166,325,77
6037577603,6624,391,391,106
6037577604,1249,124,91,34
6037599000,2510,230,90,70
6037599100,234,103,7,16
6037600100,4984,367,90,56
6037600201,2976,341,92,69
6037600202,4709,420,170,71
6037600302,2305,214,165,84
6037600303,2874,307,52,47
6037600304,2270,170,60,39
6037600400,3335,410,182,93
6037600501,2043,177,140,47
6037600502,1778,189,142,62
6037600601,2142,165,274,78
6037600602,1786,180,31,21
6037600702,3834,936,138,92
6037600703,1632,189,84,31
6037600704,2362,312,247,86
6037600801,2691,274,171,92
6037600802,2149,236,179,63
6037600902,4811,362,173,103
6037600911,2722,231,171,68
6037600912,4201,407,25,23
6037601001,1858,195,142,81
6037601002,3776,448,97,71
6037601100,4855,610,153,96
6037601202,2916,282,40,22
6037601211,2182,185,111,71
6037601212,5088,408,204,124
6037601301,1487,148,53,24
6037601302,5514,409,261,131
6037601303,3696,244,189,81
6037601401,4286,581,780,567
6037601402,4020,395,97,54
6037601501,2831,284,24,31
6037601502,2635,257,62,35
6037601600,2946,293,39,45
6037601700,3825,433,37,50
6037601801,2425,195,34,49
6037601802,2869,228,33,42
6037601900,3483,314,0,0
6037602002,2200,194,68,34
6037602003,3201,302,71,51
6037602004,2901,244,98,43
6037602103,5191,465,213,120
6037602104,4014,300,113,73
6037602105,3432,297,129,54
6037602106,4363,358,87,62
6037602200,5839,564,238,118
6037602301,4943,347,155,76
6037602302,2664,232,194,78
6037602402,4678,442,164,84
6037602403,4105,344,97,60
6037602404,4639,323,98,47
6037602504,3515,275,100,58
6037602505,2965,184,134,57
6037602506,2886,207,199,75
6037602507,3258,243,152,77
6037602508,5267,409,71,65
6037602509,3154,260,51,42
6037602600,6933,440,509,142
6037602700,2907,214,170,78
6037602801,2786,249,51,43
6037602802,3718,396,102,46
6037602900,3193,219,86,52
6037603001,5688,469,163,83
6037603004,1267,136,66,38
6037603005,4208,315,119,68
6037603006,1521,147,54,29
6037603101,3236,286,216,81
6037603102,2988,249,192,77
6037603200,2737,223,99,62
6037603301,3208,264,136,82
6037603302,3249,294,237,89
6037603400,3367,322,163,66
6037603500,2364,174,103,49
6037603600,3514,239,218,78
6037603702,3978,420,197,77
6037603703,2157,166,131,41
6037603704,4616,418,98,81
6037603801,3751,425,144,81
6037603802,2983,307,182,107
6037603900,5646,430,253,154
6037604001,3468,334,56,39
6037604002,3974,326,87,47
6037604100,5550,402,261,162
6037609900,1744,205,78,39
6037620001,3277,203,201,65
6037620002,2632,197,142,78
6037620101,4048,244,185,84
6037620102,2941,182,205,81
6037620201,1376,119,46,38
6037620301,3361,192,254,76
6037620303,3058,208,150,64
6037620305,4702,432,231,135
6037620400,3979,222,313,96
6037620501,4577,330,233,84
6037620521,2937,202,130,83
6037620522,3805,266,271,99
6037620601,4331,401,193,95
6037620602,4240,305,288,111
6037620701,5306,289,454,200
6037620702,5317,446,209,92
6037620800,5930,378,337,142
6037620901,2151,113,107,42
6037620904,2207,270,61,41
6037621001,3622,242,224,77
6037621002,823,113,56,21
6037621004,3725,381,114,67
6037621102,2304,156,125,53
6037621104,5689,376,307,140
6037621201,4924,367,198,91
6037621204,2868,272,141,74
6037621301,5374,354,204,108
6037621324,3166,381,253,93
6037621326,2652,195,156,53
6037621400,3589,257,198,80
6037650001,4671,390,321,92
6037650003,2491,215,131,70
6037650004,3333,291,140,55
6037650101,4659,397,290,122
6037650102,1887,150,110,39
6037650200,4820,237,291,87
6037650300,5559,434,304,146
6037650401,3569,255,150,58
6037650501,2386,175,152,58
6037650502,3524,213,266,82
6037650602,6079,483,354,130
6037650603,3003,156,213,70
6037650604,4585,339,206,100
6037650605,2350,214,185,83
6037650701,1950,113,123,38
6037650702,3892,212,303,77
6037650800,5216,317,213,77
6037650901,4849,487,188,98
6037650902,4798,353,288,145
6037651001,4697,316,329,91
6037651002,4025,289,333,125
6037651101,4155,236,294,94
6037651102,3217,175,252,75
6037651201,3911,229,311,83
6037651221,2620,171,119,62
6037651222,4839,338,308,110
6037651302,4792,293,363,105
6037651304,3958,314,322,151
6037651401,2015,136,74,40
6037651402,4880,313,185,70
6037670001,2868,248,150,80
6037670002,3102,217,229,102
6037670003,4580,329,328,128
6037670100,5709,411,277,100
6037670201,3003,236,233,68
6037670202,2027,124,92,31
6037670324,3820,299,278,91
6037670326,2733,222,260,77
6037670328,3811,230,268,82
6037670403,2099,121,164,44
6037670405,2277,168,237,90
6037670406,1541,111,50,26
6037670407,4520,361,200,84
6037670411,3317,203,254,119
6037670413,3666,243,245,70
6037670416,3354,233,193,75
6037670500,1364,117,114,25
6037670602,5769,310,577,171
6037670701,5596,418,446,167
6037670702,4460,286,355,136
6037700101,5007,472,146,107
6037700102,3777,309,90,67
6037700200,6932,569,267,131
6037700300,6047,506,180,100
6037700400,5084,485,217,182
6037700501,3780,350,135,70
6037700502,4213,408,118,77
6037700600,3861,369,229,96
6037700700,2566,343,85,57
6037700801,4414,388,144,122
6037700802,3300,259,143,86
6037700901,2924,339,92,57
6037700902,5971,378,84,83
6037701000,4416,322,141,105
6037701100,1005,389,523,442
6037701201,2939,278,187,69
6037701202,2881,187,64,34
6037701302,4386,271,145,81
6037701304,5357,442,256,119
6037701402,5693,603,347,212
6037701501,4333,423,75,64
6037701502,3438,300,146,80
6037701601,3842,257,140,57
6037701602,3350,243,91,51
6037701701,2796,285,83,40
6037701702,3060,288,98,59
6037701801,5296,312,131,99
6037701802,3846,399,185,97
6037701902,4345,380,172,125
6037702002,5648,463,86,50
6037702102,5341,411,274,135
6037702201,3563,274,103,62
6037702202,3158,178,132,55
6037702300,5670,385,197,93
6037702400,3804,319,83,51
6037702501,3856,307,26,36
6037702502,3428,259,95,51
6037702600,4805,237,251,96
6037702700,2793,186,106,50
6037702801,4151,315,187,94
6037702802,2061,229,113,48
6037702803,2551,230,137,61
6037702901,9080,805,385,230
6037703001,4936,322,174,79
6037703002,5710,403,494,206
6037703100,4642,429,501,193
6037703200,4655,360,429,147
6037800101,4525,247,207,73
6037800102,5248,442,269,107
6037800202,4424,312,128,87
6037800203,4202,282,170,54
6037800204,3771,256,95,59
6037800324,5007,341,207,82
6037800325,2759,191,254,94
6037800326,4100,267,279,77
6037800327,4537,324,86,49
6037800328,2345,265,101,60
6037800329,5096,453,110,65
6037800330,788,69,35,22
6037800331,576,95,27,19
6037800332,4861,368,261,88
6037800406,2337,193,114,50
6037800408,6012,375,221,92
6037800410,3653,295,62,53
6037800504,2113,243,106,59
6037800506,2458,301,83,51
6037900102,528,118,39,25
6037900103,4119,358,368,123
6037900104,4180,356,359,127
6037900201,822,97,102,41
6037900300,3500,339,204,89
6037900501,4805,467,362,93
6037900504,4708,311,362,104
6037900505,2435,249,204,85
6037900506,3240,311,122,74
6037900507,4978,478,215,114
6037900508,2284,176,210,60
6037900602,3924,311,194,105
6037900605,5096,449,256,126
6037900606,2441,490,169,78
6037900607,2557,422,155,73
6037900608,2591,284,213,75
6037900609,3568,365,344,126
6037900701,3240,324,246,87
6037900703,3164,254,228,86
6037900704,2082,233,171,64
6037900705,3078,300,316,97
6037900803,6390,609,367,162
6037900804,2415,267,122,43
6037900805,3742,411,302,96
6037900806,3271,341,108,56
6037900900,3156,226,343,89
6037901003,4600,274,184,49
6037901004,8859,612,855,213
6037901007,1616,149,126,45
6037901008,2147,193,203,61
6037901009,4317,325,412,92
6037901010,4169,359,351,118
6037901011,3982,227,319,110
6037901101,3969,293,362,118
6037901102,4306,363,426,101
6037901205,8202,564,861,201
6037901209,1186,175,135,46
6037901210,1383,149,126,49
6037901213,2983,223,388,85
6037910001,4464,465,139,74
6037910002,5372,546,275,94
6037910101,1245,112,31,21
6037910201,2941,269,158,85
6037910202,4189,302,438,103
6037910205,974,153,77,32
6037910206,2448,199,148,64
6037910207,4511,311,424,124
6037910208,4575,332,333,100
6037910209,3471,325,271,69
6037910210,5275,390,468,192
6037910301,3037,203,350,99
6037910302,4180,391,429,143
6037910401,5182,388,449,146
6037910402,2360,213,119,67
6037910403,1228,127,16,15
6037910404,2833,304,108,66
6037910501,3105,286,146,65
6037910502,2705,352,75,45
6037910504,3167,303,124,57
6037910505,2153,222,84,50
6037910601,4660,473,143,64
6037910602,2775,320,148,88
6037910603,4818,337,251,119
6037910605,3120,410,92,46
6037910606,2255,170,109,39
6037910705,8225,658,405,211
6037910706,4080,336,179,91
6037910707,3191,287,190,75
6037910709,1345,149,87,34
6037910711,5802,462,222,129
6037910712,2014,254,96,54
6037910713,3944,346,181,120
6037910714,2658,193,43,30
6037910715,4551,511,219,88
6037910716,4173,255,261,109
6037910804,2604,176,368,114
6037910805,3992,436,291,117
6037910807,4924,241,170,70
6037910808,2627,221,177,65
6037910809,1798,111,102,42
6037910810,2136,162,97,34
6037910811,151,99,0,0
6037910812,263,71,38,27
6037910813,3199,311,285,81
6037911001,3413,343,378,133
6037920011,266,68,28,16
6037920012,872,89,62,27
6037920013,4042,252,307,75
6037920015,4206,200,240,82
6037920016,3439,258,180,61
6037920017,3668,287,295,97
6037920018,1730,113,118,45
6037920020,5247,425,287,100
6037920023,2110,171,47,26
6037920026,359,195,48,28
6037920028,4768,271,237,99
6037920029,2694,359,196,82
6037920030,4306,280,161,80
6037920031,5241,399,527,142
6037920032,2381,150,139,52
6037920033,536,218,64,32
6037920034,2635,281,238,108
6037920035,5602,402,253,182
6037920036,2418,218,93,34
6037920037,4934,378,108,62
6037920038,3216,358,171,83
6037920039,1448,90,155,47
6037920040,2522,254,103,55
6037920041,2034,198,99,42
6037920042,5682,376,235,108
6037920043,4296,199,127,67
6037920044,2038,132,145,45
6037920045,3543,199,245,115
6037920102,3984,283,312,99
6037920104,2320,117,145,45
6037920106,2547,209,163,60
6037920107,2900,166,80,52
6037920108,3371,173,257,83
6037920109,4215,249,160,63
6037920110,2526,217,71,41
6037920111,2299,138,310,74
6037920112,3403,223,236,89
6037920114,4705,318,172,127
6037920115,3002,212,217,93
6037920116,3683,192,263,94
6037920118,4473,253,167,65
6037920119,1367,65,55,28
6037920200,5422,312,133,60
6037920303,1334,133,15,17
6037920312,4117,232,284,99
6037920313,4154,222,251,85
6037920314,2275,121,97,44
6037920322,2114,168,74,35
6037920326,5148,303,137,91
6037920328,1662,112,95,41
6037920329,4239,354,249,118
6037920330,4146,270,325,155
6037920331,3026,185,170,78
6037920332,2060,197,85,32
6037920334,5016,376,209,99
6037920336,4485,390,59,38
6037920337,5294,411,74,40
6037920338,4180,211,214,82
6037920339,5215,304,114,75
6037930101,45,21,7,10
6037930200,449,116,11,11
6037930301,798,196,43,31
6037980001,0,12,0,0
6037980002,0,12,0,0
6037980003,0,12,0,0
6037980004,0,12,0,0
6037980005,0,12,0,0
6037980006,0,12,0,0
6037980007,0,12,0,0
6037980008,48,40,0,0
6037980009,5,7,0,0
6037980010,105,41,9,6
6037980013,0,12,0,0
6037980014,0,12,0,0
6037980015,419,93,35,30
6037980018,0,12,0,0
6037980019,133,42,0,0
6037980020,0,12,0,0
6037980021,8,9,0,0
6037980022,0,12,0,0
6037980023,0,12,0,0
6037980024,185,71,5,7
6037980025,0,12,0,0
6037980026,16,13,4,6
6037980028,0,12,0,0
6037980030,0,12,0,0
6037980031,1090,137,90,66
6037980033,12,19,12,19
6037990100,0,12,0,0
6037990200,0,12,0,0
6037990300,0,12,0,0