GEO_id2,civ_std_err,tot_pop_std_err,vet_std_err,tot_pop_std_err2
6037104822,4.26,4.26,1,4.26
6037106114,5.47,5.47,1,5.47
6037104108,6.69,6.69,1,6.69
6037104103,7.29,7.29,1,7.29
6037104500,7.29,7.29,1,7.29
6037104610,7.29,7.29,1,7.29
6037104620,7.29,7.29,1,7.29
6037104701,7.29,7.29,1,7.29
6037104703,7.29,7.29,1,7.29
6037104704,7.29,7.29,1,7.29
6037104810,7.29,7.29,1,7.29
6037106010,7.29,7.29,1,7.29
6037106020,7.29,7.29,1,7.29
6037106111,7.29,7.29,1,7.29
6037106113,7.29,7.29,1,7.29
6037106403,7.29,7.29,1,7.29
6037106405,7.29,7.29,1,7.29
6037106406,7.29,7.29,1,7.29
6037106407,7.29,7.29,1,7.29
6037106408,7.29,7.29,1,7.29
6037106510,7.29,7.29,1,7.29
6037106520,7.29,7.29,1,7.29
6037106603,7.29,7.29,1,7.29
6037108101,7.9,7.9,4.24,7.9
6037111100,7.9,7.9,6.06,7.9
6037104124,10.33,10.33,1,10.33
6037117530,11.55,11.55,7.27,11.55
6037111205,12.77,12.77,6.67,12.77
6037104401,14.59,14.59,1,14.59
6037104821,24.32,24.32,1,24.32
6037115101,24.92,24.92,7.27,24.92
6037106112,25.53,25.53,1,25.53
6037297300,35.87,35.87,28.48,35.87
6037191720,36.47,36.47,16.97,36.47
6037218220,39.51,39.51,21.82,39.51
6037135202,41.34,41.34,13.33,41.34
6037187300,41.95,41.95,16.36,41.95
6037109300,43.16,43.16,4.85,43.16
6037191902,43.16,43.16,17.58,43.16
6037228310,51.06,51.06,23.03,51.06
6037207302,51.67,51.67,19.39,51.67
6037291120,51.67,51.67,27.27,51.67
6037199202,52.89,52.89,18.18,52.89
6037405800,52.89,52.89,32.12,52.89
6037232800,54.1,54.1,23.64,54.1
6037543304,54.71,54.71,44.24,54.71
6037463800,55.32,55.32,35.76,55.32
6037407801,55.93,55.93,32.73,55.93
6037188100,56.53,56.53,16.36,56.53
6037134522,57.75,57.75,13.33,57.75
6037433601,57.75,57.75,35.15,57.75
6037403402,58.36,58.36,30.91,58.36
6037408402,58.97,58.97,33.33,58.97
6037222700,59.57,59.57,22.42,59.57
6037104404,60.18,60.18,1,60.18
6037131010,60.18,60.18,12.12,60.18
6037106646,60.79,60.79,3.64,60.79
6037191710,61.4,61.4,16.97,61.4
6037221302,62.01,62.01,21.82,62.01
6037111204,62.61,62.61,6.67,62.61
6037302401,63.22,63.22,29.09,63.22
6037291110,65.65,65.65,27.27,65.65
6037209403,67.48,67.48,20,67.48
6037408501,67.48,67.48,33.33,67.48
6037141304,68.09,68.09,14.55,68.09
6037404302,68.09,68.09,31.52,68.09
6037213100,68.69,68.69,20.61,68.69
6037219800,68.69,68.69,21.82,68.69
6037432201,68.69,68.69,34.55,68.69
6037461501,68.69,68.69,35.76,68.69
6037480201,68.69,68.69,36.36,68.69
6037482303,68.69,68.69,37.58,68.69
6037209200,69.91,69.91,20,69.91
6037117303,70.52,70.52,7.27,70.52
6037300901,70.52,70.52,28.48,70.52
6037461901,71.12,71.12,35.76,71.12
6037535604,71.12,71.12,42.42,71.12
6037192620,71.73,71.73,17.58,71.73
6037460302,71.73,71.73,35.15,71.73
6037204920,72.34,72.34,19.39,72.34
6037570403,72.34,72.34,47.88,72.34
6037405702,73.56,73.56,32.12,73.56
6037406300,73.56,73.56,32.12,73.56
6037552301,73.56,73.56,46.06,73.56
6037408703,74.16,74.16,33.33,74.16
6037237900,74.77,74.77,24.24,74.77
6037620701,74.77,74.77,55.76,74.77
6037402304,75.38,75.38,30.3,75.38
6037402706,75.38,75.38,30.91,75.38
6037407501,75.38,75.38,32.73,75.38
6037269602,76.6,76.6,26.06,76.6
6037294620,76.6,76.6,27.88,76.6
6037432000,76.6,76.6,34.55,76.6
6037122122,77.2,77.2,9.09,77.2
6037123020,77.81,77.81,9.09,77.81
6037190520,77.81,77.81,16.97,77.81
6037275400,77.81,77.81,27.27,77.81
6037431100,77.81,77.81,33.94,77.81
6037106649,79.03,79.03,4.24,79.03
6037208720,79.03,79.03,20,79.03
6037401203,79.03,79.03,30.3,79.03
6037127920,79.64,79.64,11.52,79.64
6037199900,80.24,80.24,18.18,80.24
6037271400,80.24,80.24,26.67,80.24
6037273100,80.24,80.24,26.67,80.24
6037535603,80.24,80.24,42.42,80.24
6037120400,80.85,80.85,8.48,80.85
6037134421,80.85,80.85,12.73,80.85
6037310900,80.85,80.85,29.7,80.85
6037402406,80.85,80.85,30.91,80.85
6037194500,82.07,82.07,17.58,82.07
6037231500,82.07,82.07,23.03,82.07
6037262302,82.07,82.07,25.45,82.07
6037240200,82.67,82.67,24.85,82.67
6037271801,82.67,82.67,26.67,82.67
6037401312,83.28,83.28,30.3,83.28
6037401603,83.28,83.28,30.3,83.28
6037404702,83.28,83.28,31.52,83.28
6037501001,83.28,83.28,37.58,83.28
6037910707,83.89,83.89,71.52,83.89
6037108102,84.5,84.5,4.24,84.5
6037134306,84.5,84.5,12.73,84.5
6037406000,84.5,84.5,32.12,84.5
6037430502,84.5,84.5,33.94,84.5
6037502302,84.5,84.5,38.18,84.5
6037217100,85.11,85.11,21.21,85.11
6037271200,85.11,85.11,26.67,85.11
6037128500,85.71,85.71,12.12,85.71
6037262400,85.71,85.71,25.45,85.71
6037265301,85.71,85.71,25.45,85.71
6037462301,86.32,86.32,35.76,86.32
6037600703,86.32,86.32,52.12,86.32
6037124500,86.93,86.93,10.3,86.93
6037143902,86.93,86.93,15.15,86.93
6037500600,86.93,86.93,37.58,86.93
6037242200,87.54,87.54,24.85,87.54
6037134905,88.15,88.15,13.33,88.15
6037533300,88.15,88.15,40.61,88.15
6037119900,88.75,88.75,7.88,88.75
6037293301,88.75,88.75,27.88,88.75
6037119002,89.36,89.36,7.27,89.36
6037216300,89.36,89.36,21.21,89.36
6037274202,89.36,89.36,27.27,89.36
6037301400,89.36,89.36,28.48,89.36
6037533702,89.36,89.36,41.21,89.36
6037650102,89.36,89.36,56.97,89.36
6037115404,89.97,89.97,7.27,89.97
6037141400,89.97,89.97,14.55,89.97
6037207900,89.97,89.97,19.39,89.97
6037214000,89.97,89.97,21.21,89.97
6037433504,89.97,89.97,35.15,89.97
6037139703,90.58,90.58,14.55,90.58
6037296901,90.58,90.58,27.88,90.58
6037311400,90.58,90.58,29.7,90.58
6037480703,90.58,90.58,36.36,90.58
6037501002,90.58,90.58,37.58,90.58
6037501200,90.58,90.58,38.18,90.58
6037570202,90.58,90.58,47.88,90.58
6037577100,90.58,90.58,50.91,90.58
6037403320,91.19,91.19,30.91,91.19
6037433801,91.19,91.19,35.15,91.19
6037533201,91.19,91.19,40.61,91.19
6037121900,91.79,91.79,9.09,91.79
6037139702,91.79,91.79,14.55,91.79
6037462202,91.79,91.79,35.76,91.79
6037531701,91.79,91.79,40,91.79
6037535502,91.79,91.79,42.42,91.79
6037555002,91.79,91.79,47.27,91.79
6037195804,92.4,92.4,17.58,92.4
6037276400,92.4,92.4,27.27,92.4
6037482002,92.4,92.4,36.97,92.4
6037482521,92.4,92.4,37.58,92.4
6037702501,92.4,92.4,61.21,92.4
6037920108,92.4,92.4,78.79,92.4
6037117202,93.01,93.01,7.27,93.01
6037134521,93.01,93.01,13.33,93.01
6037191204,93.01,93.01,16.97,93.01
6037291130,93.01,93.01,27.27,93.01
6037103102,93.62,93.62,1,93.62
6037211410,93.62,93.62,20.61,93.62
6037550201,93.62,93.62,44.85,93.62
6037131900,94.22,94.22,12.12,94.22
6037139302,94.22,94.22,13.94,94.22
6037570800,94.22,94.22,48.48,94.22
6037234502,94.83,94.83,23.64,94.83
6037500500,94.83,94.83,37.58,94.83
6037603900,94.83,94.83,55.15,94.83
6037199201,95.44,95.44,18.18,95.44
6037234300,95.44,95.44,23.64,95.44
6037236000,95.44,95.44,23.64,95.44
6037301702,95.44,95.44,28.48,95.44
6037573201,95.44,95.44,49.7,95.44
6037120103,96.05,96.05,7.88,96.05
6037187200,96.05,96.05,16.36,96.05
6037201501,96.05,96.05,18.79,96.05
6037402200,96.05,96.05,30.3,96.05
6037199110,96.66,96.66,18.18,96.66
6037218210,96.66,96.66,21.82,96.66
6037220000,96.66,96.66,21.82,96.66
6037297110,96.66,96.66,28.48,96.66
6037297400,96.66,96.66,28.48,96.66
6037540502,96.66,96.66,43.03,96.66
6037482201,97.26,97.26,36.97,97.26
6037135201,97.87,97.87,13.33,97.87
6037211704,97.87,97.87,20.61,97.87
6037234901,97.87,97.87,23.64,97.87
6037574800,97.87,97.87,50.3,97.87
6037272100,98.48,98.48,26.67,98.48
6037272302,98.48,98.48,26.67,98.48
6037405701,98.48,98.48,32.12,98.48
6037127104,99.09,99.09,10.91,99.09
6037232200,99.09,99.09,23.64,99.09
6037301100,99.09,99.09,28.48,99.09
6037320300,99.09,99.09,29.7,99.09
6037432902,99.09,99.09,34.55,99.09
6037573403,99.7,99.7,49.7,99.7
6037124105,100.3,100.3,10.3,100.3
6037133100,100.3,100.3,12.73,100.3
6037408202,100.3,100.3,33.33,100.3
6037480303,100.3,100.3,36.36,100.3
6037900606,100.3,100.3,65.45,100.3
6037109100,100.91,100.91,4.85,100.91
6037134720,100.91,100.91,13.33,100.91
6037296401,100.91,100.91,27.88,100.91
6037503703,100.91,100.91,39.39,100.91
6037920016,100.91,100.91,74.55,100.91
6037204700,101.52,101.52,19.39,101.52
6037216200,101.52,101.52,21.21,101.52
6037670701,101.52,101.52,58.79,101.52
6037271802,102.13,102.13,26.67,102.13
6037651222,102.13,102.13,58.18,102.13
6037670405,102.13,102.13,58.79,102.13
6037111301,102.74,102.74,6.67,102.74
6037134800,102.74,102.74,13.33,102.74
6037188300,102.74,102.74,16.36,102.74
6037108201,103.34,103.34,4.85,103.34
6037192001,103.34,103.34,17.58,103.34
6037194401,103.34,103.34,17.58,103.34
6037201120,103.34,103.34,18.18,103.34
6037228420,103.34,103.34,23.03,103.34
6037400800,103.34,103.34,30.3,103.34
6037406602,103.34,103.34,32.12,103.34
6037433305,103.34,103.34,34.55,103.34
6037206031,103.95,103.95,19.39,103.95
6037206032,103.95,103.95,19.39,103.95
6037402002,103.95,103.95,30.3,103.95
6037403801,103.95,103.95,31.52,103.95
6037480600,103.95,103.95,36.36,103.95
6037531502,103.95,103.95,40,103.95
6037543903,103.95,103.95,44.85,103.95
6037106648,104.56,104.56,3.64,104.56
6037109601,104.56,104.56,5.45,104.56
6037403703,104.56,104.56,31.52,104.56
6037122410,105.17,105.17,9.09,105.17
6037141202,105.17,105.17,14.55,105.17
6037189102,105.17,105.17,16.36,105.17
6037191201,105.17,105.17,16.97,105.17
6037212410,105.17,105.17,20.61,105.17
6037231720,105.17,105.17,23.03,105.17
6037480400,105.17,105.17,36.36,105.17
6037570002,105.17,105.17,47.88,105.17
6037800203,105.17,105.17,62.42,105.17
6037143800,105.78,105.78,15.15,105.78
6037219901,105.78,105.78,21.82,105.78
6037273700,105.78,105.78,27.27,105.78
6037408629,105.78,105.78,33.33,105.78
6037432102,105.78,105.78,34.55,105.78
6037543603,105.78,105.78,44.24,105.78
6037190901,106.38,106.38,16.97,106.38
6037212102,106.38,106.38,20.61,106.38
6037501700,106.38,106.38,38.18,106.38
6037531202,106.38,106.38,40,106.38
6037541606,106.38,106.38,43.03,106.38
6037702002,106.38,106.38,60.61,106.38
6037137103,106.99,106.99,13.94,106.99
6037192420,106.99,106.99,17.58,106.99
6037224410,106.99,106.99,22.42,106.99
6037293304,106.99,106.99,27.88,106.99
6037603004,106.99,106.99,54.55,106.99
6037603302,106.99,106.99,54.55,106.99
6037920119,106.99,106.99,81.21,106.99
6037125200,107.6,107.6,10.3,107.6
6037125401,107.6,107.6,10.3,107.6
6037127603,107.6,107.6,10.91,107.6
6037128101,107.6,107.6,11.52,107.6
6037189600,107.6,107.6,16.36,107.6
6037201302,107.6,107.6,18.79,107.6
6037219902,107.6,107.6,21.82,107.6
6037221810,107.6,107.6,21.82,107.6
6037234700,107.6,107.6,23.64,107.6
6037262303,107.6,107.6,25.45,107.6
6037403401,107.6,107.6,30.91,107.6
6037501900,107.6,107.6,38.18,107.6
6037503401,107.6,107.6,38.79,107.6
6037533501,107.6,107.6,40.61,107.6
6037536000,107.6,107.6,42.42,107.6
6037542402,107.6,107.6,43.64,107.6
6037111202,108.21,108.21,6.67,108.21
6037131800,108.21,108.21,12.12,108.21
6037134001,108.21,108.21,12.73,108.21
6037134303,108.21,108.21,12.73,108.21
6037183220,108.21,108.21,15.15,108.21
6037191620,108.21,108.21,16.97,108.21
6037208302,108.21,108.21,20,108.21
6037229410,108.21,108.21,23.03,108.21
6037239801,108.21,108.21,24.24,108.21
6037277400,108.21,108.21,27.27,108.21
6037401101,108.21,108.21,30.3,108.21
6037504002,108.21,108.21,39.39,108.21
6037101110,108.81,108.81,1,108.81
6037187102,108.81,108.81,16.36,108.81
6037239201,108.81,108.81,24.24,108.81
6037241001,108.81,108.81,24.85,108.81
6037533402,108.81,108.81,40.61,108.81
6037127712,109.42,109.42,10.91,109.42
6037141303,109.42,109.42,14.55,109.42
6037185100,109.42,109.42,15.76,109.42
6037190510,109.42,109.42,16.97,109.42
6037573100,109.42,109.42,49.7,109.42
6037107010,110.03,110.03,4.24,110.03
6037113212,110.03,110.03,7.27,110.03
6037137402,110.03,110.03,13.94,110.03
6037407802,110.03,110.03,32.73,110.03
6037670416,110.03,110.03,58.79,110.03
6037115403,110.64,110.64,7.27,110.64
6037123602,110.64,110.64,9.7,110.64
6037214100,110.64,110.64,21.21,110.64
6037552700,110.64,110.64,46.06,110.64
6037602106,110.64,110.64,53.33,110.64
6037119202,111.25,111.25,7.27,111.25
6037192300,111.25,111.25,17.58,111.25
6037204410,111.25,111.25,18.79,111.25
6037209402,111.25,111.25,20,111.25
6037228900,111.25,111.25,23.03,111.25
6037237500,111.25,111.25,24.24,111.25
6037480704,111.25,111.25,36.36,111.25
6037920026,111.25,111.25,75.15,111.25
6037117302,111.85,111.85,7.27,111.85
6037119400,111.85,111.85,7.88,111.85
6037134302,111.85,111.85,12.73,111.85
6037212420,111.85,111.85,20.61,111.85
6037277100,111.85,111.85,27.27,111.85
6037402804,111.85,111.85,30.91,111.85
6037402903,111.85,111.85,30.91,111.85
6037530601,111.85,111.85,39.39,111.85
6037234200,112.46,112.46,23.64,112.46
6037293202,112.46,112.46,27.88,112.46
6037434004,112.46,112.46,35.15,112.46
6037532400,112.46,112.46,40.61,112.46
6037554600,112.46,112.46,47.27,112.46
6037570603,112.46,112.46,48.48,112.46
6037115401,113.07,113.07,7.27,113.07
6037194102,113.07,113.07,17.58,113.07
6037221820,113.07,113.07,22.42,113.07
6037431501,113.07,113.07,34.55,113.07
6037503301,113.07,113.07,38.79,113.07
6037553701,113.07,113.07,46.67,113.07
6037109604,113.68,113.68,6.06,113.68
6037122121,113.68,113.68,9.09,113.68
6037143200,113.68,113.68,15.15,113.68
6037190802,113.68,113.68,16.97,113.68
6037238000,113.68,113.68,24.24,113.68
6037408005,113.68,113.68,32.73,113.68
6037530802,113.68,113.68,39.39,113.68
6037531800,113.68,113.68,40,113.68
6037800506,113.68,113.68,63.64,113.68
6037222200,114.29,114.29,22.42,114.29
6037239601,114.29,114.29,24.24,114.29
6037310400,114.29,114.29,29.09,114.29
6037407302,114.29,114.29,32.73,114.29
6037131702,114.89,114.89,12.12,114.89
6037197300,114.89,114.89,18.18,114.89
6037214902,114.89,114.89,21.21,114.89
6037224200,114.89,114.89,22.42,114.89
6037242000,114.89,114.89,24.85,114.89
6037242100,114.89,114.89,24.85,114.89
6037301802,114.89,114.89,29.09,114.89
6037534203,114.89,114.89,41.82,114.89
6037128910,115.5,115.5,12.12,115.5
6037226001,115.5,115.5,22.42,115.5
6037265305,115.5,115.5,25.45,115.5
6037670001,115.5,115.5,58.18,115.5
6037117408,116.11,116.11,7.27,116.11
6037123303,116.11,116.11,9.7,116.11
6037267501,116.11,116.11,26.06,116.11
6037300501,116.11,116.11,28.48,116.11
6037408503,116.11,116.11,33.33,116.11
6037462400,116.11,116.11,35.76,116.11
6037550500,116.11,116.11,44.85,116.11
6037702801,116.11,116.11,61.21,116.11
6037113231,116.72,116.72,7.27,116.72
6037128303,116.72,116.72,11.52,116.72
6037189904,116.72,116.72,16.36,116.72
6037271500,116.72,116.72,26.67,116.72
6037601402,116.72,116.72,52.73,116.72
6037620601,116.72,116.72,55.76,116.72
6037702600,116.72,116.72,61.21,116.72
6037800504,116.72,116.72,63.64,116.72
6037920015,116.72,116.72,74.55,116.72
6037121210,117.33,117.33,8.48,117.33
6037134520,117.33,117.33,13.33,117.33
6037199300,117.33,117.33,18.18,117.33
6037222002,117.33,117.33,22.42,117.33
6037408623,117.33,117.33,33.33,117.33
6037461902,117.33,117.33,35.76,117.33
6037532700,117.33,117.33,40.61,117.33
6037601501,117.33,117.33,52.73,117.33
6037122200,117.93,117.93,9.09,117.93
6037127102,117.93,117.93,10.91,117.93
6037261102,117.93,117.93,25.45,117.93
6037503201,117.93,117.93,38.79,117.93
6037910207,117.93,117.93,69.09,117.93
6037120104,118.54,118.54,7.88,118.54
6037183701,118.54,118.54,15.76,118.54
6037207502,118.54,118.54,19.39,118.54
6037212101,118.54,118.54,20.61,118.54
6037231800,118.54,118.54,23.03,118.54
6037531503,118.54,118.54,40,118.54
6037534301,118.54,118.54,41.82,118.54
6037543322,118.54,118.54,44.24,118.54
6037121020,119.15,119.15,8.48,119.15
6037121101,119.15,119.15,8.48,119.15
6037127806,119.15,119.15,11.52,119.15
6037199400,119.15,119.15,18.18,119.15
6037208620,119.15,119.15,20,119.15
6037403802,119.15,119.15,31.52,119.15
6037910705,119.15,119.15,71.52,119.15
6037211201,119.76,119.76,20,119.76
6037212203,119.76,119.76,20.61,119.76
6037238310,119.76,119.76,24.24,119.76
6037302506,119.76,119.76,29.09,119.76
6037401901,119.76,119.76,30.3,119.76
6037534302,119.76,119.76,41.82,119.76
6037541700,119.76,119.76,43.03,119.76
6037119700,120.36,120.36,7.88,120.36
6037128302,120.36,120.36,11.52,120.36
6037143901,120.36,120.36,15.15,120.36
6037212202,120.36,120.36,20.61,120.36
6037240401,120.36,120.36,24.85,120.36
6037267402,120.36,120.36,26.06,120.36
6037276601,120.36,120.36,27.27,120.36
6037310800,120.36,120.36,29.7,120.36
6037404600,120.36,120.36,31.52,120.36
6037407102,120.36,120.36,32.12,120.36
6037408724,120.36,120.36,33.33,120.36
6037502301,120.36,120.36,38.18,120.36
6037551700,120.36,120.36,45.45,120.36
6037190301,120.97,120.97,16.97,120.97
6037209510,120.97,120.97,20,120.97
6037501802,120.97,120.97,38.18,120.97
6037540300,120.97,120.97,43.03,120.97
6037542900,120.97,120.97,43.64,120.97
6037701000,120.97,120.97,60,120.97
6037119320,121.58,121.58,7.27,121.58
6037134103,121.58,121.58,12.73,121.58
6037143400,121.58,121.58,15.15,121.58
6037195100,121.58,121.58,17.58,121.58
6037195202,121.58,121.58,17.58,121.58
6037219010,121.58,121.58,21.82,121.58
6037272201,121.58,121.58,26.67,121.58
6037400602,121.58,121.58,29.7,121.58
6037408505,121.58,121.58,33.33,121.58
6037502802,121.58,121.58,38.79,121.58
6037571503,121.58,121.58,48.48,121.58
6037700200,121.58,121.58,59.39,121.58
6037900605,121.58,121.58,65.45,121.58
6037124203,122.19,122.19,10.3,122.19
6037132900,122.19,122.19,12.73,122.19
6037206300,122.19,122.19,19.39,122.19
6037213320,122.19,122.19,20.61,122.19
6037408627,122.19,122.19,33.33,122.19
6037530902,122.19,122.19,39.39,122.19
6037120107,122.8,122.8,7.88,122.8
6037201401,122.8,122.8,18.79,122.8
6037214800,122.8,122.8,21.21,122.8
6037218400,122.8,122.8,21.82,122.8
6037503402,122.8,122.8,38.79,122.8
6037551000,122.8,122.8,45.45,122.8
6037601212,122.8,122.8,52.73,122.8
6037701201,122.8,122.8,60,122.8
6037702502,122.8,122.8,61.21,122.8
6037113211,123.4,123.4,7.27,123.4
6037204200,123.4,123.4,18.79,123.4
6037502401,123.4,123.4,38.18,123.4
6037553503,123.4,123.4,46.67,123.4
6037601301,123.4,123.4,52.73,123.4
6037702700,123.4,123.4,61.21,123.4
6037920042,123.4,123.4,76.97,123.4
6037120105,124.01,124.01,7.88,124.01
6037121010,124.01,124.01,8.48,124.01
6037123204,124.01,124.01,9.7,124.01
6037123410,124.01,124.01,9.7,124.01
6037127711,124.01,124.01,10.91,124.01
6037190902,124.01,124.01,16.97,124.01
6037192700,124.01,124.01,17.58,124.01
6037203200,124.01,124.01,18.79,124.01
6037224020,124.01,124.01,22.42,124.01
6037240800,124.01,124.01,24.85,124.01
6037273402,124.01,124.01,27.27,124.01
6037462500,124.01,124.01,35.76,124.01
6037502402,124.01,124.01,38.79,124.01
6037502700,124.01,124.01,38.79,124.01
6037533105,124.01,124.01,40.61,124.01
6037536102,124.01,124.01,42.42,124.01
6037550901,124.01,124.01,45.45,124.01
6037900705,124.01,124.01,66.06,124.01
6037108104,124.62,124.62,4.85,124.62
6037124201,124.62,124.62,10.3,124.62
6037189800,124.62,124.62,16.36,124.62
6037293306,124.62,124.62,27.88,124.62
6037402501,124.62,124.62,30.91,124.62
6037433402,124.62,124.62,34.55,124.62
6037433503,124.62,124.62,35.15,124.62
6037531602,124.62,124.62,40,124.62
6037603500,124.62,124.62,54.55,124.62
6037141102,125.23,125.23,14.55,125.23
6037300902,125.23,125.23,28.48,125.23
6037550100,125.23,125.23,44.85,125.23
6037104203,125.84,125.84,1,125.84
6037132001,125.84,125.84,12.12,125.84
6037185204,125.84,125.84,15.76,125.84
6037197420,125.84,125.84,18.18,125.84
6037226420,125.84,125.84,23.03,125.84
6037269906,125.84,125.84,26.06,125.84
6037403321,125.84,125.84,30.91,125.84
6037431600,125.84,125.84,34.55,125.84
6037481603,125.84,125.84,36.97,125.84
6037600400,125.84,125.84,52.12,125.84
6037117404,126.44,126.44,7.27,126.44
6037143603,126.44,126.44,15.15,126.44
6037541002,126.44,126.44,43.03,126.44
6037703100,126.44,126.44,61.82,126.44
6037222100,127.05,127.05,22.42,127.05
6037297120,127.05,127.05,28.48,127.05
6037402001,127.05,127.05,30.3,127.05
6037405101,127.05,127.05,32.12,127.05
6037433901,127.05,127.05,35.15,127.05
6037534101,127.05,127.05,41.82,127.05
6037552001,127.05,127.05,45.45,127.05
6037575803,127.05,127.05,50.3,127.05
6037602301,127.05,127.05,53.33,127.05
6037106643,127.66,127.66,3.64,127.66
6037124103,127.66,127.66,10.3,127.66
6037127910,127.66,127.66,11.52,127.66
6037141101,127.66,127.66,14.55,127.66
6037402405,127.66,127.66,30.91,127.66
6037406101,127.66,127.66,32.12,127.66
6037408800,127.66,127.66,33.33,127.66
6037463900,127.66,127.66,36.36,127.66
6037620201,127.66,127.66,55.15,127.66
6037125501,128.27,128.27,10.91,128.27
6037186202,128.27,128.27,15.76,128.27
6037221120,128.27,128.27,21.82,128.27
6037221602,128.27,128.27,21.82,128.27
6037240500,128.27,128.27,24.85,128.27
6037275101,128.27,128.27,27.27,128.27
6037291220,128.27,128.27,27.27,128.27
6037480903,128.27,128.27,36.97,128.27
6037543503,128.27,128.27,44.24,128.27
6037620001,128.27,128.27,55.15,128.27
6037117301,128.88,128.88,7.27,128.88
6037183222,128.88,128.88,15.76,128.88
6037215102,128.88,128.88,21.21,128.88
6037221110,128.88,128.88,21.82,128.88
6037277000,128.88,128.88,27.27,128.88
6037432601,128.88,128.88,34.55,128.88
6037534102,128.88,128.88,41.82,128.88
6037620501,128.88,128.88,55.76,128.88
6037910404,128.88,128.88,70.3,128.88
6037111206,129.48,129.48,6.67,129.48
6037124400,129.48,129.48,10.3,129.48
6037191901,129.48,129.48,17.58,129.48
6037216900,129.48,129.48,21.21,129.48
6037228720,129.48,129.48,23.03,129.48
6037265410,129.48,129.48,25.45,129.48
6037270300,129.48,129.48,26.67,129.48
6037480702,129.48,129.48,36.36,129.48
6037542401,129.48,129.48,43.64,129.48
6037670328,129.48,129.48,58.18,129.48
6037900104,129.48,129.48,64.24,129.48
6037115104,130.09,130.09,7.27,130.09
6037117101,130.09,130.09,7.27,130.09
6037128220,130.09,130.09,11.52,130.09
6037207101,130.09,130.09,19.39,130.09
6037262706,130.09,130.09,25.45,130.09
6037270200,130.09,130.09,26.67,130.09
6037301206,130.09,130.09,28.48,130.09
6037408006,130.09,130.09,32.73,130.09
6037532101,130.09,130.09,40.61,130.09
6037553000,130.09,130.09,46.06,130.09
6037553100,130.09,130.09,46.06,130.09
6037554519,130.09,130.09,47.27,130.09
6037574400,130.09,130.09,50.3,130.09
6037141500,130.7,130.7,14.55,130.7
6037183620,130.7,130.7,15.76,130.7
6037189702,130.7,130.7,16.36,130.7
6037401311,130.7,130.7,30.3,130.7
6037503801,130.7,130.7,39.39,130.7
6037113233,131.31,131.31,7.27,131.31
6037117407,131.31,131.31,7.27,131.31
6037265100,131.31,131.31,25.45,131.31
6037302503,131.31,131.31,29.09,131.31
6037575401,131.31,131.31,50.3,131.31
6037576401,131.31,131.31,50.91,131.31
6037106641,131.91,131.91,3.64,131.91
6037197600,131.91,131.91,18.18,131.91
6037267200,131.91,131.91,26.06,131.91
6037650603,131.91,131.91,56.97,131.91
6037181300,132.52,132.52,15.15,132.52
6037238100,132.52,132.52,24.24,132.52
6037403316,132.52,132.52,30.91,132.52
6037403600,132.52,132.52,31.52,132.52
6037405201,132.52,132.52,32.12,132.52
6037460800,132.52,132.52,35.15,132.52
6037535804,132.52,132.52,42.42,132.52
6037237600,133.13,133.13,24.24,133.13
6037310701,133.13,133.13,29.7,133.13
6037503501,133.13,133.13,38.79,133.13
6037554105,133.13,133.13,46.67,133.13
6037621324,133.13,133.13,56.36,133.13
6037463400,133.74,133.74,35.76,133.74
6037501600,133.74,133.74,38.18,133.74
6037119340,134.35,134.35,7.27,134.35
6037186401,134.35,134.35,15.76,134.35
6037197500,134.35,134.35,18.18,134.35
6037503502,134.35,134.35,38.79,134.35
6037540800,134.35,134.35,43.03,134.35
6037570702,134.35,134.35,48.48,134.35
6037181400,134.95,134.95,15.15,134.95
6037192510,134.95,134.95,17.58,134.95
6037302002,134.95,134.95,29.09,134.95
6037432602,134.95,134.95,34.55,134.95
6037550601,134.95,134.95,44.85,134.95
6037574201,134.95,134.95,50.3,134.95
6037701902,134.95,134.95,60.61,134.95
6037800324,134.95,134.95,63.03,134.95
6037800328,134.95,134.95,63.64,134.95
6037910713,134.95,134.95,72.12,134.95
6037910716,134.95,134.95,72.73,134.95
6037123601,135.56,135.56,9.7,135.56
6037191810,135.56,135.56,16.97,135.56
6037192520,135.56,135.56,17.58,135.56
6037195400,135.56,135.56,17.58,135.56
6037273502,135.56,135.56,27.27,135.56
6037403408,135.56,135.56,31.52,135.56
6037407101,135.56,135.56,32.12,135.56
6037534802,135.56,135.56,41.82,135.56
6037651402,135.56,135.56,58.18,135.56
6037670326,135.56,135.56,58.18,135.56
6037920031,135.56,135.56,75.76,135.56
6037920329,135.56,135.56,83.64,135.56
6037101122,136.17,136.17,1,136.17
6037127520,136.17,136.17,10.91,136.17
6037191820,136.17,136.17,16.97,136.17
6037237202,136.17,136.17,24.24,136.17
6037407200,136.17,136.17,32.73,136.17
6037576001,136.17,136.17,50.91,136.17
6037600502,136.17,136.17,52.12,136.17
6037124903,136.78,136.78,10.3,136.78
6037125310,136.78,136.78,10.3,136.78
6037127803,136.78,136.78,11.52,136.78
6037185310,136.78,136.78,15.76,136.78
6037267502,136.78,136.78,26.06,136.78
6037480802,136.78,136.78,36.36,136.78
6037533203,136.78,136.78,40.61,136.78
6037575001,136.78,136.78,50.3,136.78
6037302301,137.39,137.39,29.09,137.39
6037433307,137.39,137.39,34.55,137.39
6037433403,137.39,137.39,34.55,137.39
6037481606,137.39,137.39,36.97,137.39
6037920034,137.39,137.39,75.76,137.39
6037128801,137.99,137.99,12.12,137.99
6037183221,137.99,137.99,15.15,137.99
6037186302,137.99,137.99,15.76,137.99
6037204820,137.99,137.99,19.39,137.99
6037216100,137.99,137.99,21.21,137.99
6037226700,137.99,137.99,23.03,137.99
6037300600,137.99,137.99,28.48,137.99
6037462800,137.99,137.99,35.76,137.99
6037910810,137.99,137.99,73.94,137.99
6037101400,138.6,138.6,1,138.6
6037183101,138.6,138.6,15.15,138.6
6037234600,138.6,138.6,23.64,138.6
6037272301,138.6,138.6,26.67,138.6
6037401704,138.6,138.6,30.3,138.6
6037408722,138.6,138.6,33.33,138.6
6037430003,138.6,138.6,33.94,138.6
6037554513,138.6,138.6,47.27,138.6
6037101220,139.21,139.21,1,139.21
6037103400,139.21,139.21,1,139.21
6037139801,139.21,139.21,14.55,139.21
6037139802,139.21,139.21,14.55,139.21
6037224010,139.21,139.21,22.42,139.21
6037301502,139.21,139.21,28.48,139.21
6037461000,139.21,139.21,35.15,139.21
6037481605,139.21,139.21,36.97,139.21
6037543702,139.21,139.21,44.24,139.21
6037910712,139.21,139.21,72.12,139.21
6037113322,139.82,139.82,7.27,139.82
6037121102,139.82,139.82,8.48,139.82
6037134305,139.82,139.82,12.73,139.82
6037401500,139.82,139.82,30.3,139.82
6037532200,139.82,139.82,40.61,139.82
6037572202,139.82,139.82,49.09,139.82
6037573700,139.82,139.82,49.7,139.82
6037900501,139.82,139.82,64.24,139.82
6037195901,140.43,140.43,17.58,140.43
6037212610,140.43,140.43,20.61,140.43
6037311600,140.43,140.43,29.7,140.43
6037554802,140.43,140.43,47.27,140.43
6037124102,141.03,141.03,10.3,141.03
6037135111,141.03,141.03,13.33,141.03
6037243100,141.03,141.03,24.85,141.03
6037572100,141.03,141.03,49.09,141.03
6037576700,141.03,141.03,50.91,141.03
6037601202,141.03,141.03,52.73,141.03
6037901008,141.03,141.03,66.67,141.03
6037211320,141.64,141.64,20.61,141.64
6037228600,141.64,141.64,23.03,141.64
6037275311,141.64,141.64,27.27,141.64
6037554900,141.64,141.64,47.27,141.64
6037576503,141.64,141.64,50.91,141.64
6037602801,141.64,141.64,53.94,141.64
6037650701,141.64,141.64,56.97,141.64
6037124700,142.25,142.25,10.3,142.25
6037208301,142.25,142.25,20,142.25
6037239202,142.25,142.25,24.24,142.25
6037300301,142.25,142.25,28.48,142.25
6037433200,142.25,142.25,34.55,142.25
6037543703,142.25,142.25,44.24,142.25
6037554002,142.25,142.25,46.67,142.25
6037650200,142.25,142.25,56.97,142.25
6037670407,142.25,142.25,58.79,142.25
6037141600,142.86,142.86,15.15,142.86
6037183610,142.86,142.86,15.76,142.86
6037199120,142.86,142.86,18.18,142.86
6037209520,142.86,142.86,20,142.86
6037218500,142.86,142.86,21.82,142.86
6037434003,142.86,142.86,35.15,142.86
6037481604,142.86,142.86,36.97,142.86
6037700300,142.86,142.86,59.39,142.86
6037900103,142.86,142.86,64.24,142.86
6037131300,143.47,143.47,12.12,143.47
6037134904,143.47,143.47,13.33,143.47
6037190401,143.47,143.47,16.97,143.47
6037191302,143.47,143.47,16.97,143.47
6037226410,143.47,143.47,22.42,143.47
6037403322,143.47,143.47,30.91,143.47
6037405900,143.47,143.47,32.12,143.47
6037535902,143.47,143.47,42.42,143.47
6037571504,143.47,143.47,48.48,143.47
6037651221,143.47,143.47,58.18,143.47
6037910101,143.47,143.47,68.48,143.47
6037920012,143.47,143.47,74.55,143.47
6037109700,144.07,144.07,6.06,144.07
6037123206,144.07,144.07,9.7,144.07
6037123304,144.07,144.07,9.7,144.07
6037183520,144.07,144.07,15.76,144.07
6037276604,144.07,144.07,27.27,144.07
6037294900,144.07,144.07,27.88,144.07
6037408626,144.07,144.07,33.33,144.07
6037430501,144.07,144.07,33.94,144.07
6037481500,144.07,144.07,36.97,144.07
6037670100,144.07,144.07,58.18,144.07
6037701801,144.07,144.07,60.61,144.07
6037910001,144.07,144.07,68.48,144.07
6037910301,144.07,144.07,69.7,144.07
6037134423,144.68,144.68,13.33,144.68
6037189903,144.68,144.68,16.36,144.68
6037195500,144.68,144.68,17.58,144.68
6037237402,144.68,144.68,24.24,144.68
6037237720,144.68,144.68,24.24,144.68
6037241110,144.68,144.68,24.85,144.68
6037302003,144.68,144.68,29.09,144.68
6037480901,144.68,144.68,36.36,144.68
6037542800,144.68,144.68,43.64,144.68
6037603001,144.68,144.68,54.55,144.68
6037900703,144.68,144.68,65.45,144.68
6037901009,144.68,144.68,66.67,144.68
6037910809,144.68,144.68,73.94,144.68
6037113213,145.29,145.29,7.27,145.29
6037131600,145.29,145.29,12.12,145.29
6037203710,145.29,145.29,18.79,145.29
6037232110,145.29,145.29,23.03,145.29
6037273200,145.29,145.29,26.67,145.29
6037294301,145.29,145.29,27.88,145.29
6037302202,145.29,145.29,29.09,145.29
6037462100,145.29,145.29,35.76,145.29
6037620522,145.29,145.29,55.76,145.29
6037800408,145.29,145.29,63.64,145.29
6037113234,145.9,145.9,7.27,145.9
6037117520,145.9,145.9,7.27,145.9
6037134104,145.9,145.9,12.73,145.9
6037137401,145.9,145.9,13.94,145.9
6037218120,145.9,145.9,21.82,145.9
6037238320,145.9,145.9,24.24,145.9
6037267403,145.9,145.9,26.06,145.9
6037408723,145.9,145.9,33.33,145.9
6037530203,145.9,145.9,39.39,145.9
6037535701,145.9,145.9,42.42,145.9
6037573202,145.9,145.9,49.7,145.9
6037600704,145.9,145.9,52.12,145.9
6037122420,146.5,146.5,9.09,146.5
6037123700,146.5,146.5,9.7,146.5
6037192410,146.5,146.5,17.58,146.5
6037207301,146.5,146.5,19.39,146.5
6037211000,146.5,146.5,20,146.5
6037404703,146.5,146.5,31.52,146.5
6037431900,146.5,146.5,34.55,146.5
6037482202,146.5,146.5,36.97,146.5
6037482701,146.5,146.5,37.58,146.5
6037536200,146.5,146.5,42.42,146.5
6037543604,146.5,146.5,44.24,146.5
6037554522,146.5,146.5,47.27,146.5
6037137502,147.11,147.11,13.94,147.11
6037191203,147.11,147.11,16.97,147.11
6037239702,147.11,147.11,24.24,147.11
6037407701,147.11,147.11,32.73,147.11
6037621326,147.11,147.11,56.36,147.11
6037109500,147.72,147.72,5.45,147.72
6037188202,147.72,147.72,16.36,147.72
6037269903,147.72,147.72,26.06,147.72
6037402402,147.72,147.72,30.3,147.72
6037407602,147.72,147.72,32.73,147.72
6037431502,147.72,147.72,34.55,147.72
6037462600,147.72,147.72,35.76,147.72
6037541605,147.72,147.72,43.03,147.72
6037602700,147.72,147.72,53.94,147.72
6037700902,147.72,147.72,60,147.72
6037120108,148.33,148.33,8.48,148.33
6037189400,148.33,148.33,16.36,148.33
6037406411,148.33,148.33,32.12,148.33
6037550400,148.33,148.33,44.85,148.33
6037553300,148.33,148.33,46.06,148.33
6037574300,148.33,148.33,50.3,148.33
6037575802,148.33,148.33,50.3,148.33
6037601302,148.33,148.33,52.73,148.33
6037601401,148.33,148.33,52.73,148.33
6037603702,148.33,148.33,55.15,148.33
6037651401,148.33,148.33,58.18,148.33
6037930200,148.33,148.33,86.67,148.33
6037109200,148.94,148.94,4.85,148.94
6037123420,148.94,148.94,9.7,148.94
6037131400,148.94,148.94,12.12,148.94
6037204810,148.94,148.94,19.39,148.94
6037214501,148.94,148.94,21.21,148.94
6037271902,148.94,148.94,26.67,148.94
6037403901,148.94,148.94,31.52,148.94
6037531101,148.94,148.94,40,148.94
6037540600,148.94,148.94,43.03,148.94
6037570502,148.94,148.94,48.48,148.94
6037900508,148.94,148.94,64.85,148.94
6037910601,148.94,148.94,70.91,148.94
6037910811,148.94,148.94,73.94,148.94
6037104105,149.54,149.54,1,149.54
6037121600,149.54,149.54,8.48,149.54
6037183103,149.54,149.54,15.15,149.54
6037197200,149.54,149.54,18.18,149.54
6037239501,149.54,149.54,24.24,149.54
6037301602,149.54,149.54,28.48,149.54
6037431002,149.54,149.54,33.94,149.54
6037554203,149.54,149.54,46.67,149.54
6037205110,150.15,150.15,19.39,150.15
6037217002,150.15,150.15,21.21,150.15
6037240900,150.15,150.15,24.85,150.15
6037296500,150.15,150.15,27.88,150.15
6037572302,150.15,150.15,49.09,150.15
6037600303,150.15,150.15,52.12,150.15
6037602505,150.15,150.15,53.33,150.15
6037123301,150.76,150.76,9.7,150.76
6037186203,150.76,150.76,15.76,150.76
6037208402,150.76,150.76,20,150.76
6037211802,150.76,150.76,20.61,150.76
6037231300,150.76,150.76,23.03,150.76
6037401303,150.76,150.76,30.3,150.76
6037403722,150.76,150.76,31.52,150.76
6037404802,150.76,150.76,31.52,150.76
6037541200,150.76,150.76,43.03,150.76
6037650101,150.76,150.76,56.36,150.76
6037101210,151.37,151.37,1,151.37
6037131100,151.37,151.37,12.12,151.37
6037203600,151.37,151.37,18.79,151.37
6037211703,151.37,151.37,20.61,151.37
6037530003,151.37,151.37,39.39,151.37
6037534405,151.37,151.37,41.82,151.37
6037535605,151.37,151.37,42.42,151.37
6037550700,151.37,151.37,44.85,151.37
6037553200,151.37,151.37,46.06,151.37
6037576403,151.37,151.37,50.91,151.37
6037602103,151.37,151.37,53.33,151.37
6037920322,151.37,151.37,82.42,151.37
6037103101,151.98,151.98,1,151.98
6037211910,151.98,151.98,20.61,151.98
6037400204,151.98,151.98,29.7,151.98
6037404504,151.98,151.98,31.52,151.98
6037405302,151.98,151.98,32.12,151.98
6037570402,151.98,151.98,47.88,151.98
6037570901,151.98,151.98,48.48,151.98
6037571102,151.98,151.98,48.48,151.98
6037124300,152.58,152.58,10.3,152.58
6037408624,152.58,152.58,33.33,152.58
6037462201,152.58,152.58,35.76,152.58
6037500202,152.58,152.58,37.58,152.58
6037650003,152.58,152.58,56.36,152.58
6037702901,152.58,152.58,61.82,152.58
6037106645,153.19,153.19,3.64,153.19
6037124104,153.19,153.19,10.3,153.19
6037139600,153.19,153.19,14.55,153.19
6037141700,153.19,153.19,15.15,153.19
6037183510,153.19,153.19,15.76,153.19
6037236100,153.19,153.19,23.64,153.19
6037237300,153.19,153.19,24.24,153.19
6037262200,153.19,153.19,25.45,153.19
6037404903,153.19,153.19,32.12,153.19
6037408628,153.19,153.19,33.33,153.19
6037481714,153.19,153.19,36.97,153.19
6037534502,153.19,153.19,41.82,153.19
6037577604,153.19,153.19,51.52,153.19
6037910603,153.19,153.19,70.91,153.19
6037208610,153.8,153.8,20,153.8
6037221710,153.8,153.8,21.82,153.8
6037302004,153.8,153.8,29.09,153.8
6037482800,153.8,153.8,37.58,153.8
6037534403,153.8,153.8,41.82,153.8
6037551201,153.8,153.8,45.45,153.8
6037554001,153.8,153.8,46.67,153.8
6037576200,153.8,153.8,50.91,153.8
6037800326,153.8,153.8,63.03,153.8
6037137000,154.41,154.41,13.33,154.41
6037189500,154.41,154.41,16.36,154.41
6037211500,154.41,154.41,20.61,154.41
6037212304,154.41,154.41,20.61,154.41
6037217200,154.41,154.41,21.21,154.41
6037297602,154.41,154.41,28.48,154.41
6037403702,154.41,154.41,31.52,154.41
6037404100,154.41,154.41,31.52,154.41
6037404901,154.41,154.41,31.52,154.41
6037408631,154.41,154.41,33.33,154.41
6037432700,154.41,154.41,34.55,154.41
6037461300,154.41,154.41,35.15,154.41
6037650501,154.41,154.41,56.97,154.41
6037181500,155.02,155.02,15.15,155.02
6037183104,155.02,155.02,15.15,155.02
6037195600,155.02,155.02,17.58,155.02
6037195802,155.02,155.02,17.58,155.02
6037212501,155.02,155.02,20.61,155.02
6037212502,155.02,155.02,20.61,155.02
6037221402,155.02,155.02,21.82,155.02
6037234000,155.02,155.02,23.64,155.02
6037403319,155.02,155.02,30.91,155.02
6037541100,155.02,155.02,43.03,155.02
6037800332,155.02,155.02,63.64,155.02
6037120300,155.62,155.62,8.48,155.62
6037195300,155.62,155.62,17.58,155.62
6037211122,155.62,155.62,20,155.62
6037267700,155.62,155.62,26.06,155.62
6037403000,155.62,155.62,30.91,155.62
6037403324,155.62,155.62,30.91,155.62
6037404301,155.62,155.62,31.52,155.62
6037570100,155.62,155.62,47.88,155.62
6037670201,155.62,155.62,58.18,155.62
6037232600,156.23,156.23,23.64,156.23
6037236204,156.23,156.23,23.64,156.23
6037267800,156.23,156.23,26.06,156.23
6037432402,156.23,156.23,34.55,156.23
6037433902,156.23,156.23,35.15,156.23
6037533503,156.23,156.23,41.21,156.23
6037552900,156.23,156.23,46.06,156.23
6037600100,156.23,156.23,51.52,156.23
6037102105,156.84,156.84,1,156.84
6037272202,156.84,156.84,26.67,156.84
6037530202,156.84,156.84,39.39,156.84
6037530400,156.84,156.84,39.39,156.84
6037551101,156.84,156.84,45.45,156.84
6037572001,156.84,156.84,49.09,156.84
6037109400,157.45,157.45,5.45,157.45
6037125502,157.45,157.45,10.91,157.45
6037143602,157.45,157.45,15.15,157.45
6037185203,157.45,157.45,15.76,157.45
6037194402,157.45,157.45,17.58,157.45
6037219020,157.45,157.45,21.82,157.45
6037240600,157.45,157.45,24.85,157.45
6037294302,157.45,157.45,27.88,157.45
6037403721,157.45,157.45,31.52,157.45
6037404202,157.45,157.45,31.52,157.45
6037533901,157.45,157.45,41.21,157.45
6037534406,157.45,157.45,41.82,157.45
6037600912,157.45,157.45,52.73,157.45
6037603005,157.45,157.45,54.55,157.45
6037183820,158.05,158.05,15.76,158.05
6037201402,158.05,158.05,18.79,158.05
6037211701,158.05,158.05,20.61,158.05
6037269907,158.05,158.05,26.67,158.05
6037294520,158.05,158.05,27.88,158.05
6037406402,158.05,158.05,32.12,158.05
6037408137,158.05,158.05,32.73,158.05
6037433501,158.05,158.05,35.15,158.05
6037533104,158.05,158.05,40.61,158.05
6037603101,158.05,158.05,54.55,158.05
6037910401,158.05,158.05,69.7,158.05
6037920018,158.05,158.05,75.15,158.05
6037123104,158.66,158.66,9.09,158.66
6037187101,158.66,158.66,16.36,158.66
6037188201,158.66,158.66,16.36,158.66
6037238200,158.66,158.66,24.24,158.66
6037264000,158.66,158.66,25.45,158.66
6037400402,158.66,158.66,29.7,158.66
6037400403,158.66,158.66,29.7,158.66
6037540102,158.66,158.66,42.42,158.66
6037553602,158.66,158.66,46.67,158.66
6037123203,159.27,159.27,9.7,159.27
6037213202,159.27,159.27,20.61,159.27
6037271600,159.27,159.27,26.67,159.27
6037276603,159.27,159.27,27.27,159.27
6037480803,159.27,159.27,36.36,159.27
6037553801,159.27,159.27,46.67,159.27
6037570404,159.27,159.27,47.88,159.27
6037131200,159.88,159.88,12.12,159.88
6037194200,159.88,159.88,17.58,159.88
6037297201,159.88,159.88,28.48,159.88
6037482001,159.88,159.88,36.97,159.88
6037534803,159.88,159.88,41.82,159.88
6037601100,159.88,159.88,52.73,159.88
6037601802,159.88,159.88,52.73,159.88
6037203100,160.49,160.49,18.79,160.49
6037402502,160.49,160.49,30.91,160.49
6037408003,160.49,160.49,32.73,160.49
6037531702,160.49,160.49,40,160.49
6037620904,160.49,160.49,55.76,160.49
6037267902,161.09,161.09,26.06,161.09
6037300502,161.09,161.09,28.48,161.09
6037408134,161.09,161.09,32.73,161.09
6037503104,161.09,161.09,38.79,161.09
6037540203,161.09,161.09,43.03,161.09
6037550800,161.09,161.09,44.85,161.09
6037571704,161.09,161.09,48.48,161.09
6037102107,161.7,161.7,1,161.7
6037186403,161.7,161.7,15.76,161.7
6037191120,161.7,161.7,16.97,161.7
6037221304,161.7,161.7,21.82,161.7
6037482101,161.7,161.7,36.97,161.7
6037536103,161.7,161.7,42.42,161.7
6037575103,161.7,161.7,50.3,161.7
6037670500,161.7,161.7,58.79,161.7
6037900505,161.7,161.7,64.85,161.7
6037127220,162.31,162.31,10.91,162.31
6037191410,162.31,162.31,16.97,162.31
6037294701,162.31,162.31,27.88,162.31
6037310601,162.31,162.31,29.7,162.31
6037481902,162.31,162.31,36.97,162.31
6037531301,162.31,162.31,40,162.31
6037541801,162.31,162.31,43.03,162.31
6037542106,162.31,162.31,43.64,162.31
6037650401,162.31,162.31,56.97,162.31
6037900804,162.31,162.31,66.06,162.31
6037104310,162.92,162.92,1,162.92
6037137302,162.92,162.92,13.94,162.92
6037262301,162.92,162.92,25.45,162.92
6037551402,162.92,162.92,45.45,162.92
6037570301,162.92,162.92,47.88,162.92
6037181000,163.53,163.53,15.15,163.53
6037201504,163.53,163.53,18.79,163.53
6037275603,163.53,163.53,27.27,163.53
6037540901,163.53,163.53,43.03,163.53
6037541001,163.53,163.53,43.03,163.53
6037542602,163.53,163.53,43.64,163.53
6037543000,163.53,163.53,44.24,163.53
6037543801,163.53,163.53,44.24,163.53
6037555102,163.53,163.53,47.88,163.53
6037186404,164.13,164.13,15.76,164.13
6037192002,164.13,164.13,17.58,164.13
6037231710,164.13,164.13,23.03,164.13
6037278001,164.13,164.13,27.27,164.13
6037402902,164.13,164.13,30.91,164.13
6037543100,164.13,164.13,44.24,164.13
6037575002,164.13,164.13,50.3,164.13
6037920017,164.13,164.13,74.55,164.13
6037121221,164.74,164.74,8.48,164.74
6037123902,164.74,164.74,9.7,164.74
6037139504,164.74,164.74,14.55,164.74
6037208000,164.74,164.74,20,164.74
6037404801,164.74,164.74,31.52,164.74
6037482502,164.74,164.74,37.58,164.74
6037535503,164.74,164.74,42.42,164.74
6037670406,164.74,164.74,58.79,164.74
6037900805,164.74,164.74,66.06,164.74
6037189202,165.35,165.35,16.36,165.35
6037203500,165.35,165.35,18.79,165.35
6037264103,165.35,165.35,25.45,165.35
6037300100,165.35,165.35,28.48,165.35
6037482102,165.35,165.35,36.97,165.35
6037533804,165.35,165.35,41.21,165.35
6037181600,165.96,165.96,15.15,165.96
6037212701,165.96,165.96,20.61,165.96
6037403403,165.96,165.96,30.91,165.96
6037403405,165.96,165.96,31.52,165.96
6037408704,165.96,165.96,33.33,165.96
6037620002,165.96,165.96,55.15,165.96
6037120106,166.57,166.57,7.88,166.57
6037134903,166.57,166.57,13.33,166.57
6037219500,166.57,166.57,21.82,166.57
6037300701,166.57,166.57,28.48,166.57
6037403902,166.57,166.57,31.52,166.57
6037407900,166.57,166.57,32.73,166.57
6037408630,166.57,166.57,33.33,166.57
6037551202,166.57,166.57,45.45,166.57
6037554801,166.57,166.57,47.27,166.57
6037573800,166.57,166.57,49.7,166.57
6037651302,166.57,166.57,58.18,166.57
6037920339,166.57,166.57,86.67,166.57
6037115103,167.17,167.17,7.27,167.17
6037137201,167.17,167.17,13.94,167.17
6037199800,167.17,167.17,18.18,167.17
6037274100,167.17,167.17,27.27,167.17
6037407702,167.17,167.17,32.73,167.17
6037462900,167.17,167.17,35.76,167.17
6037535400,167.17,167.17,41.82,167.17
6037554103,167.17,167.17,46.67,167.17
6037575801,167.17,167.17,50.3,167.17
6037601001,167.17,167.17,52.73,167.17
6037651002,167.17,167.17,57.58,167.17
6037651101,167.17,167.17,57.58,167.17
6037211310,167.78,167.78,20,167.78
6037310300,167.78,167.78,29.09,167.78
6037402102,167.78,167.78,30.3,167.78
6037502003,167.78,167.78,38.18,167.78
6037543701,167.78,167.78,44.24,167.78
6037600501,167.78,167.78,52.12,167.78
6037700501,167.78,167.78,59.39,167.78
6037203300,168.39,168.39,18.79,168.39
6037236400,168.39,168.39,24.24,168.39
6037300702,168.39,168.39,28.48,168.39
6037406102,168.39,168.39,32.12,168.39
6037550902,168.39,168.39,45.45,168.39
6037575402,168.39,168.39,50.3,168.39
6037701100,168.39,168.39,60,168.39
6037132502,169,169,12.73,169
6037275602,169,169,27.27,169
6037401701,169,169,30.3,169
6037401902,169,169,30.3,169
6037432300,169,169,34.55,169
6037530901,169,169,39.39,169
6037540202,169,169,42.42,169
6037575101,169,169,50.3,169
6037600201,169,169,51.52,169
6037600902,169,169,52.73,169
6037194101,169.6,169.6,17.58,169.6
6037204600,169.6,169.6,19.39,169.6
6037219300,169.6,169.6,21.82,169.6
6037237201,169.6,169.6,24.24,169.6
6037402904,169.6,169.6,30.91,169.6
6037404803,169.6,169.6,31.52,169.6
6037480804,169.6,169.6,36.36,169.6
6037500300,169.6,169.6,37.58,169.6
6037531102,169.6,169.6,40,169.6
6037910403,169.6,169.6,69.7,169.6
6037106642,170.21,170.21,3.64,170.21
6037113422,170.21,170.21,7.27,170.21
6037133000,170.21,170.21,12.73,170.21
6037201301,170.21,170.21,18.18,170.21
6037241202,170.21,170.21,24.85,170.21
6037503602,170.21,170.21,38.79,170.21
6037551102,170.21,170.21,45.45,170.21
6037571000,170.21,170.21,48.48,170.21
6037651304,170.21,170.21,58.18,170.21
6037703200,170.21,170.21,62.42,170.21
6037127805,170.82,170.82,11.52,170.82
6037132101,170.82,170.82,12.12,170.82
6037183702,170.82,170.82,15.76,170.82
6037275302,170.82,170.82,27.27,170.82
6037406701,170.82,170.82,32.12,170.82
6037530005,170.82,170.82,39.39,170.82
6037554403,170.82,170.82,46.67,170.82
6037670413,170.82,170.82,58.79,170.82
6037920104,170.82,170.82,78.18,170.82
6037107020,171.43,171.43,4.24,171.43
6037189902,171.43,171.43,16.36,171.43
6037194300,171.43,171.43,17.58,171.43
6037201200,171.43,171.43,18.18,171.43
6037227020,171.43,171.43,23.03,171.43
6037240402,171.43,171.43,24.85,171.43
6037400205,171.43,171.43,29.7,171.43
6037433101,171.43,171.43,34.55,171.43
6037463000,171.43,171.43,35.76,171.43
6037532900,171.43,171.43,40.61,171.43
6037534404,171.43,171.43,41.82,171.43
6037554521,171.43,171.43,47.27,171.43
6037602104,171.43,171.43,53.33,171.43
6037602105,171.43,171.43,53.33,171.43
6037132102,172.04,172.04,12.12,172.04
6037232120,172.04,172.04,23.64,172.04
6037271300,172.04,172.04,26.67,172.04
6037408504,172.04,172.04,33.33,172.04
6037463500,172.04,172.04,35.76,172.04
6037503902,172.04,172.04,39.39,172.04
6037532303,172.04,172.04,40.61,172.04
6037550000,172.04,172.04,44.85,172.04
6037572400,172.04,172.04,49.09,172.04
6037576302,172.04,172.04,50.91,172.04
6037910714,172.04,172.04,72.12,172.04
6037131020,172.64,172.64,12.12,172.64
6037137501,172.64,172.64,13.94,172.64
6037275500,172.64,172.64,27.27,172.64
6037293302,172.64,172.64,27.88,172.64
6037320202,172.64,172.64,29.7,172.64
6037403312,172.64,172.64,30.91,172.64
6037575901,172.64,172.64,50.3,172.64
6037604002,172.64,172.64,55.15,172.64
6037670324,172.64,172.64,58.18,172.64
6037186301,173.25,173.25,15.76,173.25
6037220100,173.25,173.25,21.82,173.25
6037237102,173.25,173.25,24.24,173.25
6037269000,173.25,173.25,26.06,173.25
6037276500,173.25,173.25,27.27,173.25
6037277200,173.25,173.25,27.27,173.25
6037294810,173.25,173.25,27.88,173.25
6037301203,173.25,173.25,28.48,173.25
6037311801,173.25,173.25,29.7,173.25
6037552302,173.25,173.25,46.06,173.25
6037601211,173.25,173.25,52.73,173.25
6037910711,173.25,173.25,72.12,173.25
6037104201,173.86,173.86,1,173.86
6037201110,173.86,173.86,18.18,173.86
6037201503,173.86,173.86,18.79,173.86
6037463700,173.86,173.86,35.76,173.86
6037481402,173.86,173.86,36.97,173.86
6037533403,173.86,173.86,40.61,173.86
6037535803,173.86,173.86,42.42,173.86
6037542104,173.86,173.86,43.64,173.86
6037574000,173.86,173.86,50.3,173.86
6037620305,173.86,173.86,55.76,173.86
6037621201,173.86,173.86,56.36,173.86
6037920102,173.86,173.86,78.18,173.86
6037113232,174.47,174.47,7.27,174.47
6037237800,174.47,174.47,24.24,174.47
6037402403,174.47,174.47,30.91,174.47
6037404201,174.47,174.47,31.52,174.47
6037575902,174.47,174.47,50.91,174.47
6037650602,174.47,174.47,56.97,174.47
6037700101,174.47,174.47,58.79,174.47
6037910202,174.47,174.47,68.48,174.47
6037210010,175.08,175.08,20,175.08
6037406601,175.08,175.08,32.12,175.08
6037408139,175.08,175.08,32.73,175.08
6037503000,175.08,175.08,38.79,175.08
6037532002,175.08,175.08,40.61,175.08
6037201700,175.68,175.68,18.79,175.68
6037275200,175.68,175.68,27.27,175.68
6037408136,175.68,175.68,32.73,175.68
6037433700,175.68,175.68,35.15,175.68
6037502200,175.68,175.68,38.18,175.68
6037530006,175.68,175.68,39.39,175.68
6037554302,175.68,175.68,46.67,175.68
6037920029,175.68,175.68,75.15,175.68
6037980015,175.68,175.68,90.91,175.68
6037117405,176.29,176.29,7.27,176.29
6037119342,176.29,176.29,7.27,176.29
6037134201,176.29,176.29,12.73,176.29
6037197700,176.29,176.29,18.18,176.29
6037216800,176.29,176.29,21.21,176.29
6037402404,176.29,176.29,30.91,176.29
6037407301,176.29,176.29,32.73,176.29
6037408138,176.29,176.29,32.73,176.29
6037463101,176.29,176.29,35.76,176.29
6037800101,176.29,176.29,62.42,176.29
6037128601,176.9,176.9,12.12,176.9
6037135102,176.9,176.9,13.33,176.9
6037265201,176.9,176.9,25.45,176.9
6037430102,176.9,176.9,33.94,176.9
6037431400,176.9,176.9,33.94,176.9
6037533502,176.9,176.9,41.21,176.9
6037533803,176.9,176.9,41.21,176.9
6037535200,176.9,176.9,41.82,176.9
6037800406,176.9,176.9,63.64,176.9
6037101300,177.51,177.51,1,177.51
6037113102,177.51,177.51,7.27,177.51
6037197410,177.51,177.51,18.18,177.51
6037211121,177.51,177.51,20,177.51
6037231400,177.51,177.51,23.03,177.51
6037265202,177.51,177.51,25.45,177.51
6037291300,177.51,177.51,27.27,177.51
6037310602,177.51,177.51,29.7,177.51
6037541400,177.51,177.51,43.03,177.51
6037139503,178.12,178.12,14.55,178.12
6037192610,178.12,178.12,17.58,178.12
6037216700,178.12,178.12,21.21,178.12
6037267901,178.12,178.12,26.06,178.12
6037269700,178.12,178.12,26.06,178.12
6037297202,178.12,178.12,28.48,178.12
6037301000,178.12,178.12,28.48,178.12
6037434001,178.12,178.12,35.15,178.12
6037533106,178.12,178.12,40.61,178.12
6037542501,178.12,178.12,43.64,178.12
6037901213,178.12,178.12,68.48,178.12
6037920112,178.12,178.12,80,178.12
6037920114,178.12,178.12,80,178.12
6037135114,178.72,178.72,13.33,178.72
6037183810,178.72,178.72,15.76,178.72
6037215101,178.72,178.72,21.21,178.72
6037224320,178.72,178.72,22.42,178.72
6037234800,178.72,178.72,23.64,178.72
6037300200,178.72,178.72,28.48,178.72
6037431800,178.72,178.72,34.55,178.72
6037501504,178.72,178.72,38.18,178.72
6037542103,178.72,178.72,43.64,178.72
6037670403,178.72,178.72,58.79,178.72
6037121801,179.33,179.33,8.48,179.33
6037127103,179.33,179.33,10.91,179.33
6037127604,179.33,179.33,10.91,179.33
6037190100,179.33,179.33,16.97,179.33
6037203720,179.33,179.33,18.79,179.33
6037204420,179.33,179.33,19.39,179.33
6037232700,179.33,179.33,23.64,179.33
6037430901,179.33,179.33,33.94,179.33
6037571502,179.33,179.33,48.48,179.33
6037800325,179.33,179.33,63.03,179.33
6037920011,179.33,179.33,74.55,179.33
6037218702,179.94,179.94,21.82,179.94
6037231210,179.94,179.94,23.03,179.94
6037235201,179.94,179.94,23.64,179.94
6037294510,179.94,179.94,27.88,179.94
6037408004,179.94,179.94,32.73,179.94
6037600202,179.94,179.94,52.12,179.94
6037701701,179.94,179.94,60,179.94
6037135113,180.55,180.55,13.33,180.55
6037185202,180.55,180.55,15.76,180.55
6037236203,180.55,180.55,23.64,180.55
6037302201,180.55,180.55,29.09,180.55
6037408706,180.55,180.55,33.33,180.55
6037480902,180.55,180.55,36.36,180.55
6037503105,180.55,180.55,38.79,180.55
6037533002,180.55,180.55,40.61,180.55
6037920332,180.55,180.55,85.45,180.55
6037111201,181.16,181.16,6.67,181.16
6037190202,181.16,181.16,16.97,181.16
6037191610,181.16,181.16,16.97,181.16
6037201601,181.16,181.16,18.79,181.16
6037311500,181.16,181.16,29.7,181.16
6037400206,181.16,181.16,29.7,181.16
6037402303,181.16,181.16,30.3,181.16
6037408301,181.16,181.16,33.33,181.16
6037480202,181.16,181.16,36.36,181.16
6037503302,181.16,181.16,38.79,181.16
6037554516,181.16,181.16,47.27,181.16
6037920337,181.16,181.16,86.06,181.16
6037124600,181.76,181.76,10.3,181.76
6037139701,181.76,181.76,14.55,181.76
6037481102,181.76,181.76,36.97,181.76
6037530801,181.76,181.76,39.39,181.76
6037900803,181.76,181.76,66.06,181.76
6037261101,182.37,182.37,25.45,182.37
6037400900,182.37,182.37,30.3,182.37
6037408140,182.37,182.37,32.73,182.37
6037430002,182.37,182.37,33.94,182.37
6037460900,182.37,182.37,35.15,182.37
6037481300,182.37,182.37,36.97,182.37
6037535802,182.37,182.37,42.42,182.37
6037576901,182.37,182.37,50.91,182.37
6037670003,182.37,182.37,58.18,182.37
6037910807,182.37,182.37,72.73,182.37
6037127300,182.98,182.98,10.91,182.98
6037135203,182.98,182.98,13.33,182.98
6037139401,182.98,182.98,14.55,182.98
6037301205,182.98,182.98,28.48,182.98
6037405002,182.98,182.98,32.12,182.98
6037480012,182.98,182.98,36.36,182.98
6037481103,182.98,182.98,36.97,182.98
6037533601,182.98,182.98,41.21,182.98
6037570204,182.98,182.98,47.88,182.98
6037620901,182.98,182.98,55.76,182.98
6037800204,182.98,182.98,63.03,182.98
6037137104,183.59,183.59,13.94,183.59
6037206050,183.59,183.59,19.39,183.59
6037241120,183.59,183.59,24.85,183.59
6037265700,183.59,183.59,26.06,183.59
6037404401,183.59,183.59,31.52,183.59
6037431001,183.59,183.59,33.94,183.59
6037432401,183.59,183.59,34.55,183.59
6037504102,183.59,183.59,39.39,183.59
6037531000,183.59,183.59,40,183.59
6037574202,183.59,183.59,50.3,183.59
6037601700,183.59,183.59,52.73,183.59
6037702400,183.59,183.59,60.61,183.59
6037980007,183.59,183.59,89.09,183.59
6037122120,184.19,184.19,9.09,184.19
6037138000,184.19,184.19,13.94,184.19
6037189905,184.19,184.19,16.36,184.19
6037195803,184.19,184.19,17.58,184.19
6037229420,184.19,184.19,23.03,184.19
6037236202,184.19,184.19,23.64,184.19
6037270100,184.19,184.19,26.67,184.19
6037482503,184.19,184.19,37.58,184.19
6037482600,184.19,184.19,37.58,184.19
6037532302,184.19,184.19,40.61,184.19
6037601303,184.19,184.19,52.73,184.19
6037190201,184.8,184.8,16.97,184.8
6037229300,184.8,184.8,23.03,184.8
6037401202,184.8,184.8,30.3,184.8
6037432802,184.8,184.8,34.55,184.8
6037460000,184.8,184.8,35.15,184.8
6037462001,184.8,184.8,35.76,184.8
6037552002,184.8,184.8,45.45,184.8
6037901010,184.8,184.8,67.27,184.8
6037104204,185.41,185.41,1,185.41
6037128400,185.41,185.41,11.52,185.41
6037134710,185.41,185.41,13.33,185.41
6037208902,185.41,185.41,20,185.41
6037214700,185.41,185.41,21.21,185.41
6037269905,185.41,185.41,26.06,185.41
6037302103,185.41,185.41,29.09,185.41
6037480302,185.41,185.41,36.36,185.41
6037554512,185.41,185.41,47.27,185.41
6037650300,185.41,185.41,56.97,185.41
6037901102,185.41,185.41,67.88,185.41
6037109800,186.02,186.02,6.06,186.02
6037128602,186.02,186.02,12.12,186.02
6037228800,186.02,186.02,23.03,186.02
6037463200,186.02,186.02,35.76,186.02
6037554101,186.02,186.02,46.67,186.02
6037609900,186.02,186.02,55.15,186.02
6037134101,186.63,186.63,12.73,186.63
6037212306,186.63,186.63,20.61,186.63
6037296300,186.63,186.63,27.88,186.63
6037503103,186.63,186.63,38.79,186.63
6037554301,186.63,186.63,46.67,186.63
6037572900,186.63,186.63,49.09,186.63
6037111400,187.23,187.23,7.27,187.23
6037143604,187.23,187.23,15.15,187.23
6037189701,187.23,187.23,16.36,187.23
6037214502,187.23,187.23,21.21,187.23
6037552601,187.23,187.23,46.06,187.23
6037620521,187.23,187.23,55.76,187.23
6037701304,187.23,187.23,60,187.23
6037910812,187.23,187.23,73.94,187.23
6037205120,187.84,187.84,19.39,187.84
6037401602,187.84,187.84,30.3,187.84
6037460301,187.84,187.84,35.15,187.84
6037501400,187.84,187.84,38.18,187.84
6037552602,187.84,187.84,46.06,187.84
6037553400,187.84,187.84,46.06,187.84
6037900201,187.84,187.84,64.24,187.84
6037920028,187.84,187.84,75.15,187.84
6037128210,188.45,188.45,11.52,188.45
6037204120,188.45,188.45,18.79,188.45
6037211922,188.45,188.45,20.61,188.45
6037213310,188.45,188.45,20.61,188.45
6037401703,188.45,188.45,30.3,188.45
6037461502,188.45,188.45,35.76,188.45
6037543502,188.45,188.45,44.24,188.45
6037572700,188.45,188.45,49.09,188.45
6037980014,188.45,188.45,90.91,188.45
6037980031,188.45,188.45,110.3,188.45
6037209300,189.06,189.06,20,189.06
6037212204,189.06,189.06,20.61,189.06
6037433602,189.06,189.06,35.15,189.06
6037481901,189.06,189.06,36.97,189.06
6037502901,189.06,189.06,38.79,189.06
6037535002,189.06,189.06,41.82,189.06
6037576801,189.06,189.06,50.91,189.06
6037901011,189.06,189.06,67.27,189.06
6037920111,189.06,189.06,79.39,189.06
6037980002,189.06,189.06,87.27,189.06
6037120030,189.67,189.67,7.88,189.67
6037139303,189.67,189.67,14.55,189.67
6037240010,189.67,189.67,24.24,189.67
6037292000,189.67,189.67,27.27,189.67
6037293307,189.67,189.67,27.88,189.67
6037402101,189.67,189.67,30.3,189.67
6037404402,189.67,189.67,31.52,189.67
6037502500,189.67,189.67,38.79,189.67
6037503802,189.67,189.67,39.39,189.67
6037530102,189.67,189.67,39.39,189.67
6037576501,189.67,189.67,50.91,189.67
6037701402,189.67,189.67,60,189.67
6037195201,190.27,190.27,17.58,190.27
6037269500,190.27,190.27,26.06,190.27
6037460401,190.27,190.27,35.15,190.27
6037553601,190.27,190.27,46.67,190.27
6037553902,190.27,190.27,46.67,190.27
6037571300,190.27,190.27,48.48,190.27
6037574500,190.27,190.27,50.3,190.27
6037104403,190.88,190.88,1,190.88
6037204300,190.88,190.88,18.79,190.88
6037273300,190.88,190.88,27.27,190.88
6037920013,190.88,190.88,74.55,190.88
6037113235,191.49,191.49,7.27,191.49
6037199700,191.49,191.49,18.18,191.49
6037262501,191.49,191.49,25.45,191.49
6037400304,191.49,191.49,29.7,191.49
6037401304,191.49,191.49,30.3,191.49
6037403317,191.49,191.49,30.91,191.49
6037430302,191.49,191.49,33.94,191.49
6037430724,191.49,191.49,33.94,191.49
6037430802,191.49,191.49,33.94,191.49
6037480500,191.49,191.49,36.36,191.49
6037533202,191.49,191.49,40.61,191.49
6037542700,191.49,191.49,43.64,191.49
6037544001,191.49,191.49,44.85,191.49
6037554201,191.49,191.49,46.67,191.49
6037575102,191.49,191.49,50.3,191.49
6037575201,191.49,191.49,50.3,191.49
6037577300,191.49,191.49,51.52,191.49
6037900608,191.49,191.49,65.45,191.49
6037980009,191.49,191.49,90.3,191.49
6037232300,192.1,192.1,23.64,192.1
6037502100,192.1,192.1,38.18,192.1
6037503702,192.1,192.1,39.39,192.1
6037551401,192.1,192.1,45.45,192.1
6037920023,192.1,192.1,75.15,192.1
6037209820,192.71,192.71,20,192.71
6037226002,192.71,192.71,22.42,192.71
6037262100,192.71,192.71,25.45,192.71
6037296402,192.71,192.71,27.88,192.71
6037402600,192.71,192.71,30.91,192.71
6037500900,192.71,192.71,37.58,192.71
6037541300,192.71,192.71,43.03,192.71
6037570001,192.71,192.71,47.88,192.71
6037604001,192.71,192.71,55.15,192.71
6037650001,192.71,192.71,56.36,192.71
6037920041,192.71,192.71,76.97,192.71
6037920338,192.71,192.71,86.06,192.71
6037183402,193.31,193.31,15.76,193.31
6037195720,193.31,193.31,17.58,193.31
6037229100,193.31,193.31,23.03,193.31
6037278102,193.31,193.31,27.27,193.31
6037555211,193.31,193.31,47.88,193.31
6037600602,193.31,193.31,52.12,193.31
6037920033,193.31,193.31,75.76,193.31
6037139502,193.92,193.92,14.55,193.92
6037208710,193.92,193.92,20,193.92
6037271702,193.92,193.92,26.67,193.92
6037301204,193.92,193.92,28.48,193.92
6037535606,193.92,193.92,42.42,193.92
6037555212,193.92,193.92,47.88,193.92
6037120020,194.53,194.53,7.88,194.53
6037191110,194.53,194.53,16.97,194.53
6037208801,194.53,194.53,20,194.53
6037310201,194.53,194.53,29.09,194.53
6037540400,194.53,194.53,43.03,194.53
6037554404,194.53,194.53,46.67,194.53
6037650004,194.53,194.53,56.36,194.53
6037186201,195.14,195.14,15.76,195.14
6037232400,195.14,195.14,23.64,195.14
6037240020,195.14,195.14,24.24,195.14
6037532800,195.14,195.14,40.61,195.14
6037603703,195.14,195.14,55.15,195.14
6037604100,195.14,195.14,55.15,195.14
6037621002,195.14,195.14,55.76,195.14
6037621301,195.14,195.14,56.36,195.14
6037139301,195.74,195.74,13.94,195.74
6037235100,195.74,195.74,23.64,195.74
6037310501,195.74,195.74,29.09,195.74
6037432101,195.74,195.74,34.55,195.74
6037433302,195.74,195.74,34.55,195.74
6037433306,195.74,195.74,34.55,195.74
6037480002,195.74,195.74,36.36,195.74
6037533805,195.74,195.74,41.21,195.74
6037551900,195.74,195.74,45.45,195.74
6037552800,195.74,195.74,46.06,195.74
6037570304,195.74,195.74,47.88,195.74
6037700102,195.74,195.74,59.39,195.74
6037113421,196.35,196.35,7.27,196.35
6037123103,196.35,196.35,9.09,196.35
6037239330,196.35,196.35,24.24,196.35
6037264301,196.35,196.35,25.45,196.35
6037404503,196.35,196.35,31.52,196.35
6037405301,196.35,196.35,32.12,196.35
6037406412,196.35,196.35,32.12,196.35
6037431300,196.35,196.35,33.94,196.35
6037502005,196.35,196.35,38.18,196.35
6037542601,196.35,196.35,43.64,196.35
6037572201,196.35,196.35,49.09,196.35
6037603301,196.35,196.35,54.55,196.35
6037700700,196.35,196.35,59.39,196.35
6037217001,196.96,196.96,21.21,196.96
6037301801,196.96,196.96,29.09,196.96
6037310703,196.96,196.96,29.7,196.96
6037404000,196.96,196.96,31.52,196.96
6037461200,196.96,196.96,35.15,196.96
6037532500,196.96,196.96,40.61,196.96
6037600601,196.96,196.96,52.12,196.96
6037621400,196.96,196.96,56.36,196.96
6037701202,196.96,196.96,60,196.96
6037910302,196.96,196.96,69.7,196.96
6037920044,196.96,196.96,77.58,196.96
6037920314,196.96,196.96,82.42,196.96
6037113301,197.57,197.57,7.27,197.57
6037212303,197.57,197.57,20.61,197.57
6037297601,197.57,197.57,28.48,197.57
6037407002,197.57,197.57,32.12,197.57
6037530101,197.57,197.57,39.39,197.57
6037535501,197.57,197.57,42.42,197.57
6037540101,197.57,197.57,42.42,197.57
6037554204,197.57,197.57,46.67,197.57
6037571200,197.57,197.57,48.48,197.57
6037573004,197.57,197.57,49.7,197.57
6037576602,197.57,197.57,50.91,197.57
6037900506,197.57,197.57,64.85,197.57
6037930101,197.57,197.57,86.67,197.57
6037123901,198.18,198.18,9.7,198.18
6037311300,198.18,198.18,29.7,198.18
6037407502,198.18,198.18,32.73,198.18
6037460502,198.18,198.18,35.15,198.18
6037500402,198.18,198.18,37.58,198.18
6037980001,198.18,198.18,87.27,198.18
6037127210,198.78,198.78,10.91,198.78
6037293201,198.78,198.78,27.88,198.78
6037320201,198.78,198.78,29.7,198.78
6037406902,198.78,198.78,32.12,198.78
6037460700,198.78,198.78,35.15,198.78
6037500800,198.78,198.78,37.58,198.78
6037503901,198.78,198.78,39.39,198.78
6037543501,198.78,198.78,44.24,198.78
6037651102,198.78,198.78,57.58,198.78
6037203800,199.39,199.39,18.79,199.39
6037211921,199.39,199.39,20.61,199.39
6037216402,199.39,199.39,21.21,199.39
6037262604,199.39,199.39,25.45,199.39
6037294820,199.39,199.39,27.88,199.39
6037408303,199.39,199.39,33.33,199.39
6037651001,199.39,199.39,57.58,199.39
6037115302,200,200,7.27,200
6037134422,200,200,12.73,200
6037530204,200,200,39.39,200
6037920020,200,200,75.15,200
6037216401,200.61,200.61,21.21,200.61
6037408302,200.61,200.61,33.33,200.61
6037500201,200.61,200.61,37.58,200.61
6037533401,200.61,200.61,40.61,200.61
6037534002,200.61,200.61,41.82,200.61
6037553504,200.61,200.61,46.67,200.61
6037601801,200.61,200.61,52.73,200.61
6037651201,200.61,200.61,57.58,200.61
6037113101,201.22,201.22,7.27,201.22
6037134901,201.22,201.22,13.33,201.22
6037183401,201.22,201.22,15.76,201.22
6037218300,201.22,201.22,21.82,201.22
6037301501,201.22,201.22,28.48,201.22
6037407400,201.22,201.22,32.73,201.22
6037481713,201.22,201.22,36.97,201.22
6037534202,201.22,201.22,41.82,201.22
6037204110,201.82,201.82,18.79,201.82
6037430723,201.82,201.82,33.94,201.82
6037540201,201.82,201.82,42.42,201.82
6037900507,201.82,201.82,64.85,201.82
6037920030,201.82,201.82,75.76,201.82
6037980008,201.82,201.82,90.3,201.82
6037190801,202.43,202.43,16.97,202.43
6037231220,202.43,202.43,23.03,202.43
6037294120,202.43,202.43,27.88,202.43
6037403406,202.43,202.43,31.52,202.43
6037405102,202.43,202.43,32.12,202.43
6037532102,202.43,202.43,40.61,202.43
6037533806,202.43,202.43,41.21,202.43
6037554405,202.43,202.43,46.67,202.43
6037119201,203.04,203.04,7.27,203.04
6037125320,203.04,203.04,10.3,203.04
6037219700,203.04,203.04,21.82,203.04
6037401001,203.04,203.04,30.3,203.04
6037406800,203.04,203.04,32.12,203.04
6037603200,203.04,203.04,54.55,203.04
6037650800,203.04,203.04,57.58,203.04
6037117510,203.65,203.65,7.27,203.65
6037294410,203.65,203.65,27.88,203.65
6037296210,203.65,203.65,27.88,203.65
6037463601,203.65,203.65,35.76,203.65
6037185320,204.26,204.26,15.76,204.26
6037191420,204.26,204.26,16.97,204.26
6037239602,204.26,204.26,24.24,204.26
6037405001,204.26,204.26,32.12,204.26
6037535901,204.26,204.26,42.42,204.26
6037571101,204.26,204.26,48.48,204.26
6037571600,204.26,204.26,48.48,204.26
6037600304,204.26,204.26,52.12,204.26
6037601600,204.26,204.26,52.73,204.26
6037700901,204.26,204.26,60,204.26
6037980022,204.26,204.26,93.33,204.26
6037127606,204.86,204.86,10.91,204.86
6037199000,204.86,204.86,18.18,204.86
6037218600,204.86,204.86,21.82,204.86
6037265510,204.86,204.86,25.45,204.86
6037271701,204.86,204.86,26.67,204.86
6037275102,204.86,204.86,27.27,204.86
6037701802,204.86,204.86,60.61,204.86
6037920330,204.86,204.86,84.85,204.86
6037207710,205.47,205.47,19.39,205.47
6037269800,205.47,205.47,26.06,205.47
6037311100,205.47,205.47,29.7,205.47
6037311700,205.47,205.47,29.7,205.47
6037403318,205.47,205.47,30.91,205.47
6037480011,205.47,205.47,36.36,205.47
6037500404,205.47,205.47,37.58,205.47
6037531604,205.47,205.47,40,205.47
6037910606,205.47,205.47,71.52,205.47
6037203900,206.08,206.08,18.79,206.08
6037273600,206.08,206.08,27.27,206.08
6037400604,206.08,206.08,29.7,206.08
6037402801,206.08,206.08,30.91,206.08
6037602004,206.08,206.08,53.33,206.08
6037602402,206.08,206.08,53.33,206.08
6037241201,206.69,206.69,24.85,206.69
6037530700,206.69,206.69,39.39,206.69
6037221900,207.29,207.29,22.42,207.29
6037265520,207.29,207.29,25.45,207.29
6037402705,207.29,207.29,30.91,207.29
6037432801,207.29,207.29,34.55,207.29
6037482402,207.29,207.29,37.58,207.29
6037532606,207.29,207.29,40.61,207.29
6037552100,207.29,207.29,45.45,207.29
6037573002,207.29,207.29,49.7,207.29
6037602506,207.29,207.29,53.33,207.29
6037602507,207.29,207.29,53.33,207.29
6037701702,207.29,207.29,60.61,207.29
6037800202,207.29,207.29,62.42,207.29
6037901003,207.29,207.29,66.67,207.29
6037920200,207.29,207.29,81.82,207.29
6037127804,207.9,207.9,11.52,207.9
6037143100,207.9,207.9,15.15,207.9
6037212620,207.9,207.9,20.61,207.9
6037218110,207.9,207.9,21.82,207.9
6037224310,207.9,207.9,22.42,207.9
6037294610,207.9,207.9,27.88,207.9
6037404701,207.9,207.9,31.52,207.9
6037574901,207.9,207.9,50.3,207.9
6037670602,207.9,207.9,58.79,207.9
6037701601,207.9,207.9,60,207.9
6037117201,208.51,208.51,7.27,208.51
6037195902,208.51,208.51,18.18,208.51
6037213201,208.51,208.51,20.61,208.51
6037302102,208.51,208.51,29.09,208.51
6037302505,208.51,208.51,29.09,208.51
6037460600,208.51,208.51,35.15,208.51
6037464200,208.51,208.51,36.36,208.51
6037910709,208.51,208.51,72.12,208.51
6037920313,208.51,208.51,82.42,208.51
6037209104,209.12,209.12,20,209.12
6037221500,209.12,209.12,21.82,209.12
6037320000,209.12,209.12,29.7,209.12
6037405600,209.12,209.12,32.12,209.12
6037920326,209.12,209.12,83.03,209.12
6037980004,209.12,209.12,87.88,209.12
6037128802,209.73,209.73,12.12,209.73
6037208501,209.73,209.73,20,209.73
6037235202,209.73,209.73,23.64,209.73
6037311000,209.73,209.73,29.7,209.73
6037403407,209.73,209.73,31.52,209.73
6037408211,209.73,209.73,33.33,209.73
6037603704,209.73,209.73,55.15,209.73
6037572301,210.33,210.33,49.09,210.33
6037572500,210.33,210.33,49.09,210.33
6037128102,210.94,210.94,11.52,210.94
6037209103,210.94,210.94,20,210.94
6037302104,210.94,210.94,29.09,210.94
6037543201,210.94,210.94,44.24,210.94
6037128702,211.55,211.55,12.12,211.55
6037137301,211.55,211.55,13.94,211.55
6037211420,211.55,211.55,20.61,211.55
6037408141,211.55,211.55,32.73,211.55
6037910205,211.55,211.55,68.48,211.55
6037231100,212.16,212.16,23.03,212.16
6037265420,212.16,212.16,25.45,212.16
6037300800,212.16,212.16,28.48,212.16
6037461400,212.16,212.16,35.76,212.16
6037553901,212.16,212.16,46.67,212.16
6037221303,212.77,212.77,21.82,212.77
6037262601,212.77,212.77,25.45,212.77
6037276100,212.77,212.77,27.27,212.77
6037504101,212.77,212.77,39.39,212.77
6037530602,212.77,212.77,39.39,212.77
6037531201,212.77,212.77,40,212.77
6037189201,213.37,213.37,16.36,213.37
6037555104,213.37,213.37,47.88,213.37
6037227010,213.98,213.98,23.03,213.98
6037232500,213.98,213.98,23.64,213.98
6037273902,213.98,213.98,27.27,213.98
6037402703,213.98,213.98,30.91,213.98
6037577000,213.98,213.98,50.91,213.98
6037228220,214.59,214.59,23.03,214.59
6037231900,214.59,214.59,23.03,214.59
6037294200,214.59,214.59,27.88,214.59
6037502004,214.59,214.59,38.18,214.59
6037599000,214.59,214.59,51.52,214.59
6037620303,214.59,214.59,55.76,214.59
6037900602,214.59,214.59,65.45,214.59
6037901205,214.59,214.59,67.88,214.59
6037207400,215.2,215.2,19.39,215.2
6037262704,215.2,215.2,25.45,215.2
6037271100,215.2,215.2,26.67,215.2
6037462700,215.2,215.2,35.76,215.2
6037543305,215.2,215.2,44.24,215.2
6037554515,215.2,215.2,47.27,215.2
6037602003,215.2,215.2,52.73,215.2
6037701502,215.2,215.2,60,215.2
6037433304,215.81,215.81,34.55,215.81
6037502601,215.81,215.81,38.79,215.81
6037535300,215.81,215.81,41.82,215.81
6037980033,215.81,215.81,124.85,215.81
6037234902,216.41,216.41,23.64,216.41
6037242700,216.41,216.41,24.85,216.41
6037302302,216.41,216.41,29.09,216.41
6037401002,216.41,216.41,30.3,216.41
6037407001,216.41,216.41,32.12,216.41
6037430902,216.41,216.41,33.94,216.41
6037920106,216.41,216.41,78.18,216.41
6037206200,217.02,217.02,19.39,217.02
6037208903,217.02,217.02,20,217.02
6037300400,217.02,217.02,28.48,217.02
6037400207,217.02,217.02,29.7,217.02
6037408212,217.02,217.02,33.33,217.02
6037533701,217.02,217.02,41.21,217.02
6037554104,217.02,217.02,46.67,217.02
6037190700,217.63,217.63,16.97,217.63
6037239320,217.63,217.63,24.24,217.63
6037311200,217.63,217.63,29.7,217.63
6037482301,217.63,217.63,37.58,217.63
6037543602,217.63,217.63,44.24,217.63
6037555001,217.63,217.63,47.27,217.63
6037555103,217.63,217.63,47.88,217.63
6037603400,217.63,217.63,54.55,217.63
6037900102,217.63,217.63,63.64,217.63
6037920118,217.63,217.63,80.61,217.63
6037237401,218.24,218.24,24.24,218.24
6037310100,218.24,218.24,29.09,218.24
6037406901,218.24,218.24,32.12,218.24
6037554700,218.24,218.24,47.27,218.24
6037577400,218.24,218.24,51.52,218.24
6037920037,218.24,218.24,76.36,218.24
6037920043,218.24,218.24,76.97,218.24
6037262802,218.84,218.84,25.45,218.84
6037980005,218.84,218.84,88.48,218.84
6037113303,219.45,219.45,7.27,219.45
6037121802,219.45,219.45,9.09,219.45
6037408135,219.45,219.45,32.73,219.45
6037462002,219.45,219.45,35.76,219.45
6037535607,219.45,219.45,42.42,219.45
6037541604,219.45,219.45,43.03,219.45
6037600802,219.45,219.45,52.12,219.45
6037109603,220.06,220.06,5.45,220.06
6037570003,220.06,220.06,47.88,220.06
6037900609,220.06,220.06,65.45,220.06
6037430701,220.67,220.67,33.94,220.67
6037460501,220.67,220.67,35.15,220.67
6037980003,220.67,220.67,87.88,220.67
6037122000,221.28,221.28,9.09,221.28
6037183300,221.28,221.28,15.76,221.28
6037206020,221.28,221.28,19.39,221.28
6037214503,221.28,221.28,21.21,221.28
6037267300,221.28,221.28,26.06,221.28
6037602504,221.28,221.28,53.33,221.28
6037800410,221.28,221.28,63.64,221.28
6037115301,221.88,221.88,7.27,221.88
6037211803,221.88,221.88,20.61,221.88
6037239701,221.88,221.88,24.24,221.88
6037296220,221.88,221.88,27.88,221.88
6037301601,221.88,221.88,28.48,221.88
6037320100,221.88,221.88,29.7,221.88
6037600702,221.88,221.88,52.12,221.88
6037600801,221.88,221.88,52.12,221.88
6037920035,221.88,221.88,76.36,221.88
6037137504,222.49,222.49,13.94,222.49
6037481401,222.49,222.49,36.97,222.49
6037530004,222.49,222.49,39.39,222.49
6037533103,222.49,222.49,40.61,222.49
6037542000,222.49,222.49,43.64,222.49
6037576802,222.49,222.49,50.91,222.49
6037603600,222.49,222.49,54.55,222.49
6037910210,222.49,222.49,69.09,222.49
6037920116,222.49,222.49,80.61,222.49
6037113237,223.1,223.1,7.27,223.1
6037119800,223.1,223.1,7.88,223.1
6037208904,223.1,223.1,20,223.1
6037401601,223.1,223.1,30.3,223.1
6037533902,223.1,223.1,41.21,223.1
6037599100,223.1,223.1,51.52,223.1
6037132501,223.71,223.71,12.73,223.71
6037214901,223.71,223.71,21.21,223.71
6037400404,223.71,223.71,29.7,223.71
6037574902,223.71,223.71,50.3,223.71
6037621001,223.71,223.71,55.76,223.71
6037800331,223.71,223.71,63.64,223.71
6037481711,224.32,224.32,36.97,224.32
6037603801,224.32,224.32,55.15,224.32
6037650604,224.32,224.32,56.97,224.32
6037267600,224.92,224.92,26.06,224.92
6037402301,224.92,224.92,30.3,224.92
6037403500,224.92,224.92,31.52,224.92
6037576903,224.92,224.92,50.91,224.92
6037143700,225.53,225.53,15.15,225.53
6037218800,225.53,225.53,21.82,225.53
6037501803,225.53,225.53,38.18,225.53
6037531902,225.53,225.53,40,225.53
6037543905,225.53,225.53,44.85,225.53
6037102103,226.14,226.14,1,226.14
6037212800,226.14,226.14,20.61,226.14
6037406200,226.14,226.14,32.12,226.14
6037433401,226.14,226.14,34.55,226.14
6037480304,226.14,226.14,36.36,226.14
6037481202,226.14,226.14,36.97,226.14
6037530302,226.14,226.14,39.39,226.14
6037700802,226.14,226.14,60,226.14
6037911001,226.14,226.14,73.94,226.14
6037115201,226.75,226.75,7.27,226.75
6037121222,226.75,226.75,8.48,226.75
6037204910,226.75,226.75,19.39,226.75
6037264102,226.75,226.75,25.45,226.75
6037294110,226.75,226.75,27.88,226.75
6037650901,226.75,226.75,57.58,226.75
6037134424,227.36,227.36,13.33,227.36
6037191301,227.36,227.36,16.97,227.36
6037267404,227.36,227.36,26.06,227.36
6037301300,227.36,227.36,28.48,227.36
6037310202,227.36,227.36,29.09,227.36
6037980024,227.36,227.36,93.94,227.36
6037228710,227.96,227.96,23.03,227.96
6037265602,227.96,227.96,26.06,227.96
6037462302,227.96,227.96,35.76,227.96
6037480101,227.96,227.96,36.36,227.96
6037501804,227.96,227.96,38.18,227.96
6037504001,227.96,227.96,39.39,227.96
6037621004,227.96,227.96,55.76,227.96
6037404902,228.57,228.57,32.12,228.57
6037602900,228.57,228.57,53.94,228.57
6037670002,228.57,228.57,58.18,228.57
6037910602,228.57,228.57,70.91,228.57
6037238400,229.18,229.18,24.24,229.18
6037406702,229.18,229.18,32.12,229.18
6037534804,229.18,229.18,41.82,229.18
6037576301,229.18,229.18,50.91,229.18
6037132700,229.79,229.79,12.73,229.79
6037301900,229.79,229.79,29.09,229.79
6037432901,229.79,229.79,34.55,229.79
6037533602,229.79,229.79,41.21,229.79
6037602508,229.79,229.79,53.94,229.79
6037650605,229.79,229.79,56.97,229.79
6037920032,229.79,229.79,75.76,229.79
6037124000,230.4,230.4,10.3,230.4
6037189101,230.4,230.4,16.36,230.4
6037218900,230.4,230.4,21.82,230.4
6037431700,230.4,230.4,34.55,230.4
6037481712,230.4,230.4,36.97,230.4
6037570601,230.4,230.4,48.48,230.4
6037575202,230.4,230.4,50.3,230.4
6037111302,231,231,7.27,231
6037430801,231,231,33.94,231
6037432500,231,231,34.55,231
6037555202,231,231,47.88,231
6037574100,231,231,50.3,231
6037900900,231,231,66.67,231
6037240700,231.61,231.61,24.85,231.61
6037302504,231.61,231.61,29.09,231.61
6037461700,231.61,231.61,35.76,231.61
6037573401,231.61,231.61,49.7,231.61
6037702202,231.61,231.61,60.61,231.61
6037132300,232.22,232.22,12.73,232.22
6037541500,232.22,232.22,43.03,232.22
6037553802,232.22,232.22,46.67,232.22
6037570501,232.22,232.22,47.88,232.22
6037573402,232.83,232.83,49.7,232.83
6037702802,232.83,232.83,61.21,232.83
6037910805,232.83,232.83,72.73,232.83
6037920334,232.83,232.83,85.45,232.83
6037208401,233.43,233.43,20,233.43
6037224420,233.43,233.43,22.42,233.43
6037577200,233.43,233.43,51.52,233.43
6037106604,234.04,234.04,1.82,234.04
6037209401,234.04,234.04,20,234.04
6037221601,234.04,234.04,21.82,234.04
6037269300,234.04,234.04,26.06,234.04
6037533703,234.04,234.04,41.21,234.04
6037570303,234.04,234.04,47.88,234.04
6037577603,234.04,234.04,51.52,234.04
6037601002,234.04,234.04,52.73,234.04
6037535101,234.65,234.65,41.82,234.65
6037602404,234.65,234.65,53.33,234.65
6037534700,235.26,235.26,41.82,235.26
6037551600,235.26,235.26,45.45,235.26
6037127400,235.87,235.87,10.91,235.87
6037207501,235.87,235.87,19.39,235.87
6037535001,235.87,235.87,41.82,235.87
6037553502,235.87,235.87,46.67,235.87
6037701501,235.87,235.87,60,235.87
6037980013,235.87,235.87,90.3,235.87
6037108202,236.47,236.47,4.85,236.47
6037311802,236.47,236.47,29.7,236.47
6037550300,236.47,236.47,44.85,236.47
6037553702,236.47,236.47,46.67,236.47
6037576904,236.47,236.47,50.91,236.47
6037980025,236.47,236.47,93.94,236.47
6037125402,237.08,237.08,10.3,237.08
6037211120,237.08,237.08,20,237.08
6037224600,237.08,237.08,22.42,237.08
6037294830,237.08,237.08,27.88,237.08
6037603102,237.08,237.08,54.55,237.08
6037910813,237.08,237.08,73.94,237.08
6037980018,237.08,237.08,91.52,237.08
6037980030,237.08,237.08,106.06,237.08
6037702803,237.69,237.69,61.82,237.69
6037920331,237.69,237.69,85.45,237.69
6037980006,237.69,237.69,88.48,237.69
6037119310,238.3,238.3,7.27,238.3
6037241002,238.3,238.3,24.85,238.3
6037403303,238.91,238.91,30.91,238.91
6037550202,238.91,238.91,44.85,238.91
6037242600,239.51,239.51,24.85,239.51
6037533001,239.51,239.51,40.61,239.51
6037551300,239.51,239.51,45.45,239.51
6037552400,239.51,239.51,46.06,239.51
6037405500,240.12,240.12,32.12,240.12
6037531302,240.12,240.12,40,240.12
6037532001,240.12,240.12,40,240.12
6037408401,240.73,240.73,33.33,240.73
6037482702,240.73,240.73,37.58,240.73
6037554517,240.73,240.73,47.27,240.73
6037123205,241.34,241.34,9.7,241.34
6037401800,241.34,241.34,30.3,241.34
6037571701,241.34,241.34,48.48,241.34
6037572600,241.34,241.34,49.09,241.34
6037670702,241.34,241.34,58.79,241.34
6037901209,241.34,241.34,67.88,241.34
6037228320,241.95,241.95,23.03,241.95
6037602600,241.95,241.95,53.94,241.95
6037650702,241.95,241.95,56.97,241.95
6037229200,242.55,242.55,23.03,242.55
6037269100,242.55,242.55,26.06,242.55
6037403323,242.55,242.55,30.91,242.55
6037432202,242.55,242.55,34.55,242.55
6037464100,242.55,242.55,36.36,242.55
6037542200,242.55,242.55,43.64,242.55
6037574601,242.55,242.55,50.3,242.55
6037980026,242.55,242.55,95.76,242.55
6037297000,243.16,243.16,28.48,243.16
6037404501,243.16,243.16,31.52,243.16
6037574700,243.16,243.16,50.3,243.16
6037620301,243.16,243.16,55.15,243.16
6037134002,243.77,243.77,12.73,243.77
6037243000,243.77,243.77,24.85,243.77
6037534201,243.77,243.77,41.82,243.77
6037576502,243.77,243.77,50.91,243.77
6037910206,243.77,243.77,68.48,243.77
6037239310,244.38,244.38,24.24,244.38
6037430400,244.38,244.38,33.94,244.38
6037482304,244.38,244.38,37.58,244.38
6037702300,244.38,244.38,60.61,244.38
6037800330,244.38,244.38,63.64,244.38
6037980020,244.98,244.98,92.73,244.98
6037237710,245.59,245.59,24.24,245.59
6037540501,245.59,245.59,43.03,245.59
6037123520,246.2,246.2,9.7,246.2
6037500403,246.2,246.2,37.58,246.2
6037433102,246.81,246.81,34.55,246.81
6037577501,246.81,246.81,51.52,246.81
6037119341,247.42,247.42,7.27,247.42
6037131701,247.42,247.42,12.12,247.42
6037222600,247.42,247.42,22.42,247.42
6037405203,247.42,247.42,32.12,247.42
6037910209,247.42,247.42,69.09,247.42
6037124204,248.02,248.02,10.3,248.02
6037480102,248.02,248.02,36.36,248.02
6037481002,248.02,248.02,36.97,248.02
6037602002,248.02,248.02,52.73,248.02
6037910208,248.02,248.02,69.09,248.02
6037267100,248.63,248.63,26.06,248.63
6037800329,248.63,248.63,63.64,248.63
6037402803,249.24,249.24,30.91,249.24
6037572800,249.24,249.24,49.09,249.24
6037620702,249.24,249.24,55.76,249.24
6037212702,249.85,249.85,20.61,249.85
6037264302,249.85,249.85,25.45,249.85
6037271901,249.85,249.85,26.67,249.85
6037502602,249.85,249.85,38.79,249.85
6037571400,249.85,249.85,48.48,249.85
6037576601,249.85,249.85,50.91,249.85
6037900607,249.85,249.85,65.45,249.85
6037900704,249.85,249.85,65.45,249.85
6037910402,249.85,249.85,69.7,249.85
6037119001,250.46,250.46,7.27,250.46
6037224700,250.46,250.46,22.42,250.46
6037482522,250.46,250.46,37.58,250.46
6037500100,250.46,250.46,37.58,250.46
6037228500,251.06,251.06,23.03,251.06
6037261200,251.06,251.06,25.45,251.06
6037296902,251.06,251.06,27.88,251.06
6037620102,251.06,251.06,55.15,251.06
6037139001,251.67,251.67,13.94,251.67
6037201602,251.67,251.67,18.79,251.67
6037291210,251.67,251.67,27.27,251.67
6037301701,251.67,251.67,28.48,251.67
6037430200,251.67,251.67,33.94,251.67
6037551502,251.67,251.67,45.45,251.67
6037910715,251.67,251.67,72.73,251.67
6037481201,252.28,252.28,36.97,252.28
6037481800,252.28,252.28,36.97,252.28
6037577504,252.28,252.28,51.52,252.28
6037910804,252.28,252.28,72.73,252.28
6037403305,252.89,252.89,30.91,252.89
6037431200,252.89,252.89,33.94,252.89
6037536104,252.89,252.89,42.42,252.89
6037222001,253.5,253.5,22.42,253.5
6037980019,253.5,253.5,92.12,253.5
6037207103,254.1,254.1,19.39,254.1
6037406500,254.1,254.1,32.12,254.1
6037570203,254.1,254.1,47.88,254.1
6037570602,254.1,254.1,48.48,254.1
6037650502,254.1,254.1,56.97,254.1
6037920109,254.1,254.1,79.39,254.1
6037980010,254.1,254.1,90.3,254.1
6037123010,254.71,254.71,9.09,254.71
6037463300,254.71,254.71,35.76,254.71
6037500700,254.71,254.71,37.58,254.71
6037533603,254.71,254.71,41.21,254.71
6037571800,254.71,254.71,49.09,254.71
6037900806,254.71,254.71,66.06,254.71
6037403404,255.32,255.32,31.52,255.32
6037543306,255.32,255.32,44.24,255.32
6037554518,255.32,255.32,47.27,255.32
6037574602,255.32,255.32,50.3,255.32
6037577602,255.32,255.32,51.52,255.32
6037910504,255.93,255.93,70.3,255.93
6037231600,256.53,256.53,23.03,256.53
6037543202,256.53,256.53,44.24,256.53
6037621102,256.53,256.53,55.76,256.53
6037115202,257.14,257.14,7.27,257.14
6037228100,257.14,257.14,23.03,257.14
6037228410,257.14,257.14,23.03,257.14
6037241400,257.14,257.14,24.85,257.14
6037273800,257.14,257.14,27.27,257.14
6037403200,257.14,257.14,30.91,257.14
6037125100,257.75,257.75,10.3,257.75
6037541603,257.75,257.75,43.03,257.75
6037186100,258.36,258.36,15.76,258.36
6037403325,258.36,258.36,30.91,258.36
6037407601,258.36,258.36,32.73,258.36
6037482401,258.36,258.36,37.58,258.36
6037534900,258.36,258.36,41.82,258.36
6037600911,258.36,258.36,52.73,258.36
6037901101,258.36,258.36,67.27,258.36
6037910505,258.36,258.36,70.91,258.36
6037141201,258.97,258.97,14.55,258.97
6037401201,258.97,258.97,30.3,258.97
6037540902,258.97,258.97,43.03,258.97
6037139402,259.57,259.57,14.55,259.57
6037189300,260.18,260.18,16.36,260.18
6037211202,260.18,260.18,20,260.18
6037296600,260.18,260.18,27.88,260.18
6037550602,260.18,260.18,44.85,260.18
6037980021,260.79,260.79,93.33,260.79
6037190402,261.4,261.4,16.97,261.4
6037228210,261.4,261.4,23.03,261.4
6037702201,261.4,261.4,60.61,261.4
6037531901,262.61,262.61,40,262.61
6037571703,262.61,262.61,48.48,262.61
6037602302,262.61,262.61,53.33,262.61
6037650902,262.61,262.61,57.58,262.61
6037702102,262.61,262.61,60.61,262.61
6037901004,262.61,262.61,66.67,262.61
6037191000,263.22,263.22,16.97,263.22
6037573300,263.83,263.83,49.7,263.83
6037910502,263.83,263.83,70.3,263.83
6037213402,264.44,264.44,20.61,264.44
6037530500,264.44,264.44,39.39,264.44
6037570701,264.44,264.44,48.48,264.44
6037124902,265.05,265.05,10.3,265.05
6037207102,265.05,265.05,19.39,265.05
6037209102,265.05,265.05,20,265.05
6037910002,265.05,265.05,68.48,265.05
6037276000,265.65,265.65,27.27,265.65
6037294421,265.65,265.65,27.88,265.65
6037481001,265.65,265.65,36.97,265.65
6037117102,266.26,266.26,7.27,266.26
6037127605,266.26,266.26,10.91,266.26
6037212305,266.26,266.26,20.61,266.26
6037503601,266.26,266.26,38.79,266.26
6037800102,266.26,266.26,62.42,266.26
6037701302,266.87,266.87,60,266.87
6037532603,267.48,267.48,40.61,267.48
6037980023,267.48,267.48,93.94,267.48
6037195710,268.09,268.09,17.58,268.09
6037408133,268.09,268.09,32.73,268.09
6037208502,268.69,268.69,20,268.69
6037221210,268.69,268.69,21.82,268.69
6037408705,268.69,268.69,33.33,268.69
6037552200,268.69,268.69,45.45,268.69
6037703001,268.69,268.69,61.82,268.69
6037900504,268.69,268.69,64.85,268.69
6037265601,269.3,269.3,25.45,269.3
6037503202,269.91,269.91,38.79,269.91
6037530301,269.91,269.91,39.39,269.91
6037601502,269.91,269.91,52.73,269.91
6037265303,270.52,270.52,25.45,270.52
6037603006,270.52,270.52,54.55,270.52
6037213401,271.12,271.12,20.61,271.12
6037543601,271.12,271.12,44.24,271.12
6037602802,271.12,271.12,53.94,271.12
6037206010,271.73,271.73,19.39,271.73
6037463602,271.73,271.73,35.76,271.73
6037464000,271.73,271.73,36.36,271.73
6037120010,272.34,272.34,7.88,272.34
6037405400,272.34,272.34,32.12,272.34
6037430600,272.95,272.95,33.94,272.95
6037430721,272.95,272.95,33.94,272.95
6037703002,272.95,272.95,61.82,272.95
6037910808,272.95,272.95,73.33,272.95
6037132002,273.56,273.56,12.12,273.56
6037501501,273.56,273.56,38.18,273.56
6037573902,273.56,273.56,49.7,273.56
6037141302,274.16,274.16,14.55,274.16
6037554511,274.16,274.16,46.67,274.16
6037920039,274.16,274.16,76.36,274.16
6037113321,274.77,274.77,7.27,274.77
6037212900,274.77,274.77,20.61,274.77
6037433802,275.38,275.38,35.15,275.38
6037461100,275.99,275.99,35.15,275.99
6037700600,275.99,275.99,59.39,275.99
6037242300,276.6,276.6,24.85,276.6
6037910501,276.6,276.6,70.3,276.6
6037910605,276.6,276.6,70.91,276.6
6037297500,277.2,277.2,28.48,277.2
6037430101,277.2,277.2,33.94,277.2
6037460200,277.2,277.2,35.15,277.2
6037123510,277.81,277.81,9.7,277.81
6037221401,277.81,277.81,21.82,277.81
6037920038,278.42,278.42,76.36,278.42
6037920303,278.42,278.42,81.82,278.42
6037400603,280.24,280.24,29.7,280.24
6037700400,280.24,280.24,59.39,280.24
6037621204,280.85,280.85,56.36,280.85
6037310702,281.46,281.46,29.7,281.46
6037501503,282.07,282.07,38.18,282.07
6037113401,282.67,282.67,7.27,282.67
6037461600,282.67,282.67,35.76,282.67
6037533107,282.67,282.67,40.61,282.67
6037603802,282.67,282.67,55.15,282.67
6037234501,283.28,283.28,23.64,283.28
6037575500,283.28,283.28,50.3,283.28
6037920312,283.28,283.28,81.82,283.28
6037920110,283.89,283.89,79.39,283.89
6037103300,284.5,284.5,1,284.5
6037408625,285.11,285.11,33.33,285.11
6037502902,285.11,285.11,38.79,285.11
6037551800,285.11,285.11,45.45,285.11
6037108103,285.71,285.71,4.85,285.71
6037602509,285.71,285.71,53.94,285.71
6037535702,286.93,286.93,42.42,286.93
6037209810,287.54,287.54,20,287.54
6037239802,287.54,287.54,24.24,287.54
6037534501,287.54,287.54,41.82,287.54
6037541802,288.75,288.75,43.64,288.75
6037621104,288.75,288.75,56.36,288.75
6037620101,290.58,290.58,55.15,290.58
6037134304,291.19,291.19,12.73,291.19
6037214400,291.19,291.19,21.21,291.19
6037531504,291.19,291.19,40,291.19
6037218701,291.79,291.79,21.82,291.79
6037532605,291.79,291.79,40.61,291.79
6037295103,292.4,292.4,27.88,292.4
6037430301,292.4,292.4,33.94,292.4
6037701602,292.4,292.4,60,292.4
6037501300,293.01,293.01,38.18,293.01
6037543321,293.62,293.62,44.24,293.62
6037573601,293.62,293.62,49.7,293.62
6037920045,293.62,293.62,78.18,293.62
6037269601,294.83,294.83,26.06,294.83
6037601900,294.83,294.83,52.73,294.83
6037620400,294.83,294.83,55.76,294.83
6037400501,295.44,295.44,29.7,295.44
6037403304,295.44,295.44,30.91,295.44
6037405202,295.44,295.44,32.12,295.44
6037930301,295.44,295.44,86.67,295.44
6037575300,296.05,296.05,50.3,296.05
6037920036,296.05,296.05,76.36,296.05
6037481101,296.66,296.66,36.97,296.66
6037502801,296.66,296.66,38.79,296.66
6037143500,297.26,297.26,15.15,297.26
6037221220,297.26,297.26,21.82,297.26
6037241300,297.87,297.87,24.85,297.87
6037554406,297.87,297.87,46.67,297.87
6037554514,297.87,297.87,47.27,297.87
6037540700,300.3,300.3,43.03,300.3
6037214600,301.52,301.52,21.21,301.52
6037920107,305.17,305.17,78.79,305.17
6037208802,307.6,307.6,20,307.6
6037571900,307.6,307.6,49.09,307.6
6037237101,308.21,308.21,24.24,308.21
6037570902,309.42,309.42,48.48,309.42
6037430803,310.03,310.03,33.94,310.03
6037620800,310.64,310.64,55.76,310.64
6037239502,311.25,311.25,24.24,311.25
6037543400,312.46,312.46,44.24,312.46
6037104320,314.29,314.29,1,314.29
6037222500,314.89,314.89,22.42,314.89
6037532304,314.89,314.89,40.61,314.89
6037402702,315.5,315.5,30.91,315.5
6037265304,317.93,317.93,25.45,317.93
6037602403,319.76,319.76,53.33,319.76
6037535102,320.36,320.36,41.82,320.36
6037143300,321.58,321.58,15.15,321.58
6037400302,324.01,324.01,29.7,324.01
6037901007,324.01,324.01,66.67,324.01
6037542502,324.62,324.62,43.64,324.62
6037543802,325.23,325.23,44.85,325.23
6037602200,325.23,325.23,53.33,325.23
6037269904,325.84,325.84,26.06,325.84
6037211804,326.44,326.44,20.61,326.44
6037463102,329.48,329.48,35.76,329.48
6037125600,330.7,330.7,10.91,330.7
6037900701,331.91,331.91,65.45,331.91
6037195903,332.52,332.52,18.18,332.52
6037600302,332.52,332.52,52.12,332.52
6037700502,334.35,334.35,59.39,334.35
6037576402,342.25,342.25,50.91,342.25
6037240300,342.86,342.86,24.85,342.86
6037670411,342.86,342.86,58.79,342.86
6037990300,342.86,342.86,162.42,342.86
6037103200,343.47,343.47,1,343.47
6037531603,343.47,343.47,40,343.47
6037700801,345.29,345.29,60,345.29
6037900300,345.9,345.9,64.24,345.9
6037191500,347.11,347.11,16.97,347.11
6037102104,351.37,351.37,1,351.37
6037460100,352.58,352.58,35.15,352.58
6037990100,353.19,353.19,128.48,353.19
6037544002,353.8,353.8,44.85,353.8
6037572002,353.8,353.8,49.09,353.8
6037534001,354.41,354.41,41.82,354.41
6037503106,355.02,355.02,38.79,355.02
6037620602,356.84,356.84,55.76,356.84
6037401102,363.53,363.53,30.3,363.53
6037910706,363.53,363.53,71.52,363.53
6037123800,366.57,366.57,9.7,366.57
6037920040,366.57,366.57,76.36,366.57
6037920115,370.21,370.21,80.61,370.21
6037542105,370.82,370.82,43.64,370.82
6037901210,371.43,371.43,68.48,371.43
6037990200,372.04,372.04,139.39,372.04
6037139200,372.64,372.64,13.94,372.64
6037910201,376.29,376.29,68.48,376.29
6037800327,378.12,378.12,63.03,378.12
6037503701,379.33,379.33,38.79,379.33
6037573003,379.94,379.94,49.7,379.94
6037551501,389.67,389.67,45.45,389.67
6037920336,400,400,86.06,400
6037980028,417.02,417.02,97.58,417.02
6037670202,448.63,448.63,58.18,448.63
6037920328,489.36,489.36,83.64,489.36
6037532604,569,569,40.61,569
6037540000,661.4,661.4,42.42,661.4