GEO_id2,Veteran_MOE
6037101110,0
6037101122,0
6037101210,0
6037101220,0
6037101300,0
6037101400,0
6037102103,0
6037102104,0
6037102105,0
6037102107,0
6037103101,0
6037103102,0
6037103200,0
6037103300,0
6037103400,0
6037104103,0
6037104105,0
6037104108,0
6037104124,0
6037104201,0
6037104203,0
6037104204,0
6037104310,0
6037104320,0
6037104401,0
6037104403,0
6037104404,0
6037104500,0
6037104610,0
6037104620,0
6037104701,0
6037104703,0
6037104704,0
6037104810,0
6037104821,0
6037104822,0
6037106010,0
6037106020,0
6037106111,0
6037106112,0
6037106113,0
6037106114,0
6037106403,0
6037106405,0
6037106406,0
6037106407,0
6037106408,0
6037106510,0
6037106520,0
6037106603,0
6037106604,44
6037106641,39
6037106642,34
6037106643,39
6037106645,40
6037106646,46
6037106648,69
6037106649,69
6037107010,69
6037107020,69
6037108101,212
6037108102,36
6037108103,38
6037108104,39
6037108201,47
6037108202,51
6037109100,70
6037109200,84
6037109300,206
6037109400,17
6037109500,33
6037109601,56
6037109603,58
6037109604,70
6037109700,70
6037109800,72
6037111100,77
6037111201,39
6037111202,42
6037111204,87
6037111205,155
6037111206,17
6037111301,18
6037111302,30
6037111400,31
6037113101,32
6037113102,34
6037113211,35
6037113212,68
6037113213,69
6037113231,69
6037113232,70
6037113233,71
6037113234,24
6037113235,30
6037113237,35
6037113301,40
6037113303,42
6037113321,58
6037113322,58
6037113401,71
6037113421,78
6037113422,83
6037115101,175
6037115103,21
6037115104,33
6037115201,33
6037115202,58
6037115301,67
6037115302,67
6037115401,34
6037115403,34
6037115404,34
6037117101,36
6037117102,39
6037117201,42
6037117202,68
6037117301,69
6037117302,71
6037117303,158
6037117404,33
6037117405,34
6037117407,34
6037117408,39
6037117510,67
6037117520,69
6037117530,268
6037119001,12
6037119002,32
6037119201,32
6037119202,38
6037119310,39
6037119320,45
6037119340,67
6037119341,73
6037119342,10
6037119400,33
6037119700,38
6037119800,53
6037119900,69
6037120010,71
6037120020,73
6037120030,10
6037120103,30
6037120104,35
6037120105,41
6037120106,42
6037120107,67
6037120108,69
6037120300,70
6037120400,146
6037121010,11
6037121020,12
6037121101,18
6037121102,28
6037121210,29
6037121221,31
6037121222,38
6037121600,39
6037121801,42
6037121802,59
6037121900,67
6037122000,69
6037122120,70
6037122121,74
6037122122,121
6037122200,15
6037122410,30
6037122420,36
6037123010,42
6037123020,44
6037123103,52
6037123104,69
6037123203,70
6037123204,71
6037123205,74
6037123206,12
6037123301,16
6037123303,30
6037123304,35
6037123410,36
6037123420,39
6037123510,39
6037123520,40
6037123601,42
6037123602,47
6037123700,59
6037123800,73
6037123901,84
6037123902,28
6037124000,30
6037124102,33
6037124103,41
6037124104,42
6037124105,69
6037124201,69
6037124203,70
6037124204,72
6037124300,73
6037124400,78
6037124500,16
6037124600,24
6037124700,28
6037124902,33
6037124903,42
6037125100,59
6037125200,69
6037125310,28
6037125320,30
6037125401,33
6037125402,35
6037125501,40
6037125502,42
6037125600,67
6037127102,69
6037127103,70
6037127104,71
6037127210,71
6037127220,24
6037127300,33
6037127400,33
6037127520,34
6037127603,35
6037127604,36
6037127605,42
6037127606,60
6037127711,62
6037127712,70
6037127803,11
6037127804,17
6037127805,32
6037127806,34
6037127910,39
6037127920,69
6037128101,72
6037128102,72
6037128210,78
6037128220,12
6037128302,17
6037128303,31
6037128400,34
6037128500,39
6037128601,39
6037128602,40
6037128702,43
6037128801,67
6037128802,67
6037128910,71
6037131010,83
6037131020,89
6037131100,29
6037131200,35
6037131300,59
6037131400,67
6037131600,68
6037131701,88
6037131702,16
6037131800,19
6037131900,28
6037132001,28
6037132002,29
6037132101,30
6037132102,34
6037132300,38
6037132501,39
6037132502,42
6037132700,42
6037132900,53
6037133000,69
6037133100,70
6037134001,70
6037134002,70
6037134101,105
6037134103,17
6037134104,29
6037134201,34
6037134302,35
6037134303,38
6037134304,44
6037134305,45
6037134306,46
6037134421,58
6037134422,59
6037134423,62
6037134424,67
6037134520,69
6037134521,72
6037134522,108
6037134710,19
6037134720,32
6037134800,33
6037134901,35
6037134903,35
6037134904,36
6037134905,39
6037135102,41
6037135111,59
6037135113,69
6037135114,70
6037135201,78
6037135202,127
6037135203,16
6037137000,34
6037137103,46
6037137104,49
6037137201,49
6037137301,67
6037137302,68
6037137401,28
6037137402,33
6037137501,36
6037137502,36
6037137504,37
6037138000,40
6037139001,40
6037139200,44
6037139301,44
6037139302,53
6037139303,63
6037139401,69
6037139402,70
6037139502,71
6037139503,80
6037139504,84
6037139600,18
6037139701,28
6037139702,29
6037139703,36
6037139801,38
6037139802,38
6037141101,39
6037141102,41
6037141201,43
6037141202,46
6037141302,49
6037141303,87
6037141304,118
6037141400,20
6037141500,29
6037141600,39
6037141700,39
6037143100,49
6037143200,53
6037143300,63
6037143400,67
6037143500,70
6037143602,70
6037143603,12
6037143604,18
6037143700,36
6037143800,37
6037143901,38
6037143902,49
6037181000,70
6037181300,70
6037181400,71
6037181500,73
6037181600,81
6037183101,89
6037183103,11
6037183104,28
6037183220,32
6037183221,33
6037183222,34
6037183300,34
6037183401,34
6037183402,41
6037183510,44
6037183520,63
6037183610,68
6037183620,70
6037183701,89
6037183702,10
6037183810,14
6037183820,15
6037185100,21
6037185202,31
6037185203,31
6037185204,34
6037185310,35
6037185320,36
6037186100,37
6037186201,38
6037186202,39
6037186203,40
6037186301,42
6037186302,45
6037186401,47
6037186403,49
6037186404,49
6037187101,52
6037187102,71
6037187200,85
6037187300,108
6037188100,182
6037188201,21
6037188202,31
6037188300,32
6037189101,33
6037189102,35
6037189201,35
6037189202,36
6037189300,38
6037189400,39
6037189500,44
6037189600,50
6037189701,68
6037189702,11
6037189800,12
6037189902,17
6037189903,17
6037189904,19
6037189905,19
6037190100,24
6037190201,28
6037190202,29
6037190301,34
6037190401,35
6037190402,42
6037190510,56
6037190520,64
6037190700,69
6037190801,70
6037190802,78
6037190901,81
6037190902,84
6037191000,89
6037191110,28
6037191120,28
6037191201,29
6037191203,31
6037191204,32
6037191301,33
6037191302,34
6037191410,35
6037191420,36
6037191500,43
6037191610,47
6037191620,53
6037191710,53
6037191720,59
6037191810,67
6037191820,69
6037191901,71
6037191902,126
6037192001,16
6037192002,20
6037192300,38
6037192410,52
6037192420,73
6037192510,73
6037192520,80
6037192610,89
6037192620,109
6037192700,18
6037194101,34
6037194102,52
6037194200,60
6037194300,88
6037194401,16
6037194402,27
6037194500,31
6037195100,33
6037195201,34
6037195202,36
6037195300,36
6037195400,42
6037195500,45
6037195600,59
6037195710,59
6037195720,67
6037195802,73
6037195803,28
6037195804,32
6037195901,38
6037195902,38
6037195903,44
6037197200,47
6037197300,47
6037197410,49
6037197420,58
6037197500,67
6037197600,73
6037197700,79
6037199000,40
6037199110,47
6037199120,67
6037199201,70
6037199202,82
6037199300,124
6037199400,161
6037199700,15
6037199800,18
6037199900,18
6037201110,19
6037201120,20
6037201200,22
6037201301,22
6037201302,30
6037201401,30
6037201402,33
6037201501,36
6037201503,38
6037201504,45
6037201601,49
6037201602,62
6037201700,21
6037203100,30
6037203200,31
6037203300,34
6037203500,35
6037203600,38
6037203710,41
6037203720,41
6037203800,42
6037203900,47
6037204110,52
6037204120,54
6037204200,33
6037204300,35
6037204410,38
6037204420,39
6037204600,42
6037204700,52
6037204810,64
6037204820,65
6037204910,71
6037204920,93
6037205110,33
6037205120,36
6037206010,42
6037206020,73
6037206031,130
6037206032,12
6037206050,25
6037206200,39
6037206300,46
6037207101,53
6037207102,56
6037207103,57
6037207301,59
6037207302,60
6037207400,72
6037207501,73
6037207502,130
6037207710,9
6037207900,12
6037208000,21
6037208301,21
6037208302,27
6037208401,31
6037208402,32
6037208501,33
6037208502,37
6037208610,49
6037208620,62
6037208710,78
6037208720,13
6037208801,29
6037208802,30
6037208902,32
6037208903,38
6037208904,48
6037209102,52
6037209103,53
6037209104,54
6037209200,57
6037209300,64
6037209401,72
6037209402,77
6037209403,99
6037209510,18
6037209520,21
6037209810,32
6037209820,34
6037210010,35
6037211000,39
6037211120,43
6037211121,49
6037211122,51
6037211201,53
6037211202,59
6037211310,62
6037211320,62
6037211410,65
6037211420,71
6037211500,75
6037211701,91
6037211703,91
6037211704,15
6037211802,17
6037211803,21
6037211804,34
6037211910,36
6037211921,39
6037211922,42
6037212101,43
6037212102,45
6037212202,45
6037212203,47
6037212204,49
6037212303,49
6037212304,49
6037212305,71
6037212306,87
6037212410,17
6037212420,17
6037212501,18
6037212502,21
6037212610,26
6037212620,30
6037212701,31
6037212702,32
6037212800,41
6037212900,42
6037213100,44
6037213201,44
6037213202,60
6037213310,62
6037213320,65
6037213401,67
6037213402,85
6037214000,88
6037214100,28
6037214400,29
6037214501,34
6037214502,36
6037214503,38
6037214600,43
6037214700,44
6037214800,44
6037214901,47
6037214902,56
6037215101,58
6037215102,62
6037216100,63
6037216200,71
6037216300,91
6037216401,16
6037216402,20
6037216700,22
6037216800,22
6037216900,33
6037217001,33
6037217002,34
6037217100,40
6037217200,51
6037218110,71
6037218120,75
6037218210,78
6037218220,145
6037218300,18
6037218400,32
6037218500,42
6037218600,48
6037218701,58
6037218702,63
6037218800,67
6037218900,67
6037219010,68
6037219020,72
6037219300,83
6037219500,84
6037219700,92
6037219800,94
6037219901,18
6037219902,19
6037220000,28
6037220100,32
6037221110,32
6037221120,36
6037221210,38
6037221220,40
6037221302,49
6037221303,50
6037221304,55
6037221401,56
6037221402,61
6037221500,72
6037221601,74
6037221602,76
6037221710,78
6037221810,29
6037221820,34
6037221900,35
6037222001,38
6037222002,47
6037222100,53
6037222200,59
6037222500,62
6037222600,67
6037222700,76
6037224010,18
6037224020,29
6037224200,33
6037224310,40
6037224320,42
6037224410,47
6037224420,80
6037224600,154
6037224700,20
6037226001,20
6037226002,29
6037226410,30
6037226420,30
6037226700,33
6037227010,36
6037227020,38
6037228100,42
6037228210,47
6037228220,49
6037228310,53
6037228320,64
6037228410,70
6037228420,87
6037228500,6
6037228600,14
6037228710,16
6037228720,17
6037228800,21
6037228900,29
6037229100,36
6037229200,39
6037229300,45
6037229410,46
6037229420,46
6037231100,49
6037231210,58
6037231220,62
6037231300,68
6037231400,68
6037231500,72
6037231600,76
6037231710,94
6037231720,15
6037231800,26
6037231900,29
6037232110,43
6037232120,45
6037232200,59
6037232300,70
6037232400,70
6037232500,77
6037232600,89
6037232700,109
6037232800,127
6037234000,16
6037234200,20
6037234300,26
6037234501,34
6037234502,37
6037234600,53
6037234700,53
6037234800,55
6037234901,60
6037234902,62
6037235100,63
6037235201,65
6037235202,66
6037236000,67
6037236100,69
6037236202,77
6037236203,83
6037236204,84
6037236400,86
6037237101,11
6037237102,26
6037237201,29
6037237202,36
6037237300,42
6037237401,44
6037237402,49
6037237500,53
6037237600,58
6037237710,58
6037237720,61
6037237800,79
6037237900,84
6037238000,101
6037238100,133
6037238200,28
6037238310,36
6037238320,37
6037238400,43
6037239201,45
6037239202,57
6037239310,65
6037239320,78
6037239330,20
6037239501,27
6037239502,31
6037239601,36
6037239602,36
6037239701,41
6037239702,43
6037239801,47
6037239802,56
6037240010,67
6037240020,83
6037240200,91
6037240300,13
6037240401,15
6037240402,18
6037240500,21
6037240600,36
6037240700,37
6037240800,45
6037240900,45
6037241001,55
6037241002,60
6037241110,68
6037241120,71
6037241201,12
6037241202,28
6037241300,31
6037241400,40
6037242000,45
6037242100,49
6037242200,53
6037242300,62
6037242600,67
6037242700,68
6037243000,75
6037243100,76
6037261101,82
6037261102,90
6037261200,9
6037262100,15
6037262200,45
6037262301,45
6037262302,54
6037262303,64
6037262400,67
6037262501,67
6037262601,73
6037262604,80
6037262704,85
6037262706,20
6037262802,30
6037264000,33
6037264102,33
6037264103,34
6037264301,58
6037264302,58
6037265100,65
6037265201,31
6037265202,33
6037265301,33
6037265303,34
6037265304,36
6037265305,38
6037265410,40
6037265420,52
6037265510,56
6037265520,59
6037265601,64
6037265602,78
6037265700,90
6037267100,91
6037267200,142
6037267300,9
6037267402,17
6037267403,21
6037267404,25
6037267501,26
6037267502,27
6037267600,54
6037267700,55
6037267800,57
6037267901,69
6037267902,75
6037269000,8
6037269100,21
6037269300,39
6037269500,55
6037269601,58
6037269602,61
6037269700,80
6037269800,83
6037269903,85
6037269904,10
6037269905,12
6037269906,18
6037269907,21
6037270100,28
6037270200,29
6037270300,29
6037271100,42
6037271200,47
6037271300,60
6037271400,79
6037271500,83
6037271600,84
6037271701,85
6037271702,86
6037271801,98
6037271802,149
6037271901,154
6037271902,19
6037272100,28
6037272201,32
6037272202,35
6037272301,37
6037272302,38
6037273100,49
6037273200,49
6037273300,60
6037273402,65
6037273502,77
6037273600,80
6037273700,83
6037273800,102
6037273902,122
6037274100,29
6037274202,32
6037275101,36
6037275102,47
6037275200,51
6037275302,53
6037275311,54
6037275400,55
6037275500,56
6037275602,62
6037275603,62
6037276000,63
6037276100,78
6037276400,12
6037276500,24
6037276601,25
6037276603,25
6037276604,31
6037277000,47
6037277100,52
6037277200,55
6037277400,57
6037278001,62
6037278102,69
6037291110,83
6037291120,83
6037291130,119
6037291210,25
6037291220,28
6037291300,32
6037292000,32
6037293201,34
6037293202,36
6037293301,45
6037293302,62
6037293304,75
6037293306,93
6037293307,19
6037294110,24
6037294120,29
6037294200,31
6037294301,36
6037294302,45
6037294410,47
6037294421,60
6037294510,63
6037294520,67
6037294610,72
6037294620,12
6037294701,17
6037294810,21
6037294820,24
6037294830,29
6037294900,49
6037295103,53
6037296210,54
6037296220,64
6037296300,67
6037296401,141
6037296402,27
6037296500,29
6037296600,29
6037296901,36
6037296902,40
6037297000,45
6037297110,47
6037297120,52
6037297201,74
6037297202,78
6037297300,84
6037297400,13
6037297500,19
6037297601,22
6037297602,29
6037300100,31
6037300200,34
6037300301,43
6037300400,52
6037300501,52
6037300502,67
6037300600,83
6037300701,26
6037300702,32
6037300800,47
6037300901,52
6037300902,56
6037301000,63
6037301100,75
6037301203,103
6037301204,105
6037301205,109
6037301206,21
6037301300,22
6037301400,32
6037301501,34
6037301502,41
6037301601,46
6037301602,64
6037301701,74
6037301702,75
6037301801,79
6037301802,87
6037301900,101
6037302002,122
6037302003,6
6037302004,23
6037302102,37
6037302103,38
6037302104,41
6037302201,45
6037302202,46
6037302301,55
6037302302,57
6037302401,61
6037302503,65
6037302504,73
6037302505,100
6037302506,152
6037310100,45
6037310201,45
6037310202,52
6037310300,59
6037310400,62
6037310501,77
6037310601,78
6037310602,78
6037310701,91
6037310702,104
6037310703,108
6037310800,31
6037310900,36
6037311000,40
6037311100,73
6037311200,90
6037311300,92
6037311400,124
6037311500,15
6037311600,24
6037311700,27
6037311801,28
6037311802,30
6037320000,32
6037320100,34
6037320201,35
6037320202,38
6037320300,45
6037400204,46
6037400205,51
6037400206,62
6037400207,74
6037400302,12
6037400304,21
6037400402,27
6037400403,27
6037400404,28
6037400501,31
6037400602,33
6037400603,44
6037400604,47
6037400800,55
6037400900,17
6037401001,18
6037401002,24
6037401101,27
6037401102,33
6037401201,40
6037401202,45
6037401203,57
6037401303,73
6037401304,77
6037401311,83
6037401312,87
6037401500,87
6037401601,87
6037401602,100
6037401603,230
6037401701,16
6037401703,17
6037401704,26
6037401800,37
6037401901,37
6037401902,44
6037402001,55
6037402002,60
6037402101,62
6037402102,64
6037402200,65
6037402301,69
6037402303,79
6037402304,87
6037402402,103
6037402403,13
6037402404,14
6037402405,16
6037402406,25
6037402501,28
6037402502,32
6037402600,52
6037402702,56
6037402703,62
6037402705,87
6037402706,99
6037402801,101
6037402803,123
6037402804,20
6037402902,21
6037402903,34
6037402904,36
6037403000,38
6037403200,44
6037403303,47
6037403304,51
6037403305,52
6037403312,57
6037403316,134
6037403317,12
6037403318,16
6037403319,22
6037403320,26
6037403321,26
6037403322,32
6037403323,33
6037403324,40
6037403325,45
6037403401,48
6037403402,48
6037403403,49
6037403404,53
6037403405,54
6037403406,55
6037403407,58
6037403408,58
6037403500,67
6037403600,74
6037403702,82
6037403703,30
6037403721,37
6037403722,43
6037403801,46
6037403802,46
6037403901,48
6037403902,50
6037404000,57
6037404100,77
6037404201,80
6037404202,105
6037404301,107
6037404302,149
6037404401,20
6037404402,36
6037404501,40
6037404503,45
6037404504,49
6037404600,50
6037404701,53
6037404702,56
6037404703,58
6037404801,63
6037404802,77
6037404803,79
6037404901,124
6037404902,3
6037404903,19
6037405001,22
6037405002,25
6037405101,37
6037405102,43
6037405201,45
6037405202,58
6037405203,72
6037405301,73
6037405302,80
6037405400,88
6037405500,89
6037405600,90
6037405701,126
6037405702,149
6037405800,13
6037405900,43
6037406000,45
6037406101,46
6037406102,48
6037406200,50
6037406300,54
6037406402,79
6037406411,90
6037406412,91
6037406500,92
6037406601,103
6037406602,13
6037406701,29
6037406702,36
6037406800,37
6037406901,45
6037406902,45
6037407001,55
6037407002,60
6037407101,92
6037407102,136
6037407200,20
6037407301,20
6037407302,25
6037407400,47
6037407501,62
6037407502,65
6037407601,75
6037407602,83
6037407701,84
6037407702,91
6037407801,12
6037407802,25
6037407900,37
6037408003,41
6037408004,45
6037408005,56
6037408006,64
6037408133,73
6037408134,108
6037408135,12
6037408136,16
6037408137,22
6037408138,22
6037408139,24
6037408140,30
6037408141,34
6037408202,38
6037408211,38
6037408212,49
6037408301,49
6037408302,64
6037408303,73
6037408401,91
6037408402,110
6037408501,126
6037408503,22
6037408504,23
6037408505,25
6037408623,29
6037408624,42
6037408625,44
6037408626,46
6037408627,53
6037408628,57
6037408629,92
6037408630,104
6037408631,136
6037408703,6
6037408704,11
6037408705,17
6037408706,23
6037408722,26
6037408723,43
6037408724,43
6037408800,46
6037430002,50
6037430003,61
6037430101,68
6037430102,80
6037430200,33
6037430301,35
6037430302,37
6037430400,42
6037430501,47
6037430502,51
6037430600,53
6037430701,57
6037430721,60
6037430723,7
6037430724,19
6037430801,27
6037430802,30
6037430803,30
6037430901,30
6037430902,33
6037431001,58
6037431002,61
6037431100,64
6037431200,73
6037431300,81
6037431400,86
6037431501,105
6037431502,109
6037431600,12
6037431700,26
6037431800,35
6037431900,40
6037432000,50
6037432101,57
6037432102,84
6037432201,94
6037432202,12
6037432300,27
6037432401,33
6037432402,57
6037432500,57
6037432601,64
6037432602,71
6037432700,85
6037432801,114
6037432802,122
6037432901,135
6037432902,24
6037433101,27
6037433102,31
6037433200,38
6037433302,61
6037433304,80
6037433305,123
6037433306,8
6037433307,12
6037433401,22
6037433402,26
6037433403,28
6037433501,37
6037433503,41
6037433504,52
6037433601,60
6037433602,76
6037433700,86
6037433801,96
6037433802,108
6037433901,29
6037433902,37
6037434001,51
6037434003,62
6037434004,88
6037460000,12
6037460100,20
6037460200,42
6037460301,45
6037460302,24
6037460401,35
6037460501,48
6037460502,57
6037460600,62
6037460700,66
6037460800,74
6037460900,90
6037461000,105
6037461100,12
6037461200,16
6037461300,17
6037461400,21
6037461501,28
6037461502,29
6037461600,58
6037461700,94
6037461901,99
6037461902,108
6037462001,155
6037462002,17
6037462100,40
6037462201,49
6037462202,50
6037462301,56
6037462302,61
6037462400,7
6037462500,12
6037462600,20
6037462700,29
6037462800,47
6037462900,59
6037463000,62
6037463101,62
6037463102,76
6037463200,86
6037463300,22
6037463400,23
6037463500,28
6037463601,33
6037463602,49
6037463700,50
6037463800,50
6037463900,60
6037464000,80
6037464100,12
6037464200,26
6037480002,27
6037480011,54
6037480012,55
6037480101,71
6037480102,100
6037480201,129
6037480202,32
6037480302,46
6037480303,52
6037480304,53
6037480400,84
6037480500,91
6037480600,97
6037480702,120
6037480703,12
6037480704,15
6037480802,15
6037480803,20
6037480804,27
6037480901,45
6037480902,49
6037480903,52
6037481001,55
6037481002,58
6037481101,60
6037481102,79
6037481103,15
6037481201,18
6037481202,26
6037481300,66
6037481401,66
6037481402,85
6037481500,12
6037481603,37
6037481604,43
6037481605,49
6037481606,50
6037481711,54
6037481712,71
6037481713,76
6037481714,77
6037481800,80
6037481901,111
6037481902,114
6037482001,27
6037482002,27
6037482101,28
6037482102,44
6037482201,56
6037482202,61
6037482301,77
6037482303,96
6037482304,6
6037482401,24
6037482402,24
6037482502,61
6037482503,64
6037482521,65
6037482522,79
6037482600,122
6037482701,9
6037482702,12
6037482800,20
6037500100,26
6037500201,26
6037500202,41
6037500300,42
6037500402,66
6037500403,77
6037500404,77
6037500500,95
6037500600,12
6037500700,24
6037500800,40
6037500900,54
6037501001,84
6037501002,115
6037501200,117
6037501300,16
6037501400,41
6037501501,44
6037501503,55
6037501504,55
6037501600,60
6037501700,84
6037501802,137
6037501803,14
6037501804,20
6037501900,23
6037502003,24
6037502004,26
6037502005,29
6037502100,44
6037502200,46
6037502301,50
6037502302,54
6037502401,63
6037502402,81
6037502500,107
6037502601,28
6037502602,31
6037502700,53
6037502801,53
6037502802,55
6037502901,57
6037502902,59
6037503000,63
6037503103,65
6037503104,79
6037503105,90
6037503106,40
6037503201,43
6037503202,56
6037503301,61
6037503302,65
6037503401,65
6037503402,94
6037503501,22
6037503502,25
6037503601,38
6037503602,57
6037503701,61
6037503702,77
6037503703,92
6037503801,96
6037503802,103
6037503901,43
6037503902,60
6037504001,65
6037504002,105
6037504101,7
6037504102,13
6037530003,24
6037530004,42
6037530005,45
6037530006,55
6037530101,67
6037530102,145
6037530202,23
6037530203,28
6037530204,40
6037530301,47
6037530302,48
6037530400,52
6037530500,61
6037530601,91
6037530602,12
6037530700,12
6037530801,16
6037530802,26
6037530901,29
6037530902,31
6037531000,43
6037531101,50
6037531102,58
6037531201,100
6037531202,117
6037531301,18
6037531302,40
6037531502,50
6037531503,52
6037531504,72
6037531602,77
6037531603,77
6037531604,78
6037531701,80
6037531702,92
6037531800,12
6037531901,45
6037531902,55
6037532001,61
6037532002,65
6037532101,75
6037532102,78
6037532200,105
6037532302,149
6037532303,56
6037532304,63
6037532400,66
6037532500,80
6037532603,84
6037532604,87
6037532605,17
6037532606,21
6037532700,26
6037532800,27
6037532900,38
6037533001,42
6037533002,47
6037533103,51
6037533104,54
6037533105,59
6037533106,77
6037533107,117
6037533201,132
6037533202,47
6037533203,54
6037533300,63
6037533401,66
6037533402,79
6037533403,83
6037533501,87
6037533502,96
6037533503,103
6037533601,12
6037533602,40
6037533603,48
6037533701,60
6037533702,60
6037533703,68
6037533803,83
6037533804,95
6037533805,101
6037533806,25
6037533901,25
6037533902,44
6037534001,48
6037534002,53
6037534101,55
6037534102,55
6037534201,65
6037534202,79
6037534203,87
6037534301,88
6037534302,93
6037534403,12
6037534404,59
6037534405,63
6037534406,100
6037534501,122
6037534502,22
6037534700,38
6037534802,43
6037534803,55
6037534804,60
6037534900,92
6037535001,100
6037535002,16
6037535101,46
6037535102,49
6037535200,51
6037535300,58
6037535400,62
6037535501,74
6037535502,81
6037535503,102
6037535603,138
6037535604,141
6037535605,26
6037535606,37
6037535607,75
6037535701,77
6037535702,99
6037535802,102
6037535803,122
6037535804,27
6037535901,46
6037535902,51
6037536000,52
6037536102,56
6037536103,57
6037536104,75
6037536200,87
6037540000,40
6037540101,45
6037540102,50
6037540201,58
6037540202,79
6037540203,85
6037540300,119
6037540400,123
6037540501,17
6037540502,51
6037540600,52
6037540700,40
6037540800,52
6037540901,58
6037540902,62
6037541001,64
6037541002,93
6037541100,96
6037541200,98
6037541300,48
6037541400,50
6037541500,50
6037541603,44
6037541604,72
6037541605,91
6037541606,96
6037541700,12
6037541801,22
6037541802,47
6037542000,61
6037542103,77
6037542104,79
6037542105,88
6037542106,20
6037542200,23
6037542401,25
6037542402,57
6037542501,12
6037542502,22
6037542601,30
6037542602,46
6037542700,55
6037542800,59
6037542900,61
6037543000,66
6037543100,76
6037543201,90
6037543202,113
6037543304,135
6037543305,14
6037543306,59
6037543321,65
6037543322,95
6037543400,23
6037543501,51
6037543502,75
6037543503,6
6037543601,24
6037543602,27
6037543603,35
6037543604,61
6037543701,64
6037543702,74
6037543703,77
6037543801,118
6037543802,20
6037543903,46
6037543905,56
6037544001,57
6037544002,57
6037550000,65
6037550100,75
6037550201,12
6037550202,13
6037550300,14
6037550400,22
6037550500,51
6037550601,59
6037550602,68
6037550700,142
6037550800,25
6037550901,40
6037550902,40
6037551000,55
6037551101,84
6037551102,131
6037551201,12
6037551202,12
6037551300,23
6037551401,31
6037551402,40
6037551501,41
6037551502,52
6037551600,25
6037551700,61
6037551800,91
6037551900,92
6037552001,141
6037552002,72
6037552100,85
6037552200,90
6037552301,99
6037552302,12
6037552400,40
6037552601,51
6037552602,51
6037552700,66
6037552800,77
6037552900,82
6037553000,87
6037553100,12
6037553200,41
6037553300,44
6037553400,56
6037553502,57
6037553503,60
6037553504,61
6037553601,75
6037553602,82
6037553701,15
6037553702,41
6037553801,53
6037553802,54
6037553901,59
6037553902,65
6037554001,144
6037554002,13
6037554101,22
6037554103,24
6037554104,49
6037554105,54
6037554201,57
6037554203,58
6037554204,64
6037554301,12
6037554302,12
6037554403,26
6037554404,34
6037554405,43
6037554406,50
6037554511,53
6037554512,65
6037554513,86
6037554514,113
6037554515,51
6037554516,76
6037554517,76
6037554518,87
6037554519,91
6037554521,107
6037554522,125
6037554600,151
6037554700,80
6037554801,88
6037554802,88
6037554900,113
6037555001,135
6037555002,13
6037555102,43
6037555103,53
6037555104,60
6037555202,104
6037555211,143
6037555212,52
6037570001,53
6037570002,63
6037570003,88
6037570100,45
6037570202,45
6037570203,46
6037570204,50
6037570301,64
6037570303,81
6037570304,106
6037570402,23
6037570403,47
6037570404,59
6037570501,73
6037570502,26
6037570601,65
6037570602,25
6037570603,50
6037570701,81
6037570702,126
6037570800,7
6037570901,12
6037570902,17
6037571000,23
6037571101,34
6037571102,38
6037571200,52
6037571300,77
6037571400,46
6037571502,56
6037571503,66
6037571504,88
6037571600,123
6037571701,23
6037571703,49
6037571704,80
6037571800,84
6037571900,100
6037572001,129
6037572002,29
6037572100,52
6037572201,54
6037572202,61
6037572301,124
6037572302,12
6037572400,25
6037572500,47
6037572600,60
6037572700,83
6037572800,87
6037572900,92
6037573002,7
6037573003,28
6037573004,40
6037573100,51
6037573201,51
6037573202,51
6037573300,75
6037573401,87
6037573402,20
6037573403,26
6037573601,58
6037573700,81
6037573800,115
6037573902,46
6037574000,48
6037574100,53
6037574201,57
6037574202,82
6037574300,93
6037574400,96
6037574500,98
6037574601,104
6037574602,51
6037574700,71
6037574800,12
6037574901,12
6037574902,41
6037575001,59
6037575002,83
6037575101,101
6037575102,105
6037575103,54
6037575201,64
6037575202,71
6037575300,97
6037575401,59
6037575402,61
6037575500,76
6037575801,83
6037575802,88
6037575803,47
6037575901,66
6037575902,124
6037576001,22
6037576200,52
6037576301,63
6037576302,53
6037576401,57
6037576402,57
6037576403,92
6037576501,47
6037576502,94
6037576503,99
6037576601,54
6037576602,73
6037576700,90
6037576801,112
6037576802,77
6037576901,79
6037576903,80
6037576904,26
6037577000,27
6037577100,48
6037577200,61
6037577300,75
6037577400,131
6037577501,50
6037577504,58
6037577602,92
6037577603,105
6037577604,14
6037599000,82
6037599100,95
6037600100,95
6037600201,8
6037600202,23
6037600302,26
6037600303,50
6037600304,53
6037600400,91
6037600501,13
6037600502,25
6037600601,27
6037600602,40
6037600702,41
6037600703,51
6037600704,54
6037600801,63
6037600802,99
6037600902,13
6037600911,14
6037600912,15
6037601001,51
6037601002,54
6037601100,55
6037601202,65
6037601211,80
6037601212,84
6037601301,93
6037601302,48
6037601303,64
6037601401,66
6037601402,79
6037601501,115
6037601502,46
6037601600,46
6037601700,56
6037601801,56
6037601802,82
6037601900,86
6037602002,88
6037602003,95
6037602004,110
6037602103,111
6037602104,20
6037602105,78
6037602106,93
6037602200,14
6037602301,24
6037602302,46
6037602402,96
6037602403,14
6037602404,19
6037602504,55
6037602505,106
6037602506,107
6037602507,12
6037602508,55
6037602509,45
6037602600,48
6037602700,50
6037602801,57
6037602802,94
6037602900,153
6037603001,81
6037603004,112
6037603005,51
6037603006,52
6037603101,60
6037603102,82
6037603200,82
6037603301,43
6037603302,46
6037603400,54
6037603500,81
6037603600,59
6037603702,61
6037603703,80
6037603704,83
6037603801,85
6037603802,90
6037603900,96
6037604001,97
6037604002,113
6037604100,65
6037609900,66
6037620001,155
6037620002,57
6037620101,111
6037620102,37
6037620201,50
6037620301,55
6037620303,77
6037620305,92
6037620400,100
6037620501,143
6037620521,41
6037620522,92
6037620601,25
6037620602,41
6037620701,49
6037620702,86
6037620800,125
6037620901,48
6037620904,52
6037621001,57
6037621002,77
6037621004,109
6037621102,54
6037621104,59
6037621201,80
6037621204,124
6037621301,61
6037621324,51
6037621326,94
6037621400,57
6037650001,25
6037650003,52
6037650004,61
6037650101,51
6037650102,80
6037650200,24
6037650300,56
6037650401,86
6037650501,113
6037650502,12
6037650602,54
6037650603,98
6037650604,100
6037650605,51
6037650701,56
6037650702,64
6037650800,64
6037650901,27
6037650902,93
6037651001,75
6037651002,41
6037651101,47
6037651102,57
6037651201,93
6037651221,98
6037651222,43
6037651302,53
6037651304,66
6037651401,6
6037651402,64
6037670001,83
6037670002,136
6037670003,8
6037670100,46
6037670201,66
6037670202,77
6037670324,82
6037670326,143
6037670328,14
6037670403,92
6037670405,99
6037670406,131
6037670407,47
6037670411,90
6037670413,133
6037670416,48
6037670500,53
6037670602,23
6037670701,43
6037670702,53
6037700101,65
6037700102,81
6037700200,128
6037700300,23
6037700400,51
6037700501,14
6037700502,8
6037700600,12
6037700700,40
6037700801,76
6037700802,76
6037700901,86
6037700902,99
6037701000,138
6037701100,61
6037701201,83
6037701202,113
6037701302,63
6037701304,79
6037701402,87
6037701501,74
6037701502,150
6037701601,55
6037701602,74
6037701701,79
6037701702,46
6037701801,105
6037701802,123
6037701902,147
6037702002,97
6037702102,48
6037702201,92
6037702202,95
6037702300,133
6037702400,25
6037702501,43
6037702502,66
6037702600,93
6037702700,99
6037702801,108
6037702802,12
6037702803,52
6037702901,60
6037703001,102
6037703002,112
6037703100,50
6037703200,51
6037800101,80
6037800102,81
6037800202,86
6037800203,142
6037800204,63
6037800324,99
6037800325,12
6037800326,19
6037800327,46
6037800328,79
6037800329,88
6037800330,92
6037800331,108
6037800332,125
6037800406,53
6037800408,65
6037800410,86
6037800504,144
6037800506,87
6037900102,51
6037900103,83
6037900104,96
6037900201,54
6037900300,100
6037900501,99
6037900504,107
6037900505,94
6037900506,119
6037900507,12
6037900508,59
6037900602,48
6037900605,82
6037900606,87
6037900607,104
6037900608,57
6037900609,65
6037900701,118
6037900703,53
6037900704,98
6037900705,61
6037900803,99
6037900804,108
6037900805,66
6037900806,86
6037900900,8
6037901003,61
6037901004,85
6037901007,75
6037901008,146
6037901009,66
6037901010,83
6037901011,126
6037901101,129
6037901102,94
6037901205,97
6037901209,96
6037901210,8
6037901213,47
6037910001,96
6037910002,125
6037910101,97
6037910201,52
6037910202,129
6037910205,27
6037910206,50
6037910207,51
6037910208,65
6037910209,50
6037910210,72
6037910301,81
6037910302,65
6037910401,51
6037910402,114
6037910403,79
6037910404,97
6037910501,48
6037910502,96
6037910504,56
6037910505,74
6037910601,84
6037910602,95
6037910603,127
6037910605,48
6037910606,97
6037910705,50
6037910706,58
6037910707,143
6037910709,41
6037910711,50
6037910712,97
6037910713,84
6037910714,140
6037910715,26
6037910716,93
6037910804,12
6037910805,59
6037910807,113
6037910808,46
6037910809,51
6037910810,116
6037910811,33
6037910812,64
6037910813,96
6037911001,26
6037920011,57
6037920012,83
6037920013,98
6037920015,83
6037920016,87
6037920017,150
6037920018,61
6037920020,98
6037920023,97
6037920026,50
6037920028,65
6037920029,97
6037920030,119
6037920031,49
6037920032,94
6037920033,64
6037920034,114
6037920035,113
6037920036,81
6037920037,48
6037920038,25
6037920039,83
6037920040,102
6037920041,54
6037920042,120
6037920043,116
6037920044,50
6037920045,96
6037920102,99
6037920104,82
6037920106,110
6037920107,41
6037920108,48
6037920109,85
6037920110,110
6037920111,110
6037920112,116
6037920114,97
6037920115,113
6037920116,66
6037920118,110
6037920119,125
6037920200,86
6037920303,12
6037920312,59
6037920313,126
6037920314,74
6037920322,48
6037920326,56
6037920328,105
6037920329,117
6037920330,77
6037920331,87
6037920332,75
6037920334,53
6037920336,123
6037920337,43
6037920338,46
6037920339,51
6037930101,115
6037930200,81
6037930301,75
6037980001,25
6037980002,119
6037980003,116
6037980004,51
6037980005,106
6037980006,120
6037980007,118
6037980008,82
6037980009,84
6037980010,99
6037980013,120
6037980014,50
6037980015,94
6037980018,120
6037980019,74
6037980020,106
6037980021,106
6037980022,83
6037980023,91
6037980024,83
6037980025,101
6037980026,132
6037980028,34
6037980030,74
6037980031,99
6037980033,51
6037990100,88
6037990200,115
6037990300,117
